ctx_idx,pid,rr_ref,in_rr_intersection,Uncompressed_rr_est,Uncompressed_rr_err,Uncompressed_valid,Uncompressed_coverage_sec,Uncompressed_grid_points,Uncompressed_welch_nperseg,Uncompressed_welch_nfft,Uncompressed_riiv_riav_discrepancy,Uncompressed_feature_max_gap_sec,Uncompressed_supported_high_hz,Uncompressed_failure_reason,Uncompressed_dr_rr,DCT_1D_8x_rr_est,DCT_1D_8x_rr_err,DCT_1D_8x_valid,DCT_1D_8x_coverage_sec,DCT_1D_8x_grid_points,DCT_1D_8x_welch_nperseg,DCT_1D_8x_welch_nfft,DCT_1D_8x_riiv_riav_discrepancy,DCT_1D_8x_feature_max_gap_sec,DCT_1D_8x_supported_high_hz,DCT_1D_8x_failure_reason,DCT_1D_8x_dr_rr,DCT_1D_16x_rr_est,DCT_1D_16x_rr_err,DCT_1D_16x_valid,DCT_1D_16x_coverage_sec,DCT_1D_16x_grid_points,DCT_1D_16x_welch_nperseg,DCT_1D_16x_welch_nfft,DCT_1D_16x_riiv_riav_discrepancy,DCT_1D_16x_feature_max_gap_sec,DCT_1D_16x_supported_high_hz,DCT_1D_16x_failure_reason,DCT_1D_16x_dr_rr,Autoencoder_MSE_8x_rr_est,Autoencoder_MSE_8x_rr_err,Autoencoder_MSE_8x_valid,Autoencoder_MSE_8x_coverage_sec,Autoencoder_MSE_8x_grid_points,Autoencoder_MSE_8x_welch_nperseg,Autoencoder_MSE_8x_welch_nfft,Autoencoder_MSE_8x_riiv_riav_discrepancy,Autoencoder_MSE_8x_feature_max_gap_sec,Autoencoder_MSE_8x_supported_high_hz,Autoencoder_MSE_8x_failure_reason,Autoencoder_MSE_8x_dr_rr,Autoencoder_MSE_16x_rr_est,Autoencoder_MSE_16x_rr_err,Autoencoder_MSE_16x_valid,Autoencoder_MSE_16x_coverage_sec,Autoencoder_MSE_16x_grid_points,Autoencoder_MSE_16x_welch_nperseg,Autoencoder_MSE_16x_welch_nfft,Autoencoder_MSE_16x_riiv_riav_discrepancy,Autoencoder_MSE_16x_feature_max_gap_sec,Autoencoder_MSE_16x_supported_high_hz,Autoencoder_MSE_16x_failure_reason,Autoencoder_MSE_16x_dr_rr,De_xuat_Day_du_8x_rr_est,De_xuat_Day_du_8x_rr_err,De_xuat_Day_du_8x_valid,De_xuat_Day_du_8x_coverage_sec,De_xuat_Day_du_8x_grid_points,De_xuat_Day_du_8x_welch_nperseg,De_xuat_Day_du_8x_welch_nfft,De_xuat_Day_du_8x_riiv_riav_discrepancy,De_xuat_Day_du_8x_feature_max_gap_sec,De_xuat_Day_du_8x_supported_high_hz,De_xuat_Day_du_8x_failure_reason,De_xuat_Day_du_8x_dr_rr,De_xuat_Day_du_16x_rr_est,De_xuat_Day_du_16x_rr_err,De_xuat_Day_du_16x_valid,De_xuat_Day_du_16x_coverage_sec,De_xuat_Day_du_16x_grid_points,De_xuat_Day_du_16x_welch_nperseg,De_xuat_Day_du_16x_welch_nfft,De_xuat_Day_du_16x_riiv_riav_discrepancy,De_xuat_Day_du_16x_feature_max_gap_sec,De_xuat_Day_du_16x_supported_high_hz,De_xuat_Day_du_16x_failure_reason,De_xuat_Day_du_16x_dr_rr,Boc_tach_B_Pho_deu_8x_rr_est,Boc_tach_B_Pho_deu_8x_rr_err,Boc_tach_B_Pho_deu_8x_valid,Boc_tach_B_Pho_deu_8x_coverage_sec,Boc_tach_B_Pho_deu_8x_grid_points,Boc_tach_B_Pho_deu_8x_welch_nperseg,Boc_tach_B_Pho_deu_8x_welch_nfft,Boc_tach_B_Pho_deu_8x_riiv_riav_discrepancy,Boc_tach_B_Pho_deu_8x_feature_max_gap_sec,Boc_tach_B_Pho_deu_8x_supported_high_hz,Boc_tach_B_Pho_deu_8x_failure_reason,Boc_tach_B_Pho_deu_8x_dr_rr,Boc_tach_C_Uu_tien_HR_8x_rr_est,Boc_tach_C_Uu_tien_HR_8x_rr_err,Boc_tach_C_Uu_tien_HR_8x_valid,Boc_tach_C_Uu_tien_HR_8x_coverage_sec,Boc_tach_C_Uu_tien_HR_8x_grid_points,Boc_tach_C_Uu_tien_HR_8x_welch_nperseg,Boc_tach_C_Uu_tien_HR_8x_welch_nfft,Boc_tach_C_Uu_tien_HR_8x_riiv_riav_discrepancy,Boc_tach_C_Uu_tien_HR_8x_feature_max_gap_sec,Boc_tach_C_Uu_tien_HR_8x_supported_high_hz,Boc_tach_C_Uu_tien_HR_8x_failure_reason,Boc_tach_C_Uu_tien_HR_8x_dr_rr
0,11,13.73,0,,,0,31.420,126,64,2048,7.999,0.8359999999999999,0.598086124401914,consensus_exceeded,,,,0,31.400,126,64,2048,8.233,0.8119999999999998,0.6157635467980297,consensus_exceeded,,,,0,30.928,124,64,2048,19.552,0.863999999999999,0.5787037037037044,consensus_exceeded,,,,0,31.412,126,64,2048,8.352,0.8239999999999998,0.6067961165048544,consensus_exceeded,,,,0,31.372,126,64,2048,7.749,0.7799999999999999,0.6410256410256411,consensus_exceeded,,,,0,31.408,126,64,2048,8.830,0.9760000000000009,0.5122950819672126,consensus_exceeded,,,,0,31.368,126,64,2048,8.898,0.7799999999999999,0.6410256410256411,consensus_exceeded,,,,0,31.416,126,64,2048,8.722,0.9719999999999995,0.5144032921810702,consensus_exceeded,,,,0,31.408,126,64,2048,8.831,0.9800000000000004,0.5102040816326529,consensus_exceeded,
1,11,15.32,0,14.80,0.52,1,31.292,126,64,2048,1.388,0.9599999999999991,0.5208333333333338,,,14.86,0.47,1,31.292,126,64,2048,1.264,0.8079999999999998,0.6188118811881189,,,15.49,0.17,1,31.284,126,64,2048,0.697,0.8400000000000007,0.5952380952380947,,,14.60,0.72,1,31.288,126,64,2048,1.775,0.8160000000000025,0.6127450980392138,,,,,0,31.456,126,64,2048,18.305,0.8719999999999999,0.5733944954128442,consensus_exceeded,,14.60,0.72,1,31.292,126,64,2048,1.774,0.8079999999999998,0.6188118811881189,,,,,0,31.456,126,64,2048,19.332,0.8639999999999999,0.5787037037037038,consensus_exceeded,,14.90,0.43,1,31.292,126,64,2048,1.189,0.952,0.5252100840336135,,,14.86,0.46,1,31.292,126,64,2048,1.254,0.9600000000000009,0.5208333333333329,,
2,11,15.94,0,,,0,31.540,127,64,2048,7.263,0.7560000000000002,0.6613756613756612,consensus_exceeded,,,,0,31.532,127,64,2048,7.256,0.759999999999998,0.657894736842107,consensus_exceeded,,,,0,30.884,124,64,2048,7.192,1.0039999999999978,0.49800796812749115,consensus_exceeded,,,,0,31.540,127,64,2048,7.259,0.7520000000000024,0.6648936170212745,consensus_exceeded,,,,0,30.792,124,64,2048,7.287,0.7679999999999971,0.6510416666666691,consensus_exceeded,,,,0,31.540,127,64,2048,7.255,0.7560000000000002,0.6613756613756612,consensus_exceeded,,,,0,30.876,124,64,2048,7.340,0.7680000000000007,0.6510416666666661,consensus_exceeded,,,,0,31.536,127,64,2048,7.266,0.7520000000000024,0.6648936170212745,consensus_exceeded,,,,0,31.532,127,64,2048,7.259,0.7560000000000002,0.6613756613756612,consensus_exceeded,
3,11,13.42,0,,,0,30.332,122,64,2048,6.057,0.8439999999999999,0.5924170616113745,consensus_exceeded,,,,0,30.336,122,64,2048,5.992,0.8439999999999999,0.5924170616113745,consensus_exceeded,,10.77,2.65,1,31.012,125,64,2048,0.841,0.8399999999999999,0.5952380952380953,,,,,0,30.336,122,64,2048,6.447,0.8519999999999999,0.5868544600938969,consensus_exceeded,,,,0,30.376,122,64,2048,3.779,0.9000000000000004,0.5555555555555554,consensus_exceeded,,,,0,30.340,122,64,2048,6.370,0.8519999999999999,0.5868544600938969,consensus_exceeded,,,,0,30.384,122,64,2048,5.884,0.8599999999999994,0.5813953488372097,consensus_exceeded,,,,0,30.340,122,64,2048,6.374,0.8479999999999999,0.5896226415094341,consensus_exceeded,,,,0,30.812,124,64,2048,6.400,0.8519999999999999,0.5868544600938969,consensus_exceeded,
4,11,14.53,0,,,0,31.108,125,64,2048,9.235,0.9320000000000004,0.5364806866952787,consensus_exceeded,,,,0,31.112,125,64,2048,9.226,0.8199999999999985,0.6097560975609767,consensus_exceeded,,,,0,31.124,125,64,2048,9.244,0.8399999999999999,0.5952380952380953,consensus_exceeded,,,,0,31.108,125,64,2048,9.255,0.8480000000000025,0.5896226415094322,consensus_exceeded,,,,0,31.120,125,64,2048,9.328,0.7439999999999998,0.6720430107526884,consensus_exceeded,,,,0,31.112,125,64,2048,9.256,0.8480000000000025,0.5896226415094322,consensus_exceeded,,,,0,31.116,125,64,2048,9.355,0.879999999999999,0.5681818181818188,consensus_exceeded,,,,0,31.112,125,64,2048,9.227,0.927999999999999,0.5387931034482765,consensus_exceeded,,,,0,31.108,125,64,2048,9.228,0.927999999999999,0.5387931034482765,consensus_exceeded,
5,11,15.54,0,,,0,31.432,126,64,2048,8.897,0.804000000000002,0.62189054726368,consensus_exceeded,,,,0,31.432,126,64,2048,8.900,0.8079999999999998,0.6188118811881189,consensus_exceeded,,,,0,31.116,125,64,2048,7.052,0.8880000000000017,0.563063063063062,consensus_exceeded,,,,0,31.432,126,64,2048,8.872,0.804000000000002,0.62189054726368,consensus_exceeded,,,,0,31.420,126,64,2048,8.792,0.6720000000000006,0.7,consensus_exceeded,,,,0,31.432,126,64,2048,8.886,0.8079999999999998,0.6188118811881189,consensus_exceeded,,,,0,31.428,126,64,2048,8.852,0.7319999999999993,0.6830601092896181,consensus_exceeded,,,,0,31.428,126,64,2048,8.891,0.8079999999999998,0.6188118811881189,consensus_exceeded,,,,0,31.432,126,64,2048,8.890,0.8079999999999998,0.6188118811881189,consensus_exceeded,
6,11,13.55,0,,,0,31.060,125,64,2048,6.830,0.6679999999999993,0.7,consensus_exceeded,,,,0,31.060,125,64,2048,6.800,0.6800000000000002,0.7,consensus_exceeded,,,,0,31.240,125,64,2048,7.078,0.9240000000000013,0.5411255411255403,consensus_exceeded,,,,0,31.060,125,64,2048,6.808,0.9240000000000004,0.5411255411255409,consensus_exceeded,,,,0,31.076,125,64,2048,6.967,0.9400000000000004,0.531914893617021,consensus_exceeded,,,,0,31.056,125,64,2048,6.799,0.9360000000000004,0.534188034188034,consensus_exceeded,,,,0,31.072,125,64,2048,7.007,0.7040000000000006,0.7,consensus_exceeded,,,,0,31.060,125,64,2048,6.824,0.9360000000000004,0.534188034188034,consensus_exceeded,,,,0,31.064,125,64,2048,6.824,0.9400000000000004,0.531914893617021,consensus_exceeded,
7,11,14.81,0,,,0,31.184,125,64,2048,8.632,0.684000000000001,0.7,consensus_exceeded,,,,0,31.184,125,64,2048,8.619,0.6840000000000002,0.7,consensus_exceeded,,16.00,1.19,1,31.176,125,64,2048,1.789,0.7080000000000002,0.7,,,,,0,31.184,125,64,2048,8.619,0.711999999999998,0.7,consensus_exceeded,,,,0,31.156,125,64,2048,8.592,0.8000000000000007,0.6249999999999994,consensus_exceeded,,,,0,31.192,125,64,2048,8.614,0.7039999999999988,0.7,consensus_exceeded,,,,0,31.152,125,64,2048,8.522,0.8120000000000012,0.6157635467980287,consensus_exceeded,,,,0,31.188,125,64,2048,8.626,0.6919999999999984,0.7,consensus_exceeded,,,,0,31.180,125,64,2048,8.624,0.6840000000000002,0.7,consensus_exceeded,
8,11,14.47,0,12.69,1.78,1,31.108,125,64,2048,2.708,0.7199999999999989,0.6944444444444455,,,,,0,30.772,124,64,2048,8.035,0.7199999999999989,0.6944444444444455,consensus_exceeded,,15.28,0.81,1,31.100,125,64,2048,2.655,0.7200000000000024,0.6944444444444421,,,12.83,1.63,1,31.100,125,64,2048,2.488,0.7159999999999993,0.6983240223463694,,,,,0,31.044,125,64,2048,7.768,0.7479999999999976,0.6684491978609648,consensus_exceeded,,,,0,30.764,124,64,2048,8.042,0.7159999999999993,0.6983240223463694,consensus_exceeded,,,,0,31.044,125,64,2048,6.161,0.7079999999999984,0.7,consensus_exceeded,,12.70,1.76,1,30.768,124,64,2048,2.882,0.7159999999999993,0.6983240223463694,,,12.69,1.78,1,30.764,124,64,2048,2.880,0.7159999999999993,0.6983240223463694,,
9,11,,0,,,0,31.132,125,64,2048,4.844,0.9039999999999999,0.5530973451327434,consensus_exceeded,,,,0,31.136,125,64,2048,4.844,0.8079999999999998,0.6188118811881189,consensus_exceeded,,,,0,31.380,126,64,2048,3.945,0.9839999999999991,0.5081300813008135,consensus_exceeded,,,,0,31.140,125,64,2048,8.460,0.9039999999999999,0.5530973451327434,consensus_exceeded,,,,0,31.404,126,64,2048,5.596,0.7880000000000003,0.6345177664974617,consensus_exceeded,,,,0,31.148,125,64,2048,8.446,0.911999999999999,0.5482456140350883,consensus_exceeded,,,,0,31.104,125,64,2048,5.041,0.736,0.6793478260869565,consensus_exceeded,,,,0,31.144,125,64,2048,8.349,0.9039999999999999,0.5530973451327434,consensus_exceeded,,,,0,31.144,125,64,2048,8.621,0.8959999999999999,0.5580357142857143,consensus_exceeded,
10,11,18.31,1,9.90,8.41,1,31.264,126,64,2048,0.731,0.968,0.5165289256198348,,0.00,9.98,8.32,1,31.248,125,64,2048,0.601,0.847999999999999,0.5896226415094347,,0.09,9.74,8.57,1,30.828,124,64,2048,0.754,0.9440000000000026,0.529661016949151,,0.16,10.00,8.31,1,31.252,126,64,2048,0.439,0.9600000000000009,0.5208333333333329,,0.10,9.68,8.62,1,30.832,124,64,2048,0.122,0.8800000000000008,0.5681818181818177,,0.21,10.00,8.31,1,31.252,126,64,2048,0.542,0.9639999999999986,0.5186721991701252,,0.10,10.00,8.30,1,30.808,124,64,2048,0.216,0.8240000000000016,0.6067961165048532,,0.11,9.99,8.32,1,31.252,126,64,2048,0.445,0.968,0.5165289256198348,,0.09,10.01,8.30,1,31.252,126,64,2048,0.509,0.968,0.5165289256198348,,0.11
11,11,14.67,0,13.51,1.15,1,31.492,126,64,2048,2.191,0.7199999999999989,0.6944444444444455,,,13.52,1.15,1,31.476,126,64,2048,2.195,0.788,0.6345177664974619,,,,,0,31.108,125,64,2048,8.920,0.9879999999999995,0.5060728744939273,consensus_exceeded,,13.51,1.16,1,31.484,126,64,2048,2.207,0.7240000000000002,0.6906077348066296,,,13.03,1.64,1,31.336,126,64,2048,2.798,0.7880000000000003,0.6345177664974617,,,13.50,1.16,1,31.480,126,64,2048,2.220,0.727999999999998,0.6868131868131887,,,13.21,1.46,1,31.340,126,64,2048,2.632,0.6999999999999993,0.7,,,13.50,1.17,1,31.488,126,64,2048,2.220,0.727999999999998,0.6868131868131887,,,13.51,1.15,1,31.488,126,64,2048,2.209,0.7240000000000002,0.6906077348066296,,
12,11,13.88,0,,,0,30.792,124,64,2048,7.622,0.8359999999999985,0.5980861244019149,consensus_exceeded,,,,0,31.232,125,64,2048,7.547,0.9559999999999995,0.5230125523012555,consensus_exceeded,,,,0,30.924,124,64,2048,5.365,0.8719999999999999,0.5733944954128442,consensus_exceeded,,,,0,31.228,125,64,2048,7.506,0.9559999999999995,0.5230125523012555,consensus_exceeded,,,,0,30.864,124,64,2048,7.216,0.7439999999999998,0.6720430107526884,consensus_exceeded,,,,0,31.224,125,64,2048,7.551,0.9559999999999995,0.5230125523012555,consensus_exceeded,,,,0,30.832,124,64,2048,3.613,0.7400000000000002,0.6756756756756754,consensus_exceeded,,,,0,31.228,125,64,2048,7.536,0.9559999999999995,0.5230125523012555,consensus_exceeded,,,,0,31.232,125,64,2048,7.545,0.9600000000000009,0.5208333333333329,consensus_exceeded,
13,11,13.81,0,9.42,4.39,1,30.696,123,64,2048,0.114,0.8399999999999999,0.5952380952380953,,,9.44,4.37,1,30.696,123,64,2048,0.122,0.8440000000000012,0.5924170616113735,,,,,0,30.696,123,64,2048,3.935,0.952,0.5252100840336135,consensus_exceeded,,9.76,4.05,1,30.700,123,64,2048,1.213,0.8840000000000003,0.5656108597285066,,,11.52,2.30,1,30.692,123,64,2048,2.263,0.8960000000000001,0.5580357142857142,,,9.50,4.31,1,30.696,123,64,2048,0.059,0.8399999999999999,0.5952380952380953,,,11.48,2.34,1,30.696,123,64,2048,1.724,0.8800000000000001,0.5681818181818181,,,9.45,4.36,1,30.700,123,64,2048,0.059,0.8359999999999985,0.5980861244019149,,,9.57,4.24,1,30.696,123,64,2048,0.116,0.8359999999999985,0.5980861244019149,,
14,12,17.87,0,,,0,30.924,124,64,2048,11.476,0.7199999999999989,0.6944444444444455,consensus_exceeded,,,,0,30.964,124,64,2048,11.481,0.7240000000000002,0.6906077348066296,consensus_exceeded,,17.69,0.18,1,31.196,125,64,2048,0.422,1.0199999999999996,0.49019607843137275,,,,,0,30.964,124,64,2048,11.464,0.7159999999999975,0.6983240223463711,consensus_exceeded,,,,0,30.956,124,64,2048,11.401,0.6879999999999988,0.7,consensus_exceeded,,,,0,30.964,124,64,2048,11.467,0.7119999999999997,0.7,consensus_exceeded,,17.69,0.18,1,31.272,126,64,2048,0.265,0.6920000000000002,0.7,,,,,0,30.968,124,64,2048,11.465,0.7160000000000011,0.6983240223463677,consensus_exceeded,,,,0,30.964,124,64,2048,11.502,0.7160000000000011,0.6983240223463677,consensus_exceeded,
15,12,19.05,0,,,0,30.880,124,64,2048,11.833,0.7319999999999993,0.6830601092896181,consensus_exceeded,,,,0,31.168,125,64,2048,11.956,0.7280000000000015,0.6868131868131854,consensus_exceeded,,,,0,30.884,124,64,2048,11.428,0.684000000000001,0.7,consensus_exceeded,,,,0,30.880,124,64,2048,11.567,0.727999999999998,0.6868131868131887,consensus_exceeded,,,,0,31.216,125,64,2048,11.765,0.6920000000000002,0.7,consensus_exceeded,,,,0,30.888,124,64,2048,11.865,0.7240000000000002,0.6906077348066296,consensus_exceeded,,,,0,31.220,125,64,2048,11.381,0.6960000000000015,0.7,consensus_exceeded,,,,0,30.888,124,64,2048,12.001,0.7320000000000029,0.6830601092896148,consensus_exceeded,,,,0,30.880,124,64,2048,12.012,0.7160000000000011,0.6983240223463677,consensus_exceeded,
16,12,18.60,0,,,0,31.284,126,64,2048,12.708,0.7240000000000002,0.6906077348066296,consensus_exceeded,,,,0,31.248,125,64,2048,12.738,0.7240000000000002,0.6906077348066296,consensus_exceeded,,18.64,0.04,1,31.252,126,64,2048,0.543,0.7279999999999998,0.686813186813187,,,,,0,31.240,125,64,2048,12.729,0.7199999999999989,0.6944444444444455,consensus_exceeded,,18.93,0.33,1,31.252,126,64,2048,0.155,0.6879999999999988,0.7,,,,,0,31.240,125,64,2048,12.727,0.7199999999999989,0.6944444444444455,consensus_exceeded,,18.92,0.32,1,31.248,125,64,2048,0.098,0.684000000000001,0.7,,,,,0,31.240,125,64,2048,12.758,0.727999999999998,0.6868131868131887,consensus_exceeded,,,,0,31.244,125,64,2048,12.768,0.7240000000000002,0.6906077348066296,consensus_exceeded,
17,12,18.42,1,16.72,1.70,1,31.548,127,64,2048,2.578,0.708,0.7,,0.00,17.05,1.37,1,31.496,126,64,2048,1.918,0.7160000000000002,0.6983240223463685,,0.33,17.80,0.62,1,30.852,124,64,2048,0.597,0.7520000000000024,0.6648936170212745,,1.07,16.82,1.60,1,31.548,127,64,2048,2.384,0.716,0.6983240223463687,,0.10,17.68,0.74,1,31.492,126,64,2048,0.822,0.6920000000000002,0.7,,0.95,16.76,1.66,1,31.536,127,64,2048,2.531,0.704,0.7,,0.04,17.53,0.89,1,31.492,126,64,2048,1.042,0.6799999999999997,0.7,,0.80,16.58,1.84,1,31.552,127,64,2048,2.885,0.72,0.6944444444444444,,0.15,16.80,1.62,1,31.540,127,64,2048,2.427,0.708,0.7,,0.08
18,12,18.21,0,,,0,30.952,124,64,2048,11.887,0.7040000000000006,0.7,consensus_exceeded,,,,0,30.884,124,64,2048,11.874,0.7279999999999998,0.686813186813187,consensus_exceeded,,,,0,30.904,124,64,2048,11.838,0.6799999999999997,0.7,consensus_exceeded,,,,0,30.952,124,64,2048,11.883,0.7240000000000002,0.6906077348066296,consensus_exceeded,,,,0,30.884,124,64,2048,11.972,0.6959999999999997,0.7,consensus_exceeded,,,,0,30.948,124,64,2048,11.894,0.7240000000000002,0.6906077348066296,consensus_exceeded,,,,0,30.892,124,64,2048,11.927,0.6880000000000006,0.7,consensus_exceeded,,,,0,30.948,124,64,2048,11.889,0.7280000000000015,0.6868131868131854,consensus_exceeded,,,,0,30.948,124,64,2048,11.878,0.7240000000000002,0.6906077348066296,consensus_exceeded,
19,12,16.50,0,,,0,31.100,125,64,2048,10.229,0.9559999999999995,0.5230125523012555,consensus_exceeded,,,,0,31.088,125,64,2048,9.929,0.9559999999999995,0.5230125523012555,consensus_exceeded,,,,0,30.760,124,64,2048,15.403,1.056000000000001,0.47348484848484806,consensus_exceeded,,,,0,31.096,125,64,2048,10.101,0.952,0.5252100840336135,consensus_exceeded,,,,0,31.060,125,64,2048,6.192,1.2639999999999993,0.3955696202531648,consensus_exceeded,,,,0,31.088,125,64,2048,10.092,0.9440000000000008,0.529661016949152,consensus_exceeded,,7.33,9.17,1,31.052,125,64,2048,2.471,1.064,0.4699248120300752,,,,,0,31.088,125,64,2048,10.078,0.9440000000000008,0.529661016949152,consensus_exceeded,,,,0,31.084,125,64,2048,10.109,0.9320000000000004,0.5364806866952787,consensus_exceeded,
20,12,16.42,0,,,0,31.104,125,64,2048,9.441,0.9079999999999999,0.5506607929515419,consensus_exceeded,,,,0,31.120,125,64,2048,4.187,0.8439999999999994,0.5924170616113749,consensus_exceeded,,15.96,0.46,1,31.112,125,64,2048,0.279,0.8680000000000003,0.5760368663594468,,,,,0,31.112,125,64,2048,9.366,0.9039999999999999,0.5530973451327434,consensus_exceeded,,,,0,31.140,125,64,2048,7.697,0.8200000000000003,0.6097560975609754,consensus_exceeded,,,,0,31.112,125,64,2048,9.379,0.8959999999999999,0.5580357142857143,consensus_exceeded,,,,0,31.156,125,64,2048,9.203,0.8120000000000003,0.6157635467980294,consensus_exceeded,,,,0,31.108,125,64,2048,9.354,0.8999999999999999,0.5555555555555556,consensus_exceeded,,,,0,31.112,125,64,2048,15.282,0.8960000000000004,0.5580357142857141,consensus_exceeded,
21,12,19.66,0,19.23,0.43,1,30.940,124,64,2048,0.072,0.6839999999999997,0.7,,,,,0,30.944,124,64,2048,9.650,0.6799999999999997,0.7,consensus_exceeded,,19.88,0.22,1,30.976,124,64,2048,1.317,0.9319999999999986,0.5364806866952798,,,19.31,0.35,1,30.936,124,64,2048,0.255,0.6879999999999997,0.7,,,19.37,0.29,1,30.952,124,64,2048,0.265,0.6559999999999988,0.7,,,19.32,0.34,1,30.940,124,64,2048,0.268,0.6879999999999997,0.7,,,19.25,0.40,1,30.960,124,64,2048,0.083,0.6520000000000001,0.7,,,19.33,0.33,1,30.932,124,64,2048,0.280,0.6879999999999997,0.7,,,19.31,0.35,1,30.940,124,64,2048,0.241,0.6879999999999997,0.7,,
22,12,20.57,0,,,0,31.368,126,64,2048,10.704,0.6560000000000024,0.7,consensus_exceeded,,,,0,31.364,126,64,2048,10.889,0.6559999999999997,0.7,consensus_exceeded,,21.27,0.70,1,31.124,125,64,2048,0.568,0.9199999999999982,0.5434782608695663,,,,,0,31.368,126,64,2048,10.837,0.6600000000000001,0.7,consensus_exceeded,,,,0,31.356,126,64,2048,10.905,0.6479999999999997,0.7,consensus_exceeded,,,,0,31.368,126,64,2048,10.777,0.6720000000000006,0.7,consensus_exceeded,,,,0,31.372,126,64,2048,10.863,0.6359999999999992,0.7,consensus_exceeded,,,,0,31.368,126,64,2048,10.773,0.6679999999999993,0.7,consensus_exceeded,,,,0,31.368,126,64,2048,10.798,0.6640000000000015,0.7,consensus_exceeded,
23,12,20.60,1,20.74,0.13,1,31.156,125,64,2048,0.003,0.6880000000000006,0.7,,0.00,20.76,0.15,1,31.160,125,64,2048,0.055,0.6760000000000019,0.7,,0.02,20.34,0.26,1,31.184,125,64,2048,0.793,0.9400000000000013,0.5319148936170206,,0.39,20.78,0.17,1,31.160,125,64,2048,0.070,0.6760000000000019,0.7,,0.04,20.79,0.19,1,31.172,125,64,2048,0.057,0.6880000000000024,0.7,,0.05,20.79,0.18,1,31.156,125,64,2048,0.096,0.6799999999999997,0.7,,0.05,20.79,0.18,1,31.172,125,64,2048,0.116,0.7039999999999971,0.7,,0.05,20.81,0.20,1,31.156,125,64,2048,0.123,0.6759999999999984,0.7,,0.07,20.78,0.17,1,31.160,125,64,2048,0.077,0.6799999999999997,0.7,,0.04
24,12,20.69,0,,,0,30.900,124,64,2048,10.355,0.7800000000000011,0.6410256410256401,consensus_exceeded,,,,0,30.900,124,64,2048,11.293,0.7680000000000007,0.6510416666666661,consensus_exceeded,,,,0,30.912,124,64,2048,10.504,0.8480000000000008,0.5896226415094334,consensus_exceeded,,,,0,31.024,125,64,2048,11.413,0.7759999999999998,0.6443298969072166,consensus_exceeded,,,,0,31.224,125,64,2048,12.260,0.7200000000000006,0.6944444444444439,consensus_exceeded,,,,0,30.896,124,64,2048,11.326,0.7720000000000002,0.6476683937823832,consensus_exceeded,,,,0,31.212,125,64,2048,11.613,0.7160000000000011,0.6983240223463677,consensus_exceeded,,,,0,31.020,125,64,2048,11.491,0.7720000000000002,0.6476683937823832,consensus_exceeded,,,,0,31.028,125,64,2048,11.383,0.7680000000000007,0.6510416666666661,consensus_exceeded,
25,12,20.30,0,,,0,30.992,124,64,2048,14.027,0.7360000000000007,0.6793478260869559,consensus_exceeded,,,,0,30.656,123,64,2048,14.015,0.7279999999999998,0.686813186813187,consensus_exceeded,,,,0,30.624,123,64,2048,11.079,0.9719999999999978,0.5144032921810712,consensus_exceeded,,,,0,31.596,127,64,2048,14.006,0.7240000000000002,0.6906077348066296,consensus_exceeded,,,,0,30.928,124,64,2048,11.239,0.7160000000000011,0.6983240223463677,consensus_exceeded,,,,0,31.592,127,64,2048,14.005,0.7320000000000011,0.6830601092896165,consensus_exceeded,,,,0,31.584,127,64,2048,10.882,0.7160000000000011,0.6983240223463677,consensus_exceeded,,,,0,31.596,127,64,2048,14.027,0.7320000000000011,0.6830601092896165,consensus_exceeded,,,,0,31.600,127,64,2048,14.012,0.7240000000000002,0.6906077348066296,consensus_exceeded,
26,12,,0,,,0,30.828,124,64,2048,10.702,0.756,0.6613756613756614,consensus_exceeded,,,,0,30.832,124,64,2048,10.732,0.9320000000000004,0.5364806866952787,consensus_exceeded,,,,0,30.836,124,64,2048,10.889,0.8799999999999999,0.5681818181818182,consensus_exceeded,,,,0,30.832,124,64,2048,10.843,0.976,0.5122950819672131,consensus_exceeded,,,,0,30.832,124,64,2048,10.627,0.7199999999999989,0.6944444444444455,consensus_exceeded,,,,0,30.832,124,64,2048,10.826,0.976,0.5122950819672131,consensus_exceeded,,,,0,30.836,124,64,2048,10.862,0.732,0.6830601092896175,consensus_exceeded,,,,0,30.836,124,64,2048,10.805,0.9720000000000004,0.5144032921810697,consensus_exceeded,,,,0,30.832,124,64,2048,10.828,0.968,0.5165289256198348,consensus_exceeded,
27,12,18.97,0,,,0,31.228,125,64,2048,9.612,0.7839999999999989,0.6377551020408172,consensus_exceeded,,,,0,31.220,125,64,2048,9.575,0.7759999999999998,0.6443298969072166,consensus_exceeded,,,,0,31.132,125,64,2048,9.819,0.9719999999999995,0.5144032921810702,consensus_exceeded,,,,0,31.224,125,64,2048,9.591,0.7839999999999989,0.6377551020408172,consensus_exceeded,,,,0,31.216,125,64,2048,9.742,0.7560000000000002,0.6613756613756612,consensus_exceeded,,,,0,31.228,125,64,2048,9.683,0.7839999999999989,0.6377551020408172,consensus_exceeded,,,,0,31.224,125,64,2048,9.646,0.7439999999999998,0.6720430107526884,consensus_exceeded,,,,0,31.232,125,64,2048,9.684,0.7839999999999989,0.6377551020408172,consensus_exceeded,,,,0,31.220,125,64,2048,9.697,0.7799999999999976,0.641025641025643,consensus_exceeded,
28,19,,0,,,0,30.556,123,64,2048,10.127,1.2040000000000006,0.41528239202657785,consensus_exceeded,,,,0,30.552,123,64,2048,10.218,1.1920000000000002,0.4194630872483221,consensus_exceeded,,6.09,,0,30.552,123,64,2048,0.000,1.9959999999999987,0.2505010020040082,,,6.09,,0,30.960,124,64,2048,0.000,2.020000000000003,0.24752475247524713,,,,,0,30.972,124,64,2048,3.032,1.1720000000000006,0.4266211604095561,consensus_exceeded,,,,0,30.960,124,64,2048,10.350,1.251999999999999,0.3993610223642176,consensus_exceeded,,,,0,30.576,123,64,2048,9.508,1.1359999999999992,0.44014084507042284,consensus_exceeded,,,,0,30.968,124,64,2048,10.426,1.1920000000000002,0.4194630872483221,consensus_exceeded,,,,0,30.976,124,64,2048,10.349,1.251999999999999,0.3993610223642176,consensus_exceeded,
29,19,14.05,0,,,0,31.224,125,64,2048,18.024,1.2280000000000015,0.40716612377850114,consensus_exceeded,,,,0,31.224,125,64,2048,17.812,1.251999999999999,0.3993610223642176,consensus_exceeded,,,,0,31.212,125,64,2048,17.645,1.2079999999999984,0.4139072847682125,consensus_exceeded,,,,0,31.248,125,64,2048,9.857,1.2759999999999998,0.3918495297805643,consensus_exceeded,,,,0,31.160,125,64,2048,18.223,1.2159999999999975,0.41118421052631665,consensus_exceeded,,,,0,31.232,125,64,2048,9.840,1.2840000000000025,0.3894080996884728,consensus_exceeded,,,,0,31.384,126,64,2048,18.257,1.1399999999999988,0.43859649122807065,consensus_exceeded,,,,0,31.232,125,64,2048,9.812,1.2880000000000003,0.38819875776397506,consensus_exceeded,,,,0,31.216,125,64,2048,9.862,1.2199999999999989,0.4098360655737709,consensus_exceeded,
30,19,16.08,0,15.61,0.47,1,31.036,125,64,2048,0.636,0.9399999999999977,0.5319148936170226,,,15.59,0.49,1,31.024,125,64,2048,0.703,0.9319999999999986,0.5364806866952798,,,15.67,0.42,1,31.148,125,64,2048,0.583,0.8719999999999999,0.5733944954128442,,,15.48,0.60,1,31.028,125,64,2048,0.921,1.1720000000000006,0.4266211604095561,,,,,0,31.128,125,64,2048,8.230,1.1239999999999997,0.4448398576512457,consensus_exceeded,,15.53,0.55,1,31.044,125,64,2048,0.848,1.176000000000002,0.4251700680272102,,,,,0,31.084,125,64,2048,8.175,1.088,0.45955882352941174,consensus_exceeded,,15.54,0.54,1,31.044,125,64,2048,0.848,1.1799999999999997,0.4237288135593221,,,15.53,0.56,1,31.032,125,64,2048,0.872,1.1720000000000006,0.4266211604095561,,
31,19,,0,13.30,,0,31.032,125,64,2048,2.801,1.1440000000000001,0.43706293706293703,,,13.79,,0,31.016,125,64,2048,1.762,1.1479999999999997,0.4355400696864113,,,15.12,,0,30.996,124,64,2048,0.291,0.9000000000000004,0.5555555555555554,,,14.99,,0,31.028,125,64,2048,0.687,0.9519999999999982,0.5252100840336145,,,15.54,,0,31.036,125,64,2048,0.907,0.9399999999999995,0.5319148936170216,,,13.73,,0,31.024,125,64,2048,1.999,1.1880000000000006,0.4208754208754207,,,15.19,,0,31.012,125,64,2048,0.620,0.9760000000000009,0.5122950819672126,,,14.11,,0,31.036,125,64,2048,1.184,1.1920000000000002,0.4194630872483221,,,14.89,,0,31.028,125,64,2048,0.464,0.9399999999999977,0.5319148936170226,,
32,19,15.01,0,14.46,0.55,1,30.344,122,64,2048,1.325,1.1879999999999988,0.4208754208754213,,,,,0,30.328,122,64,2048,9.267,1.1600000000000001,0.43103448275862066,consensus_exceeded,,13.25,1.75,1,30.376,122,64,2048,0.847,1.2880000000000003,0.38819875776397506,,,,,0,30.328,122,64,2048,9.159,1.1559999999999988,0.4325259515570939,consensus_exceeded,,,,0,30.348,122,64,2048,10.730,1.0839999999999996,0.4612546125461256,consensus_exceeded,,,,0,30.336,122,64,2048,9.112,1.1600000000000001,0.43103448275862066,consensus_exceeded,,,,0,30.304,122,64,2048,8.922,1.3720000000000017,0.364431486880466,consensus_exceeded,,14.41,0.60,1,30.332,122,64,2048,1.205,1.1559999999999988,0.4325259515570939,,,,,0,30.328,122,64,2048,9.150,1.1599999999999966,0.43103448275862194,consensus_exceeded,
33,19,16.63,0,,,0,30.336,122,64,2048,8.341,1.2240000000000002,0.4084967320261437,consensus_exceeded,,,,0,30.328,122,64,2048,8.354,1.1960000000000015,0.4180602006688958,consensus_exceeded,,16.87,0.24,1,30.324,122,64,2048,1.355,0.8639999999999999,0.5787037037037038,,,,,0,30.328,122,64,2048,8.223,1.2039999999999988,0.41528239202657846,consensus_exceeded,,16.46,0.17,1,30.336,122,64,2048,0.478,0.8999999999999986,0.5555555555555565,,,,,0,30.328,122,64,2048,8.041,1.1999999999999993,0.4166666666666669,consensus_exceeded,,17.04,0.41,1,30.280,122,64,2048,1.482,1.2920000000000016,0.38699690402476733,,,,,0,30.324,122,64,2048,8.220,1.2039999999999988,0.41528239202657846,consensus_exceeded,,,,0,30.328,122,64,2048,8.102,1.1999999999999993,0.4166666666666669,consensus_exceeded,
34,19,15.94,0,15.73,0.21,1,30.724,123,64,2048,0.577,1.176000000000002,0.4251700680272102,,,15.74,0.20,1,30.712,123,64,2048,0.597,1.1600000000000001,0.43103448275862066,,,15.83,0.11,1,30.688,123,64,2048,0.186,0.9480000000000004,0.5274261603375525,,,15.68,0.26,1,30.712,123,64,2048,0.674,1.1799999999999997,0.4237288135593221,,,,,0,30.700,123,64,2048,9.755,1.1640000000000006,0.4295532646048108,consensus_exceeded,,15.68,0.25,1,30.712,123,64,2048,0.704,1.1759999999999984,0.42517006802721147,,,,,0,30.712,123,64,2048,9.581,1.1840000000000002,0.42229729729729726,consensus_exceeded,,15.68,0.26,1,30.720,123,64,2048,0.720,1.184000000000001,0.4222972972972969,,,,,0,30.720,123,64,2048,9.705,1.2279999999999998,0.4071661237785017,consensus_exceeded,
35,19,,0,,,0,30.928,124,64,2048,3.909,1.216000000000001,0.41118421052631543,consensus_exceeded,,,,0,30.968,124,64,2048,3.871,1.2159999999999975,0.41118421052631665,consensus_exceeded,,16.48,,0,30.916,124,64,2048,2.281,0.9280000000000008,0.5387931034482754,,,,,0,30.964,124,64,2048,3.853,1.2079999999999984,0.4139072847682125,consensus_exceeded,,17.10,,0,30.936,124,64,2048,0.919,0.9520000000000017,0.5252100840336125,,,,,0,30.984,124,64,2048,3.839,1.195999999999998,0.41806020066889704,consensus_exceeded,,,,0,30.924,124,64,2048,3.363,0.9559999999999995,0.5230125523012555,consensus_exceeded,,,,0,30.932,124,64,2048,3.826,1.2079999999999984,0.4139072847682125,consensus_exceeded,,,,0,30.904,124,64,2048,3.689,1.1960000000000015,0.4180602006688958,consensus_exceeded,
36,19,17.14,1,9.94,7.19,1,31.400,126,64,2048,1.026,1.2120000000000015,0.41254125412541204,,0.00,9.51,7.62,1,31.388,126,64,2048,0.995,1.3960000000000008,0.35816618911174763,,0.43,6.55,10.59,1,31.368,126,64,2048,0.912,2.048,0.244140625,,3.39,9.42,7.72,1,31.388,126,64,2048,0.796,1.3960000000000008,0.35816618911174763,,0.53,6.55,10.58,1,31.408,126,64,2048,0.918,2.0679999999999996,0.24177949709864607,,3.39,9.42,7.72,1,31.388,126,64,2048,0.840,1.3919999999999995,0.3591954022988507,,0.52,6.54,10.59,1,31.396,126,64,2048,0.898,2.055999999999999,0.24319066147859933,,3.40,9.40,7.74,1,31.388,126,64,2048,0.888,1.3879999999999981,0.36023054755043277,,0.54,9.62,7.51,1,31.388,126,64,2048,1.214,1.3919999999999995,0.3591954022988507,,0.32
37,19,16.33,0,,,0,31.164,125,64,2048,10.060,1.1039999999999999,0.45289855072463775,consensus_exceeded,,,,0,31.200,125,64,2048,10.130,1.1159999999999999,0.4480286738351255,consensus_exceeded,,,,0,31.196,125,64,2048,9.867,1.0839999999999996,0.4612546125461256,consensus_exceeded,,,,0,31.168,125,64,2048,10.207,1.2040000000000006,0.41528239202657785,consensus_exceeded,,,,0,31.196,125,64,2048,4.404,0.8999999999999986,0.5555555555555565,consensus_exceeded,,,,0,31.172,125,64,2048,10.637,1.1239999999999999,0.4448398576512456,consensus_exceeded,,,,0,31.192,125,64,2048,5.027,0.8840000000000003,0.5656108597285066,consensus_exceeded,,,,0,31.164,125,64,2048,10.230,1.2120000000000006,0.4125412541254123,consensus_exceeded,,,,0,31.172,125,64,2048,10.058,1.1159999999999999,0.4480286738351255,consensus_exceeded,
38,19,,0,,,0,31.032,125,64,2048,8.929,1.3440000000000012,0.3720238095238092,consensus_exceeded,,,,0,31.024,125,64,2048,7.254,1.3439999999999994,0.3720238095238097,consensus_exceeded,,,,0,31.028,125,64,2048,7.802,1.3640000000000008,0.3665689149560115,consensus_exceeded,,,,0,31.024,125,64,2048,7.328,1.3480000000000008,0.3709198813056378,consensus_exceeded,,,,0,31.016,125,64,2048,8.020,1.3320000000000007,0.3753753753753752,consensus_exceeded,,,,0,31.020,125,64,2048,7.304,1.3399999999999999,0.373134328358209,consensus_exceeded,,,,0,31.028,125,64,2048,7.841,1.3440000000000012,0.3720238095238092,consensus_exceeded,,,,0,31.024,125,64,2048,7.290,1.3320000000000007,0.3753753753753752,consensus_exceeded,,,,0,31.024,125,64,2048,7.324,1.3480000000000008,0.3709198813056378,consensus_exceeded,
39,19,16.18,1,16.21,0.04,1,31.064,125,64,2048,0.321,1.3359999999999985,0.3742514970059884,,0.00,16.04,0.14,1,30.568,123,64,2048,0.572,1.1560000000000024,0.43252595155709256,,0.18,15.94,0.23,1,30.568,123,64,2048,0.738,0.8839999999999986,0.5656108597285077,,0.27,16.25,0.07,1,31.052,125,64,2048,0.389,1.1439999999999984,0.4370629370629377,,0.03,16.23,0.05,1,30.992,124,64,2048,0.655,0.8999999999999986,0.5555555555555565,,0.01,16.24,0.07,1,31.048,125,64,2048,0.402,1.1439999999999984,0.4370629370629377,,0.03,16.17,0.01,1,31.016,125,64,2048,0.549,0.9080000000000013,0.5506607929515411,,0.05,16.05,0.12,1,30.576,123,64,2048,0.620,1.1400000000000006,0.43859649122806993,,0.16,16.06,0.12,1,30.572,123,64,2048,0.621,1.1679999999999993,0.4280821917808222,,0.16
40,19,16.52,0,,,0,30.668,123,64,2048,5.893,0.9160000000000004,0.5458515283842793,consensus_exceeded,,,,0,30.660,123,64,2048,5.940,0.9240000000000004,0.5411255411255409,consensus_exceeded,,,,0,30.636,123,64,2048,10.736,1.6359999999999992,0.3056234718826407,consensus_exceeded,,,,0,30.656,123,64,2048,6.001,0.9199999999999982,0.5434782608695663,consensus_exceeded,,,,0,31.020,125,64,2048,10.699,1.6159999999999997,0.30940594059405946,consensus_exceeded,,,,0,30.648,123,64,2048,6.013,0.9160000000000004,0.5458515283842793,consensus_exceeded,,,,0,30.668,123,64,2048,10.743,1.6720000000000006,0.29904306220095683,consensus_exceeded,,,,0,30.656,123,64,2048,5.792,1.2319999999999998,0.4058441558441559,consensus_exceeded,,,,0,30.652,123,64,2048,5.923,1.2240000000000002,0.4084967320261437,consensus_exceeded,
41,19,16.07,1,15.18,0.89,1,30.624,123,64,2048,0.963,1.1600000000000001,0.43103448275862066,,0.00,15.13,0.94,1,30.660,123,64,2048,1.001,1.1600000000000001,0.43103448275862066,,0.05,15.09,0.98,1,30.672,123,64,2048,0.412,1.0839999999999996,0.4612546125461256,,0.09,15.14,0.93,1,30.668,123,64,2048,0.925,1.1559999999999988,0.4325259515570939,,0.05,15.44,0.63,1,30.652,123,64,2048,0.710,0.9439999999999991,0.529661016949153,,0.26,15.13,0.94,1,30.660,123,64,2048,0.903,1.1559999999999988,0.4325259515570939,,0.05,15.57,0.50,1,30.684,123,64,2048,0.847,1.1559999999999997,0.43252595155709356,,0.39,15.13,0.94,1,30.688,123,64,2048,0.944,1.163999999999998,0.42955326460481175,,0.05,15.13,0.94,1,30.688,123,64,2048,1.000,1.1600000000000001,0.43103448275862066,,0.05
42,20,15.71,0,,,0,31.456,126,64,2048,9.385,0.8119999999999994,0.61576354679803,consensus_exceeded,,,,0,31.448,126,64,2048,9.380,0.8079999999999998,0.6188118811881189,consensus_exceeded,,,,0,30.432,122,64,2048,9.505,0.9000000000000021,0.5555555555555542,consensus_exceeded,,,,0,31.448,126,64,2048,9.168,0.8120000000000012,0.6157635467980287,consensus_exceeded,,,,0,31.468,126,64,2048,8.594,0.7280000000000006,0.6868131868131861,consensus_exceeded,,,,0,31.452,126,64,2048,9.091,0.8199999999999985,0.6097560975609767,consensus_exceeded,,15.30,0.41,1,31.472,126,64,2048,0.541,0.7240000000000002,0.6906077348066296,,,,,0,31.452,126,64,2048,9.193,0.7760000000000034,0.6443298969072138,consensus_exceeded,,,,0,31.452,126,64,2048,9.046,0.8200000000000003,0.6097560975609754,consensus_exceeded,
43,20,15.21,0,13.95,1.26,1,30.708,123,64,2048,2.297,0.7160000000000011,0.6983240223463677,,,,,0,30.716,123,64,2048,8.998,0.7200000000000024,0.6944444444444421,consensus_exceeded,,13.95,1.26,1,30.708,123,64,2048,2.200,0.7440000000000007,0.6720430107526876,,,13.96,1.25,1,30.716,123,64,2048,2.264,0.7200000000000024,0.6944444444444421,,,,,0,30.700,123,64,2048,8.983,0.7719999999999985,0.6476683937823847,consensus_exceeded,,13.99,1.22,1,30.724,123,64,2048,2.222,0.7280000000000015,0.6868131868131854,,,,,0,30.716,123,64,2048,9.017,0.7439999999999998,0.6720430107526884,consensus_exceeded,,13.97,1.24,1,30.716,123,64,2048,2.292,0.7200000000000024,0.6944444444444421,,,14.02,1.19,1,30.716,123,64,2048,2.160,0.7240000000000002,0.6906077348066296,,
44,20,15.51,0,,,0,30.640,123,64,2048,3.281,3.187999999999999,0.15683814303638652,consensus_exceeded,,,,0,30.640,123,64,2048,4.890,1.8719999999999999,0.2670940170940171,consensus_exceeded,,,,0,30.640,123,64,2048,8.532,1.639999999999997,0.30487804878048835,consensus_exceeded,,,,0,30.648,123,64,2048,4.351,2.003999999999998,0.24950099800399228,consensus_exceeded,,,,0,30.652,123,64,2048,3.318,1.6439999999999984,0.3041362530413628,consensus_exceeded,,,,0,30.636,123,64,2048,3.873,1.8959999999999972,0.26371308016877676,consensus_exceeded,,14.85,0.66,1,30.632,123,64,2048,0.527,1.904,0.26260504201680673,,,,,0,30.636,123,64,2048,5.372,1.4239999999999995,0.3511235955056181,consensus_exceeded,,,,0,30.640,123,64,2048,5.977,2.464000000000002,0.20292207792207775,consensus_exceeded,
45,20,15.47,0,,,0,31.136,125,64,2048,7.818,0.8160000000000001,0.6127450980392156,consensus_exceeded,,,,0,30.780,124,64,2048,5.766,0.8280000000000001,0.6038647342995168,consensus_exceeded,,,,0,30.784,124,64,2048,4.153,0.7160000000000011,0.6983240223463677,consensus_exceeded,,,,0,30.784,124,64,2048,5.660,0.8160000000000001,0.6127450980392156,consensus_exceeded,,,,0,30.804,124,64,2048,7.731,0.78,0.641025641025641,consensus_exceeded,,,,0,30.788,124,64,2048,5.738,0.8160000000000001,0.6127450980392156,consensus_exceeded,,,,0,30.772,124,64,2048,5.555,0.792,0.6313131313131313,consensus_exceeded,,,,0,30.788,124,64,2048,5.671,0.812,0.6157635467980295,consensus_exceeded,,,,0,30.784,124,64,2048,5.844,0.8160000000000001,0.6127450980392156,consensus_exceeded,
46,20,14.83,0,,,0,31.216,125,64,2048,8.287,0.7160000000000011,0.6983240223463677,consensus_exceeded,,,,0,31.216,125,64,2048,8.171,0.7159999999999993,0.6983240223463694,consensus_exceeded,,,,0,31.224,125,64,2048,8.175,0.727999999999998,0.6868131868131887,consensus_exceeded,,,,0,31.216,125,64,2048,8.301,0.7240000000000002,0.6906077348066296,consensus_exceeded,,,,0,31.240,125,64,2048,8.439,0.7240000000000002,0.6906077348066296,consensus_exceeded,,,,0,31.212,125,64,2048,8.480,0.7200000000000006,0.6944444444444439,consensus_exceeded,,,,0,31.212,125,64,2048,7.996,0.7160000000000011,0.6983240223463677,consensus_exceeded,,,,0,31.216,125,64,2048,8.417,0.7200000000000006,0.6944444444444439,consensus_exceeded,,,,0,31.212,125,64,2048,8.386,0.7160000000000011,0.6983240223463677,consensus_exceeded,
47,20,15.26,1,14.47,0.79,1,31.420,126,64,2048,2.174,0.7759999999999998,0.6443298969072166,,0.00,14.44,0.81,1,31.424,126,64,2048,2.247,0.7119999999999997,0.7,,0.03,14.45,0.81,1,30.720,123,64,2048,2.292,0.7159999999999975,0.6983240223463711,,0.02,14.44,0.81,1,31.420,126,64,2048,2.235,0.7759999999999998,0.6443298969072166,,0.03,14.40,0.86,1,31.416,126,64,2048,2.363,0.7319999999999993,0.6830601092896181,,0.07,14.45,0.80,1,31.416,126,64,2048,2.218,0.7720000000000002,0.6476683937823832,,0.02,14.42,0.84,1,31.432,126,64,2048,2.346,0.7160000000000011,0.6983240223463677,,0.06,14.45,0.81,1,31.416,126,64,2048,2.218,0.7719999999999994,0.6476683937823839,,0.02,14.43,0.83,1,31.424,126,64,2048,2.262,0.7919999999999998,0.6313131313131315,,0.04
48,20,15.13,1,14.69,0.44,1,30.836,124,64,2048,0.290,0.9799999999999986,0.5102040816326537,,0.00,14.79,0.34,1,30.832,124,64,2048,0.127,0.815999999999999,0.6127450980392165,,0.10,14.60,0.53,1,30.840,124,64,2048,0.497,1.0159999999999982,0.49212598425196935,,0.09,14.71,0.42,1,30.836,124,64,2048,0.261,0.9800000000000004,0.5102040816326529,,0.02,14.72,0.41,1,30.860,124,64,2048,0.138,0.7800000000000011,0.6410256410256401,,0.03,14.71,0.42,1,30.836,124,64,2048,0.267,0.9760000000000009,0.5122950819672126,,0.02,14.64,0.49,1,30.836,124,64,2048,0.302,0.7840000000000025,0.6377551020408143,,0.05,14.77,0.36,1,30.836,124,64,2048,0.147,0.804000000000002,0.62189054726368,,0.08,14.77,0.36,1,30.836,124,64,2048,0.162,0.8079999999999998,0.6188118811881189,,0.08
49,20,14.86,0,,,0,31.132,125,64,2048,8.694,0.7959999999999994,0.6281407035175884,consensus_exceeded,,,,0,31.144,125,64,2048,8.708,0.792,0.6313131313131313,consensus_exceeded,,,,0,30.344,122,64,2048,8.976,1.3439999999999976,0.3720238095238102,consensus_exceeded,,,,0,31.136,125,64,2048,8.673,0.792,0.6313131313131313,consensus_exceeded,,,,0,31.116,125,64,2048,7.788,0.9440000000000026,0.529661016949151,consensus_exceeded,,,,0,31.148,125,64,2048,8.683,0.7880000000000003,0.6345177664974617,consensus_exceeded,,,,0,31.132,125,64,2048,8.769,0.9639999999999986,0.5186721991701252,consensus_exceeded,,,,0,31.144,125,64,2048,8.685,0.796,0.6281407035175879,consensus_exceeded,,,,0,31.148,125,64,2048,8.678,0.7880000000000003,0.6345177664974617,consensus_exceeded,
50,20,,0,14.46,,0,31.132,125,64,2048,1.578,0.8120000000000003,0.6157635467980294,,,14.43,,0,31.104,125,64,2048,1.628,0.8120000000000012,0.6157635467980287,,,15.63,,0,31.088,125,64,2048,0.423,0.911999999999999,0.5482456140350883,,,14.47,,0,31.124,125,64,2048,1.554,0.8120000000000012,0.6157635467980287,,,14.41,,0,31.132,125,64,2048,1.571,0.9919999999999973,0.5040322580645175,,,14.48,,0,31.128,125,64,2048,1.537,0.8120000000000012,0.6157635467980287,,,14.22,,0,31.116,125,64,2048,1.984,0.815999999999999,0.6127450980392165,,,14.43,,0,31.132,125,64,2048,1.630,0.8079999999999998,0.6188118811881189,,,14.49,,0,31.120,125,64,2048,1.503,0.8039999999999985,0.6218905472636828,,
51,20,14.94,0,,,0,31.320,126,64,2048,5.101,0.8959999999999999,0.5580357142857143,consensus_exceeded,,,,0,31.324,126,64,2048,5.176,0.8920000000000003,0.560538116591928,consensus_exceeded,,14.61,0.33,1,31.224,125,64,2048,0.128,0.9359999999999999,0.5341880341880342,,,,,0,31.324,126,64,2048,5.071,0.9039999999999999,0.5530973451327434,consensus_exceeded,,,,0,31.216,125,64,2048,3.795,0.8079999999999998,0.6188118811881189,consensus_exceeded,,,,0,31.332,126,64,2048,4.997,0.9039999999999999,0.5530973451327434,consensus_exceeded,,,,0,31.200,125,64,2048,4.612,0.8079999999999998,0.6188118811881189,consensus_exceeded,,,,0,31.328,126,64,2048,5.039,0.8999999999999995,0.5555555555555559,consensus_exceeded,,,,0,31.328,126,64,2048,14.135,0.9080000000000004,0.5506607929515416,consensus_exceeded,
52,20,15.41,1,15.40,0.01,1,30.940,124,64,2048,0.703,0.8719999999999999,0.5733944954128442,,0.00,15.18,0.23,1,30.936,124,64,2048,0.026,0.847999999999999,0.5896226415094347,,0.22,15.22,0.19,1,30.940,124,64,2048,0.148,0.8920000000000012,0.5605381165919274,,0.18,15.43,0.02,1,30.940,124,64,2048,0.640,0.8680000000000003,0.5760368663594468,,0.02,15.31,0.10,1,31.312,126,64,2048,0.308,0.7360000000000007,0.6793478260869559,,0.10,15.42,0.01,1,30.944,124,64,2048,0.629,0.8679999999999986,0.576036866359448,,0.02,15.30,0.11,1,31.332,126,64,2048,0.256,0.743999999999998,0.67204301075269,,0.10,15.41,0.00,1,30.936,124,64,2048,0.618,0.863999999999999,0.5787037037037044,,0.01,15.44,0.03,1,30.940,124,64,2048,0.655,0.8599999999999994,0.5813953488372097,,0.03
53,20,14.26,0,14.60,0.34,1,31.424,126,64,2048,0.008,0.9000000000000021,0.5555555555555542,,,14.59,0.33,1,31.428,126,64,2048,0.005,0.8880000000000017,0.563063063063062,,,,,0,30.748,123,64,2048,5.427,0.9039999999999999,0.5530973451327434,consensus_exceeded,,14.65,0.39,1,31.088,125,64,2048,0.178,0.9000000000000021,0.5555555555555542,,,14.75,0.48,1,31.440,126,64,2048,0.412,0.7880000000000003,0.6345177664974617,,,14.58,0.31,1,31.428,126,64,2048,0.030,0.9080000000000013,0.5506607929515411,,,14.57,0.31,1,31.448,126,64,2048,0.042,0.7719999999999994,0.6476683937823839,,,14.65,0.39,1,31.076,125,64,2048,0.163,0.8960000000000008,0.5580357142857137,,,14.65,0.39,1,31.432,126,64,2048,0.119,0.9039999999999999,0.5530973451327434,,
54,20,13.87,0,,,0,31.216,125,64,2048,7.825,0.7399999999999984,0.6756756756756771,consensus_exceeded,,,,0,31.212,125,64,2048,7.856,0.740000000000002,0.6756756756756739,consensus_exceeded,,,,0,31.232,125,64,2048,7.829,0.8760000000000001,0.5707762557077625,consensus_exceeded,,,,0,31.224,125,64,2048,7.817,0.8640000000000001,0.5787037037037036,consensus_exceeded,,13.68,0.18,1,31.220,125,64,2048,0.646,0.7759999999999998,0.6443298969072166,,,,,0,31.216,125,64,2048,7.864,0.7360000000000007,0.6793478260869559,consensus_exceeded,,13.61,0.26,1,31.216,125,64,2048,0.773,0.7720000000000002,0.6476683937823832,,,,,0,31.220,125,64,2048,7.877,0.791999999999998,0.6313131313131328,consensus_exceeded,,13.87,0.00,1,31.212,125,64,2048,0.175,0.7399999999999984,0.6756756756756771,,
55,20,13.85,0,,,0,31.304,126,64,2048,8.520,0.7439999999999998,0.6720430107526884,consensus_exceeded,,,,0,31.304,126,64,2048,8.563,0.8200000000000003,0.6097560975609754,consensus_exceeded,,14.76,0.91,1,31.316,126,64,2048,0.065,0.8999999999999986,0.5555555555555565,,,,,0,31.304,126,64,2048,8.547,0.8040000000000003,0.6218905472636814,consensus_exceeded,,,,0,31.308,126,64,2048,8.417,0.7600000000000016,0.6578947368421039,consensus_exceeded,,,,0,31.304,126,64,2048,8.550,0.8040000000000003,0.6218905472636814,consensus_exceeded,,,,0,31.296,126,64,2048,8.551,0.7520000000000024,0.6648936170212745,consensus_exceeded,,,,0,31.304,126,64,2048,8.552,0.8079999999999998,0.6188118811881189,consensus_exceeded,,,,0,31.300,126,64,2048,8.542,0.8040000000000003,0.6218905472636814,consensus_exceeded,
56,21,15.15,1,6.09,9.05,1,31.476,126,64,2048,0.000,0.5,0.7,,0.00,6.09,9.05,1,31.472,126,64,2048,0.000,0.5,0.7,,0.00,6.09,9.05,1,31.224,125,64,2048,0.000,0.7600000000000016,0.6578947368421039,,0.00,6.09,9.05,1,31.476,126,64,2048,0.000,0.5,0.7,,0.00,6.09,9.05,1,31.460,126,64,2048,0.000,0.5920000000000023,0.7,,0.00,6.09,9.05,1,31.476,126,64,2048,0.000,0.5,0.7,,0.00,6.28,8.87,1,31.464,126,64,2048,0.377,0.6839999999999975,0.7,,0.19,6.09,9.05,1,31.476,126,64,2048,0.000,0.5039999999999996,0.7,,0.00,6.09,9.05,1,31.476,126,64,2048,0.000,0.5040000000000013,0.7,,0.00
57,21,18.69,0,18.48,0.21,1,31.424,126,64,2048,0.235,0.4920000000000009,0.7,,,18.46,0.22,1,31.424,126,64,2048,0.032,0.4920000000000009,0.7,,,,,0,31.160,125,64,2048,11.468,0.7719999999999994,0.6476683937823839,consensus_exceeded,,18.50,0.19,1,31.424,126,64,2048,0.159,0.49599999999999955,0.7,,,,,0,31.420,126,64,2048,4.664,0.588000000000001,0.7,consensus_exceeded,,18.47,0.22,1,31.424,126,64,2048,0.121,0.49600000000000044,0.7,,,,,0,31.424,126,64,2048,8.911,0.6399999999999988,0.7,consensus_exceeded,,18.39,0.30,1,31.424,126,64,2048,0.021,0.49600000000000044,0.7,,,18.43,0.26,1,31.424,126,64,2048,0.066,0.49600000000000044,0.7,,
58,21,17.35,0,,,0,31.316,126,64,2048,6.531,0.5040000000000013,0.7,consensus_exceeded,,,,0,31.320,126,64,2048,6.476,0.5,0.7,consensus_exceeded,,,,0,31.320,126,64,2048,3.730,0.7400000000000002,0.6756756756756754,consensus_exceeded,,,,0,31.316,126,64,2048,6.611,0.5,0.7,consensus_exceeded,,,,0,31.328,126,64,2048,6.182,0.7239999999999984,0.6906077348066313,consensus_exceeded,,,,0,31.320,126,64,2048,6.597,0.49600000000000044,0.7,consensus_exceeded,,,,0,31.320,126,64,2048,6.585,0.6640000000000015,0.7,consensus_exceeded,,,,0,31.316,126,64,2048,6.597,0.5040000000000004,0.7,consensus_exceeded,,,,0,31.316,126,64,2048,6.517,0.5040000000000004,0.7,consensus_exceeded,
59,21,16.86,0,12.06,4.80,1,31.684,127,64,2048,2.385,0.6720000000000006,0.7,,,,,0,31.692,127,64,2048,7.007,0.6720000000000006,0.7,consensus_exceeded,,12.29,4.57,1,31.200,125,64,2048,2.404,0.9760000000000009,0.5122950819672126,,,,,0,31.684,127,64,2048,7.121,0.6679999999999993,0.7,consensus_exceeded,,,,0,31.420,126,64,2048,5.897,1.1400000000000006,0.43859649122806993,consensus_exceeded,,12.00,4.86,1,31.684,127,64,2048,2.301,0.6680000000000028,0.7,,,,,0,31.428,126,64,2048,6.277,1.032,0.4844961240310077,consensus_exceeded,,,,0,31.684,127,64,2048,7.075,0.6680000000000028,0.7,consensus_exceeded,,,,0,31.684,127,64,2048,7.123,0.6720000000000006,0.7,consensus_exceeded,
60,21,15.28,0,,,0,31.128,125,64,2048,8.653,0.6280000000000001,0.7,consensus_exceeded,,,,0,31.124,125,64,2048,8.609,0.6319999999999997,0.7,consensus_exceeded,,6.81,8.47,1,31.120,125,64,2048,1.433,1.1920000000000002,0.4194630872483221,,,,,0,31.128,125,64,2048,8.577,0.6199999999999992,0.7,consensus_exceeded,,7.42,7.86,1,31.108,125,64,2048,2.643,1.096,0.45620437956204374,,,,,0,31.124,125,64,2048,8.630,0.6280000000000001,0.7,consensus_exceeded,,,,0,31.104,125,64,2048,3.493,1.1479999999999997,0.4355400696864113,consensus_exceeded,,,,0,31.120,125,64,2048,8.623,0.6240000000000006,0.7,consensus_exceeded,,,,0,31.128,125,64,2048,8.621,0.6280000000000001,0.7,consensus_exceeded,
61,21,16.19,0,,,0,31.276,126,64,2048,3.312,0.5839999999999996,0.7,consensus_exceeded,,,,0,31.016,125,64,2048,3.332,0.5799999999999983,0.7,consensus_exceeded,,,,0,30.708,123,64,2048,3.361,0.7839999999999989,0.6377551020408172,consensus_exceeded,,,,0,31.036,125,64,2048,6.457,0.5919999999999987,0.7,consensus_exceeded,,,,0,30.956,124,64,2048,3.567,0.7119999999999997,0.7,consensus_exceeded,,,,0,31.028,125,64,2048,6.550,0.5799999999999983,0.7,consensus_exceeded,,,,0,30.788,124,64,2048,3.939,0.7600000000000002,0.6578947368421051,consensus_exceeded,,,,0,31.016,125,64,2048,6.633,0.5799999999999983,0.7,consensus_exceeded,,,,0,31.016,125,64,2048,3.318,0.5799999999999983,0.7,consensus_exceeded,
62,21,19.16,0,,,0,31.076,125,64,2048,10.163,1.7879999999999985,0.2796420581655483,consensus_exceeded,,,,0,31.136,125,64,2048,10.194,1.7879999999999985,0.2796420581655483,consensus_exceeded,,7.02,12.15,1,31.368,126,64,2048,1.850,1.8599999999999994,0.26881720430107536,,,7.12,12.05,1,31.072,125,64,2048,2.045,1.904,0.26260504201680673,,,,,0,31.320,126,64,2048,3.884,1.5440000000000005,0.3238341968911916,consensus_exceeded,,7.07,12.09,1,31.072,125,64,2048,1.953,1.8960000000000008,0.26371308016877626,,,,,0,31.388,126,64,2048,9.521,1.516,0.32981530343007914,consensus_exceeded,,7.08,12.09,1,31.072,125,64,2048,1.963,1.904,0.26260504201680673,,,7.05,12.11,1,31.072,125,64,2048,1.913,1.904,0.26260504201680673,,
63,21,17.96,0,,,0,31.040,125,64,2048,7.289,1.195999999999998,0.41806020066889704,consensus_exceeded,,,,0,31.048,125,64,2048,7.677,1.1880000000000024,0.42087542087542,consensus_exceeded,,13.09,4.87,1,30.892,124,64,2048,0.864,1.1920000000000002,0.4194630872483221,,,,,0,31.608,127,64,2048,7.305,1.208000000000002,0.41390728476821126,consensus_exceeded,,13.29,4.67,1,31.068,125,64,2048,0.786,1.176000000000002,0.4251700680272102,,,,,0,31.596,127,64,2048,7.382,1.195999999999998,0.41806020066889704,consensus_exceeded,,13.20,4.76,1,31.064,125,64,2048,1.067,1.1799999999999997,0.4237288135593221,,,,,0,31.604,127,64,2048,7.378,1.1920000000000002,0.4194630872483221,consensus_exceeded,,,,0,31.604,127,64,2048,7.659,1.2079999999999984,0.4139072847682125,consensus_exceeded,
64,21,18.76,0,12.86,5.89,1,31.448,126,64,2048,0.747,0.6840000000000002,0.7,,,12.86,5.90,1,31.444,126,64,2048,0.682,0.6639999999999997,0.7,,,,,0,31.424,126,64,2048,7.597,0.7759999999999998,0.6443298969072166,consensus_exceeded,,12.88,5.88,1,31.440,126,64,2048,0.615,0.6640000000000006,0.7,,,,,0,31.456,126,64,2048,7.123,0.6240000000000006,0.7,consensus_exceeded,,12.84,5.91,1,31.440,126,64,2048,0.667,0.6600000000000001,0.7,,,,,0,31.448,126,64,2048,7.049,0.8960000000000008,0.5580357142857137,consensus_exceeded,,12.86,5.90,1,31.436,126,64,2048,0.637,0.6680000000000001,0.7,,,12.86,5.90,1,31.448,126,64,2048,0.694,0.6640000000000006,0.7,,
65,21,19.94,0,,,0,31.424,126,64,2048,4.966,0.5679999999999996,0.7,consensus_exceeded,,,,0,31.420,126,64,2048,4.922,0.5640000000000001,0.7,consensus_exceeded,,6.39,13.55,1,31.404,126,64,2048,0.601,0.7519999999999998,0.6648936170212768,,,,,0,31.420,126,64,2048,4.821,0.5560000000000009,0.7,consensus_exceeded,,7.09,12.85,1,31.428,126,64,2048,1.998,0.7480000000000011,0.6684491978609616,,,,,0,31.416,126,64,2048,4.857,0.5599999999999987,0.7,consensus_exceeded,,6.63,13.32,1,31.420,126,64,2048,1.066,0.6959999999999997,0.7,,,,,0,31.412,126,64,2048,5.100,0.5600000000000023,0.7,consensus_exceeded,,,,0,31.420,126,64,2048,5.028,0.5600000000000023,0.7,consensus_exceeded,
66,21,18.26,0,,,0,31.104,125,64,2048,13.344,0.6959999999999997,0.7,consensus_exceeded,,,,0,31.340,126,64,2048,13.778,0.6479999999999997,0.7,consensus_exceeded,,,,0,31.104,125,64,2048,13.756,0.7960000000000012,0.628140703517587,consensus_exceeded,,,,0,31.100,125,64,2048,13.923,0.6560000000000006,0.7,consensus_exceeded,,,,0,31.356,126,64,2048,13.571,0.6839999999999975,0.7,consensus_exceeded,,,,0,31.100,125,64,2048,13.791,0.6479999999999997,0.7,consensus_exceeded,,,,0,31.356,126,64,2048,13.966,0.6799999999999997,0.7,consensus_exceeded,,,,0,31.100,125,64,2048,13.938,0.6480000000000006,0.7,consensus_exceeded,,,,0,31.100,125,64,2048,13.909,0.652000000000001,0.7,consensus_exceeded,
67,21,19.24,1,9.59,9.65,1,31.428,126,64,2048,0.159,0.5360000000000014,0.7,,0.00,9.59,9.65,1,31.424,126,64,2048,0.127,0.5360000000000005,0.7,,0.00,9.71,9.53,1,31.184,125,64,2048,0.389,0.7720000000000002,0.6476683937823832,,0.12,9.61,9.63,1,31.428,126,64,2048,0.179,0.5360000000000005,0.7,,0.01,9.46,9.78,1,31.344,126,64,2048,0.232,0.7280000000000015,0.6868131868131854,,0.13,9.60,9.64,1,31.432,126,64,2048,0.154,0.5360000000000005,0.7,,0.00,9.73,9.51,1,31.356,126,64,2048,0.235,0.7200000000000024,0.6944444444444421,,0.13,9.60,9.64,1,31.428,126,64,2048,0.171,0.54,0.7,,0.01,9.61,9.63,1,31.428,126,64,2048,0.174,0.54,0.7,,0.02
68,21,19.85,0,,,0,31.256,126,64,2048,3.741,0.7439999999999998,0.6720430107526884,consensus_exceeded,,11.12,8.73,1,31.492,126,64,2048,2.878,0.7439999999999998,0.6720430107526884,,,,,0,30.500,122,64,2048,8.985,0.7480000000000001,0.6684491978609625,consensus_exceeded,,,,0,31.260,126,64,2048,4.528,0.7519999999999989,0.6648936170212776,consensus_exceeded,,,,0,31.508,127,64,2048,8.753,0.8000000000000007,0.6249999999999994,consensus_exceeded,,,,0,31.268,126,64,2048,4.244,0.759999999999998,0.657894736842107,consensus_exceeded,,6.09,13.76,1,31.528,127,64,2048,0.000,0.8039999999999985,0.6218905472636828,,,,,0,31.268,126,64,2048,4.217,0.7559999999999967,0.6613756613756643,consensus_exceeded,,,,0,31.268,126,64,2048,4.214,0.7560000000000002,0.6613756613756612,consensus_exceeded,
69,21,21.78,0,,,0,31.368,126,64,2048,7.568,0.704,0.7,consensus_exceeded,,,,0,31.368,126,64,2048,7.539,0.6679999999999993,0.7,consensus_exceeded,,,,0,31.364,126,64,2048,7.674,0.7560000000000002,0.6613756613756612,consensus_exceeded,,,,0,31.368,126,64,2048,7.541,0.6679999999999993,0.7,consensus_exceeded,,,,0,31.380,126,64,2048,7.568,0.708000000000002,0.7,consensus_exceeded,,,,0,31.364,126,64,2048,7.536,0.6759999999999984,0.7,consensus_exceeded,,,,0,31.408,126,64,2048,7.647,0.6680000000000001,0.7,consensus_exceeded,,,,0,31.368,126,64,2048,7.558,0.6720000000000006,0.7,consensus_exceeded,,,,0,31.368,126,64,2048,7.547,0.7,0.7,consensus_exceeded,
70,22,18.41,0,,,0,30.900,124,64,2048,13.636,0.9800000000000004,0.5102040816326529,consensus_exceeded,,,,0,30.892,124,64,2048,13.642,0.9880000000000004,0.5060728744939269,consensus_exceeded,,,,0,30.888,124,64,2048,4.429,1.0120000000000005,0.49407114624505905,consensus_exceeded,,,,0,30.904,124,64,2048,13.653,0.984,0.508130081300813,consensus_exceeded,,,,0,30.892,124,64,2048,15.398,0.8279999999999994,0.6038647342995174,consensus_exceeded,,,,0,30.900,124,64,2048,5.259,0.972,0.51440329218107,consensus_exceeded,,,,0,30.872,124,64,2048,15.296,0.8319999999999999,0.6009615384615385,consensus_exceeded,,,,0,30.900,124,64,2048,5.257,0.9800000000000004,0.5102040816326529,consensus_exceeded,,,,0,31.276,126,64,2048,13.530,0.9760000000000004,0.5122950819672129,consensus_exceeded,
71,22,19.02,0,6.13,12.89,1,31.340,126,64,2048,0.078,0.8440000000000012,0.5924170616113735,,,6.15,12.88,1,31.336,126,64,2048,0.106,0.8480000000000025,0.5896226415094322,,,,,0,30.988,124,64,2048,12.226,0.7399999999999984,0.6756756756756771,consensus_exceeded,,6.20,12.83,1,31.328,126,64,2048,0.206,0.8520000000000003,0.5868544600938965,,,6.36,12.67,1,31.008,125,64,2048,0.528,0.7560000000000002,0.6613756613756612,,,6.19,12.84,1,31.332,126,64,2048,0.189,0.8520000000000003,0.5868544600938965,,,,,0,31.004,125,64,2048,12.103,0.7519999999999989,0.6648936170212776,consensus_exceeded,,6.17,12.86,1,31.332,126,64,2048,0.151,0.8520000000000003,0.5868544600938965,,,6.19,12.83,1,31.332,126,64,2048,0.200,0.8559999999999981,0.5841121495327116,,
72,22,18.28,0,,,0,30.748,123,64,2048,3.482,0.7800000000000002,0.6410256410256409,consensus_exceeded,,,,0,30.732,123,64,2048,3.889,0.7680000000000007,0.6510416666666661,consensus_exceeded,,18.95,0.67,1,30.728,123,64,2048,1.015,0.7680000000000007,0.6510416666666661,,,,,0,30.756,124,64,2048,3.684,0.7840000000000007,0.6377551020408158,consensus_exceeded,,18.70,0.42,1,30.740,123,64,2048,0.611,0.791999999999998,0.6313131313131328,,,,,0,30.748,123,64,2048,3.941,0.7840000000000007,0.6377551020408158,consensus_exceeded,,,,0,30.712,123,64,2048,12.332,0.7840000000000025,0.6377551020408143,consensus_exceeded,,,,0,30.748,123,64,2048,3.910,0.7840000000000007,0.6377551020408158,consensus_exceeded,,,,0,30.744,123,64,2048,3.849,0.7839999999999998,0.6377551020408165,consensus_exceeded,
73,22,18.39,0,,,0,30.868,124,64,2048,9.888,0.8919999999999995,0.5605381165919285,consensus_exceeded,,,,0,30.876,124,64,2048,10.316,0.7880000000000003,0.6345177664974617,consensus_exceeded,,,,0,30.864,124,64,2048,11.513,0.7920000000000016,0.63131313131313,consensus_exceeded,,,,0,30.880,124,64,2048,10.159,0.8000000000000007,0.6249999999999994,consensus_exceeded,,6.90,11.50,1,30.872,124,64,2048,1.607,0.7959999999999994,0.6281407035175884,,,,,0,30.876,124,64,2048,10.202,0.7959999999999994,0.6281407035175884,consensus_exceeded,,,,0,30.884,124,64,2048,10.109,0.804000000000002,0.62189054726368,consensus_exceeded,,,,0,30.880,124,64,2048,10.317,0.7999999999999972,0.6250000000000022,consensus_exceeded,,,,0,30.880,124,64,2048,10.301,0.7959999999999994,0.6281407035175884,consensus_exceeded,
74,22,18.81,0,,,0,31.356,126,64,2048,10.644,0.8599999999999994,0.5813953488372097,consensus_exceeded,,,,0,31.364,126,64,2048,10.614,0.8680000000000021,0.5760368663594456,consensus_exceeded,,,,0,30.600,123,64,2048,10.437,0.7839999999999989,0.6377551020408172,consensus_exceeded,,,,0,31.364,126,64,2048,10.494,0.8599999999999994,0.5813953488372097,consensus_exceeded,,,,0,31.376,126,64,2048,9.108,0.8200000000000003,0.6097560975609754,consensus_exceeded,,,,0,31.360,126,64,2048,10.665,0.8680000000000021,0.5760368663594456,consensus_exceeded,,,,0,31.352,126,64,2048,13.277,0.8079999999999998,0.6188118811881189,consensus_exceeded,,,,0,31.368,126,64,2048,10.664,0.8599999999999994,0.5813953488372097,consensus_exceeded,,,,0,31.364,126,64,2048,10.669,0.8599999999999994,0.5813953488372097,consensus_exceeded,
75,22,19.96,0,,,0,30.872,124,64,2048,13.340,0.8599999999999994,0.5813953488372097,consensus_exceeded,,6.09,13.87,1,30.868,124,64,2048,0.000,0.8800000000000008,0.5681818181818177,,,,,0,30.864,124,64,2048,12.993,1.1280000000000001,0.4432624113475177,consensus_exceeded,,6.09,13.87,1,30.872,124,64,2048,0.000,0.8759999999999994,0.5707762557077629,,,6.09,13.87,1,30.824,124,64,2048,0.000,0.7760000000000016,0.6443298969072152,,,6.09,13.87,1,30.872,124,64,2048,0.000,0.8840000000000003,0.5656108597285066,,,6.22,13.74,1,30.876,124,64,2048,0.256,0.7759999999999998,0.6443298969072166,,,6.09,13.87,1,30.872,124,64,2048,0.000,0.8840000000000003,0.5656108597285066,,,6.09,13.87,1,30.872,124,64,2048,0.000,0.8879999999999999,0.5630630630630631,,
76,22,18.76,0,,,0,30.696,123,64,2048,11.853,0.8599999999999994,0.5813953488372097,consensus_exceeded,,,,0,30.692,123,64,2048,4.252,0.8679999999999986,0.576036866359448,consensus_exceeded,,,,0,30.684,123,64,2048,11.758,0.7720000000000002,0.6476683937823832,consensus_exceeded,,,,0,30.692,123,64,2048,4.289,0.8640000000000008,0.5787037037037032,consensus_exceeded,,,,0,30.704,123,64,2048,11.697,0.7919999999999998,0.6313131313131315,consensus_exceeded,,,,0,30.696,123,64,2048,4.264,0.8600000000000012,0.5813953488372084,consensus_exceeded,,,,0,30.696,123,64,2048,11.778,0.7959999999999994,0.6281407035175884,consensus_exceeded,,,,0,30.696,123,64,2048,4.233,0.8599999999999994,0.5813953488372097,consensus_exceeded,,,,0,30.696,123,64,2048,4.265,0.8560000000000016,0.5841121495327092,consensus_exceeded,
77,22,19.21,0,,,0,31.064,125,64,2048,12.044,0.8200000000000003,0.6097560975609754,consensus_exceeded,,,,0,31.088,125,64,2048,12.060,0.8199999999999967,0.609756097560978,consensus_exceeded,,7.56,11.65,1,30.320,122,64,2048,2.928,0.7719999999999985,0.6476683937823847,,,,,0,31.076,125,64,2048,12.026,0.8239999999999981,0.6067961165048558,consensus_exceeded,,7.54,11.67,1,31.444,126,64,2048,2.887,0.7839999999999989,0.6377551020408172,,,,,0,31.080,125,64,2048,12.071,0.8279999999999994,0.6038647342995174,consensus_exceeded,,,,0,31.448,126,64,2048,12.021,0.7959999999999994,0.6281407035175884,consensus_exceeded,,,,0,31.080,125,64,2048,12.114,0.8239999999999981,0.6067961165048558,consensus_exceeded,,,,0,31.080,125,64,2048,12.050,0.8239999999999981,0.6067961165048558,consensus_exceeded,
78,22,18.59,0,,,0,30.664,123,64,2048,5.782,0.8320000000000007,0.6009615384615379,consensus_exceeded,,6.14,12.45,1,30.656,123,64,2048,0.086,0.7839999999999998,0.6377551020408165,,,,,0,30.644,123,64,2048,6.619,0.7799999999999994,0.6410256410256415,consensus_exceeded,,,,0,30.652,123,64,2048,6.160,0.8239999999999998,0.6067961165048544,consensus_exceeded,,6.18,12.41,1,30.644,123,64,2048,0.174,0.7839999999999998,0.6377551020408165,,,,,0,30.652,123,64,2048,6.179,0.8239999999999998,0.6067961165048544,consensus_exceeded,,,,0,30.636,123,64,2048,5.642,0.7999999999999998,0.6250000000000001,consensus_exceeded,,,,0,30.656,123,64,2048,6.148,0.8279999999999994,0.6038647342995174,consensus_exceeded,,,,0,30.648,123,64,2048,6.135,0.7759999999999998,0.6443298969072166,consensus_exceeded,
79,22,19.01,1,6.09,12.92,1,31.104,125,64,2048,0.000,0.8440000000000012,0.5924170616113735,,0.00,6.09,12.92,1,31.092,125,64,2048,0.000,0.8279999999999994,0.6038647342995174,,0.00,6.09,12.92,1,31.076,125,64,2048,0.000,0.8080000000000007,0.6188118811881183,,0.00,6.09,12.92,1,31.104,125,64,2048,0.000,0.8520000000000003,0.5868544600938965,,0.00,6.09,12.92,1,31.452,126,64,2048,0.000,0.8039999999999985,0.6218905472636828,,0.00,6.09,12.92,1,31.100,125,64,2048,0.000,0.8520000000000003,0.5868544600938965,,0.00,6.09,12.92,1,31.440,126,64,2048,0.000,0.7880000000000003,0.6345177664974617,,0.00,6.09,12.92,1,31.100,125,64,2048,0.000,0.8480000000000025,0.5896226415094322,,0.00,6.09,12.92,1,31.100,125,64,2048,0.000,0.8520000000000003,0.5868544600938965,,0.00
80,22,18.44,0,,,0,30.756,124,64,2048,11.620,0.8119999999999976,0.6157635467980314,consensus_exceeded,,,,0,30.760,124,64,2048,11.617,0.8199999999999967,0.609756097560978,consensus_exceeded,,,,0,30.760,124,64,2048,12.227,0.7679999999999989,0.6510416666666676,consensus_exceeded,,,,0,30.748,123,64,2048,11.584,0.8119999999999976,0.6157635467980314,consensus_exceeded,,,,0,30.756,124,64,2048,11.473,0.7800000000000011,0.6410256410256401,consensus_exceeded,,,,0,30.748,123,64,2048,11.548,0.8199999999999967,0.609756097560978,consensus_exceeded,,,,0,30.748,123,64,2048,11.586,0.7880000000000003,0.6345177664974617,consensus_exceeded,,,,0,30.752,124,64,2048,11.597,0.8199999999999967,0.609756097560978,consensus_exceeded,,,,0,30.752,124,64,2048,11.584,0.8119999999999976,0.6157635467980314,consensus_exceeded,
81,22,18.49,0,,,0,31.028,125,64,2048,10.345,0.7959999999999994,0.6281407035175884,consensus_exceeded,,,,0,31.012,125,64,2048,10.246,0.7760000000000034,0.6443298969072138,consensus_exceeded,,,,0,30.996,124,64,2048,10.951,0.7759999999999998,0.6443298969072166,consensus_exceeded,,,,0,31.016,125,64,2048,9.724,0.7880000000000003,0.6345177664974617,consensus_exceeded,,,,0,31.012,125,64,2048,6.999,0.7800000000000011,0.6410256410256401,consensus_exceeded,,,,0,31.016,125,64,2048,9.751,0.7840000000000025,0.6377551020408143,consensus_exceeded,,,,0,31.020,125,64,2048,8.939,0.7800000000000011,0.6410256410256401,consensus_exceeded,,,,0,31.012,125,64,2048,3.139,0.7840000000000025,0.6377551020408143,consensus_exceeded,,,,0,31.012,125,64,2048,10.002,0.7919999999999998,0.6313131313131315,consensus_exceeded,
82,22,18.56,0,,,0,31.260,126,64,2048,4.252,0.8600000000000003,0.5813953488372091,consensus_exceeded,,,,0,31.244,125,64,2048,4.171,0.8479999999999999,0.5896226415094341,consensus_exceeded,,6.09,12.47,1,30.556,123,64,2048,0.000,1.1400000000000006,0.43859649122806993,,,,,0,31.280,126,64,2048,4.167,0.9079999999999995,0.5506607929515421,consensus_exceeded,,,,0,31.248,125,64,2048,3.717,0.871999999999999,0.5733944954128447,consensus_exceeded,,,,0,31.268,126,64,2048,4.197,0.9039999999999999,0.5530973451327434,consensus_exceeded,,,,0,31.248,125,64,2048,3.657,0.8679999999999994,0.5760368663594474,consensus_exceeded,,,,0,31.284,126,64,2048,4.205,0.9039999999999999,0.5530973451327434,consensus_exceeded,,,,0,31.268,126,64,2048,4.180,0.9079999999999995,0.5506607929515421,consensus_exceeded,
83,22,18.34,0,,,0,31.136,125,64,2048,8.213,0.8079999999999998,0.6188118811881189,consensus_exceeded,,,,0,31.144,125,64,2048,8.358,0.7759999999999998,0.6443298969072166,consensus_exceeded,,,,0,31.144,125,64,2048,7.879,0.7959999999999994,0.6281407035175884,consensus_exceeded,,,,0,31.144,125,64,2048,8.224,0.8000000000000007,0.6249999999999994,consensus_exceeded,,18.44,0.10,1,31.144,125,64,2048,0.023,0.7839999999999989,0.6377551020408172,,,,,0,31.144,125,64,2048,8.172,0.7960000000000003,0.6281407035175878,consensus_exceeded,,18.38,0.04,1,31.148,125,64,2048,0.015,0.7840000000000007,0.6377551020408158,,,,,0,31.144,125,64,2048,8.220,0.7919999999999989,0.6313131313131322,consensus_exceeded,,,,0,31.136,125,64,2048,8.127,0.7999999999999989,0.6250000000000009,consensus_exceeded,
84,23,17.41,0,6.09,11.32,1,31.328,126,64,2048,0.000,1.2600000000000016,0.39682539682539636,,,6.09,11.32,1,31.332,126,64,2048,0.000,1.2680000000000007,0.39432176656151396,,,6.09,11.32,1,31.284,126,64,2048,0.000,1.1159999999999997,0.44802867383512557,,,6.09,11.32,1,31.328,126,64,2048,0.000,1.272000000000002,0.39308176100628867,,,,,0,30.944,124,64,2048,3.619,1.0559999999999974,0.4734848484848497,consensus_exceeded,,6.09,11.32,1,31.324,126,64,2048,0.000,1.0479999999999983,0.47709923664122217,,,14.70,2.71,1,30.952,124,64,2048,1.285,1.0559999999999974,0.4734848484848497,,,6.09,11.32,1,31.328,126,64,2048,0.000,1.0399999999999991,0.48076923076923117,,,6.09,11.32,1,31.328,126,64,2048,0.000,1.2560000000000002,0.3980891719745222,,
85,23,18.00,0,7.37,10.63,1,30.088,121,64,2048,2.557,1.8880000000000017,0.264830508474576,,,7.51,10.49,1,30.096,121,64,2048,2.431,1.8920000000000012,0.26427061310782224,,,7.19,10.81,1,30.044,121,64,2048,2.199,1.8599999999999994,0.26881720430107536,,,7.39,10.61,1,30.096,121,64,2048,2.596,1.8920000000000012,0.26427061310782224,,,,,0,30.960,124,64,2048,19.255,1.0999999999999996,0.4545454545454547,consensus_exceeded,,7.32,10.68,1,30.088,121,64,2048,2.448,1.8920000000000012,0.26427061310782224,,,9.44,8.56,1,31.332,126,64,2048,1.988,1.9000000000000004,0.26315789473684204,,,7.39,10.61,1,30.100,121,64,2048,2.583,1.8920000000000012,0.26427061310782224,,,7.37,10.63,1,30.044,121,64,2048,2.561,1.8960000000000008,0.26371308016877626,,
86,23,17.93,0,,,0,31.188,125,64,2048,3.443,1.1639999999999997,0.4295532646048111,consensus_exceeded,,7.45,10.48,1,31.192,125,64,2048,2.704,1.184000000000001,0.4222972972972969,,,7.17,10.76,1,31.180,125,64,2048,2.145,1.1760000000000002,0.4251700680272108,,,,,0,31.196,125,64,2048,4.462,1.364,0.3665689149560117,consensus_exceeded,,,,0,30.812,124,64,2048,4.290,1.3119999999999994,0.38109756097560993,consensus_exceeded,,,,0,31.196,125,64,2048,3.653,1.1520000000000001,0.43402777777777773,consensus_exceeded,,,,0,31.244,125,64,2048,4.462,1.3239999999999998,0.3776435045317221,consensus_exceeded,,,,0,31.188,125,64,2048,3.029,1.1559999999999997,0.43252595155709356,consensus_exceeded,,,,0,31.200,125,64,2048,4.103,1.1639999999999997,0.4295532646048111,consensus_exceeded,
87,23,18.06,0,,,0,31.244,125,64,2048,9.866,1.4280000000000008,0.3501400560224088,consensus_exceeded,,,,0,31.240,125,64,2048,10.013,1.4320000000000022,0.34916201117318385,consensus_exceeded,,,,0,31.252,126,64,2048,9.920,1.184000000000001,0.4222972972972969,consensus_exceeded,,,,0,31.268,126,64,2048,9.714,1.3999999999999986,0.3571428571428575,consensus_exceeded,,,,0,31.236,125,64,2048,6.201,1.1439999999999984,0.4370629370629377,consensus_exceeded,,,,0,31.256,126,64,2048,9.918,1.3999999999999986,0.3571428571428575,consensus_exceeded,,11.32,6.74,1,31.236,125,64,2048,0.421,1.2000000000000028,0.4166666666666657,,,,,0,31.308,126,64,2048,10.146,1.4000000000000021,0.3571428571428566,consensus_exceeded,,,,0,31.240,125,64,2048,9.740,1.4000000000000021,0.3571428571428566,consensus_exceeded,
88,23,18.13,0,6.37,11.76,1,31.276,126,64,2048,0.543,1.2800000000000011,0.39062499999999967,,,6.27,11.86,1,31.280,126,64,2048,0.348,1.1680000000000001,0.42808219178082185,,,6.34,11.79,1,31.324,126,64,2048,0.494,1.4800000000000002,0.3378378378378378,,,6.43,11.70,1,31.284,126,64,2048,0.665,1.1680000000000001,0.42808219178082185,,,,,0,31.252,126,64,2048,9.912,1.1559999999999988,0.4325259515570939,consensus_exceeded,,6.53,11.59,1,31.460,126,64,2048,0.876,1.1720000000000002,0.4266211604095563,,,6.57,11.56,1,31.256,126,64,2048,0.949,1.3239999999999998,0.3776435045317221,,,6.42,11.71,1,31.280,126,64,2048,0.646,1.1720000000000002,0.4266211604095563,,,6.29,11.84,1,31.280,126,64,2048,0.385,1.2799999999999976,0.3906250000000007,,
89,23,18.19,0,,,0,31.164,125,64,2048,11.848,1.3000000000000007,0.3846153846153844,consensus_exceeded,,,,0,31.176,125,64,2048,11.958,1.131999999999998,0.44169611307420575,consensus_exceeded,,7.31,10.88,1,30.200,121,64,2048,0.067,1.2320000000000002,0.4058441558441558,,,,,0,31.164,125,64,2048,11.958,1.3120000000000012,0.38109756097560943,consensus_exceeded,,12.07,6.12,1,30.508,123,64,2048,0.852,1.1400000000000006,0.43859649122806993,,,,,0,31.156,125,64,2048,11.794,1.3079999999999998,0.3822629969418961,consensus_exceeded,,16.99,1.20,1,31.128,125,64,2048,0.171,1.064,0.4699248120300752,,,,,0,31.000,124,64,2048,11.838,1.1320000000000014,0.44169611307420437,consensus_exceeded,,,,0,30.984,124,64,2048,11.957,1.3039999999999985,0.38343558282208634,consensus_exceeded,
90,23,17.02,0,6.55,10.47,1,30.768,124,64,2048,0.904,2.396000000000001,0.20868113522537557,,,6.45,10.56,1,30.800,124,64,2048,0.721,2.404,0.2079866888519135,,,,,0,30.804,124,64,2048,8.888,1.6679999999999993,0.2997601918465229,consensus_exceeded,,6.43,10.59,1,30.796,124,64,2048,0.674,2.4079999999999977,0.20764119601328923,,,6.57,10.44,1,30.860,124,64,2048,0.958,1.6479999999999997,0.3033980582524272,,,6.46,10.56,1,30.804,124,64,2048,0.729,2.411999999999999,0.20729684908789395,,,6.53,10.49,1,30.868,124,64,2048,0.865,1.6479999999999997,0.3033980582524272,,,6.46,10.55,1,30.804,124,64,2048,0.735,2.411999999999999,0.20729684908789395,,,6.46,10.56,1,30.792,124,64,2048,0.730,2.4120000000000026,0.20729684908789364,,
91,23,18.66,0,,,0,30.620,123,64,2048,5.229,1.0279999999999987,0.48638132295719905,consensus_exceeded,,8.16,10.51,1,30.616,123,64,2048,2.378,1.0,0.5,,,6.84,11.83,1,30.620,123,64,2048,1.487,1.2799999999999994,0.3906250000000002,,,,,0,30.612,123,64,2048,5.252,0.9960000000000004,0.5020080321285139,consensus_exceeded,,12.62,6.04,1,30.644,123,64,2048,0.245,1.1559999999999988,0.4325259515570939,,,,,0,30.636,123,64,2048,4.999,1.0,0.5,consensus_exceeded,,15.47,3.20,1,30.704,123,64,2048,0.814,1.04,0.4807692307692307,,,8.34,10.32,1,30.620,123,64,2048,2.625,1.0,0.5,,,8.19,10.47,1,30.624,123,64,2048,2.209,1.0040000000000004,0.4980079681274898,,
92,23,16.00,0,6.09,9.90,1,30.720,123,64,2048,0.000,1.1559999999999988,0.4325259515570939,,,6.09,9.90,1,30.724,123,64,2048,0.000,1.1719999999999988,0.4266211604095567,,,,,0,31.156,125,64,2048,10.509,1.291999999999998,0.3869969040247684,consensus_exceeded,,6.09,9.90,1,30.720,123,64,2048,0.000,1.1560000000000006,0.4325259515570932,,,,,0,30.680,123,64,2048,16.339,1.0200000000000031,0.49019607843137103,consensus_exceeded,,6.09,9.90,1,30.720,123,64,2048,0.000,1.160000000000002,0.43103448275862,,,,,0,30.736,123,64,2048,19.188,1.0040000000000013,0.4980079681274894,consensus_exceeded,,6.09,9.90,1,30.720,123,64,2048,0.000,1.160000000000002,0.43103448275862,,,6.09,9.90,1,30.724,123,64,2048,0.000,1.152000000000001,0.4340277777777774,,
93,23,18.02,0,18.48,0.46,1,30.144,121,64,2048,0.209,0.9800000000000004,0.5102040816326529,,,6.09,11.93,1,30.680,123,64,2048,0.000,0.9760000000000026,0.5122950819672117,,,7.41,10.61,1,30.628,123,64,2048,1.074,1.2119999999999997,0.41254125412541265,,,,,0,30.144,121,64,2048,12.235,0.9879999999999995,0.5060728744939273,consensus_exceeded,,14.87,3.15,1,30.640,123,64,2048,0.161,1.2639999999999993,0.3955696202531648,,,,,0,30.148,121,64,2048,4.565,0.9879999999999995,0.5060728744939273,consensus_exceeded,,,,0,31.576,127,64,2048,13.219,1.1320000000000014,0.44169611307420437,consensus_exceeded,,6.09,11.93,1,30.144,121,64,2048,0.000,0.9879999999999995,0.5060728744939273,,,18.54,0.51,1,30.152,121,64,2048,0.076,0.9959999999999987,0.5020080321285147,,
94,23,17.93,0,17.84,0.09,1,30.260,122,64,2048,0.680,0.9799999999999995,0.5102040816326533,,,17.77,0.16,1,30.256,122,64,2048,0.784,0.9960000000000004,0.5020080321285139,,,8.82,9.11,1,30.436,122,64,2048,0.016,1.2080000000000002,0.41390728476821187,,,17.80,0.13,1,30.252,122,64,2048,0.840,0.9840000000000009,0.5081300813008126,,,13.49,4.44,1,30.656,123,64,2048,0.392,1.2560000000000002,0.3980891719745222,,,17.84,0.09,1,30.252,122,64,2048,0.995,0.9879999999999995,0.5060728744939273,,,11.01,6.92,1,30.704,123,64,2048,0.486,1.096,0.45620437956204374,,,,,0,30.248,121,64,2048,12.217,0.976,0.5122950819672131,consensus_exceeded,,,,0,30.248,121,64,2048,12.171,0.9919999999999991,0.5040322580645166,consensus_exceeded,
95,23,17.97,0,,,0,30.940,124,64,2048,7.052,1.1280000000000001,0.4432624113475177,consensus_exceeded,,15.36,2.61,1,30.936,124,64,2048,2.016,1.1119999999999983,0.4496402877697849,,,6.41,11.56,1,31.192,125,64,2048,0.631,1.2119999999999997,0.41254125412541265,,,,,0,30.936,124,64,2048,3.424,1.1560000000000006,0.4325259515570932,consensus_exceeded,,,,0,30.972,124,64,2048,7.731,1.227999999999998,0.4071661237785023,consensus_exceeded,,15.23,2.73,1,30.932,124,64,2048,2.236,1.1479999999999997,0.4355400696864113,,,20.61,2.64,1,30.964,124,64,2048,0.085,1.2400000000000002,0.4032258064516128,,,7.18,10.79,1,30.932,124,64,2048,2.163,1.259999999999998,0.39682539682539747,,,17.76,0.21,1,30.940,124,64,2048,0.142,1.2560000000000002,0.3980891719745222,,
96,23,17.95,0,18.17,0.22,1,30.856,124,64,2048,0.589,1.1280000000000001,0.4432624113475177,,,18.21,0.27,1,31.340,126,64,2048,0.489,0.9880000000000031,0.5060728744939256,,,,,0,31.528,127,64,2048,11.600,1.184000000000001,0.4222972972972969,consensus_exceeded,,18.28,0.34,1,31.344,126,64,2048,0.289,0.9840000000000001,0.5081300813008129,,,14.76,3.19,1,31.352,126,64,2048,0.213,1.048,0.47709923664122134,,,,,0,31.336,126,64,2048,4.733,0.9839999999999982,0.5081300813008139,consensus_exceeded,,,,0,31.368,126,64,2048,21.606,1.0760000000000005,0.46468401486988825,consensus_exceeded,,,,0,31.348,126,64,2048,3.110,0.9920000000000001,0.5040322580645161,consensus_exceeded,,18.27,0.32,1,31.340,126,64,2048,0.489,1.0,0.5,,
97,23,17.92,0,6.09,11.83,1,30.664,123,64,2048,0.000,1.1160000000000005,0.44802867383512524,,,,,0,30.660,123,64,2048,11.020,1.1000000000000005,0.4545454545454543,consensus_exceeded,,11.28,6.64,1,31.056,125,64,2048,1.343,1.0199999999999978,0.4901960784313736,,,6.09,11.83,1,30.664,123,64,2048,0.000,1.112000000000001,0.44964028776978376,,,14.16,3.76,1,31.044,125,64,2048,0.949,1.283999999999999,0.38940809968847384,,,6.09,11.83,1,30.664,123,64,2048,0.000,1.1160000000000005,0.44802867383512524,,,20.27,2.35,1,31.040,125,64,2048,0.467,1.0719999999999992,0.46641791044776154,,,20.66,2.74,1,30.672,123,64,2048,1.469,0.9959999999999999,0.5020080321285141,,,19.44,1.51,1,30.660,123,64,2048,2.299,1.2479999999999993,0.4006410256410259,,
98,31,18.90,0,,,0,31.260,126,64,2048,6.510,0.7519999999999989,0.6648936170212776,consensus_exceeded,,,,0,31.260,126,64,2048,6.496,0.7319999999999993,0.6830601092896181,consensus_exceeded,,,,0,31.264,126,64,2048,6.333,0.7319999999999993,0.6830601092896181,consensus_exceeded,,,,0,31.256,126,64,2048,6.438,0.7439999999999998,0.6720430107526884,consensus_exceeded,,,,0,31.256,126,64,2048,7.113,0.7479999999999976,0.6684491978609648,consensus_exceeded,,,,0,31.256,126,64,2048,6.450,0.7480000000000011,0.6684491978609616,consensus_exceeded,,,,0,31.244,125,64,2048,6.526,0.7399999999999984,0.6756756756756771,consensus_exceeded,,,,0,31.260,126,64,2048,6.270,0.7480000000000011,0.6684491978609616,consensus_exceeded,,,,0,31.268,126,64,2048,6.429,0.740000000000002,0.6756756756756739,consensus_exceeded,
99,31,19.17,0,,,0,31.092,125,64,2048,13.338,0.7280000000000015,0.6868131868131854,consensus_exceeded,,,,0,31.088,125,64,2048,8.323,0.7319999999999993,0.6830601092896181,consensus_exceeded,,,,0,31.092,125,64,2048,13.304,0.7319999999999993,0.6830601092896181,consensus_exceeded,,,,0,31.100,125,64,2048,13.368,0.7320000000000029,0.6830601092896148,consensus_exceeded,,,,0,31.092,125,64,2048,13.185,0.7360000000000007,0.6793478260869559,consensus_exceeded,,,,0,31.096,125,64,2048,13.360,0.7320000000000029,0.6830601092896148,consensus_exceeded,,,,0,31.092,125,64,2048,8.574,0.7279999999999998,0.686813186813187,consensus_exceeded,,,,0,31.096,125,64,2048,13.349,0.7320000000000029,0.6830601092896148,consensus_exceeded,,,,0,31.096,125,64,2048,13.371,0.7359999999999971,0.6793478260869592,consensus_exceeded,
100,31,18.14,0,,,0,30.980,124,64,2048,10.376,0.7320000000000002,0.6830601092896172,consensus_exceeded,,,,0,31.336,126,64,2048,10.227,0.7319999999999993,0.6830601092896181,consensus_exceeded,,,,0,30.984,124,64,2048,7.840,0.7599999999999989,0.6578947368421062,consensus_exceeded,,,,0,31.336,126,64,2048,10.748,0.7359999999999989,0.6793478260869575,consensus_exceeded,,,,0,30.996,124,64,2048,6.635,0.7479999999999993,0.6684491978609631,consensus_exceeded,,,,0,30.988,124,64,2048,10.667,0.7359999999999989,0.6793478260869575,consensus_exceeded,,,,0,31.004,125,64,2048,9.937,0.7520000000000007,0.664893617021276,consensus_exceeded,,,,0,30.988,124,64,2048,10.131,0.7319999999999993,0.6830601092896181,consensus_exceeded,,,,0,31.336,126,64,2048,10.794,0.7359999999999989,0.6793478260869575,consensus_exceeded,
101,31,16.23,0,,,0,31.624,127,64,2048,11.250,0.7280000000000015,0.6868131868131854,consensus_exceeded,,,,0,30.560,123,64,2048,11.075,0.879999999999999,0.5681818181818188,consensus_exceeded,,,,0,30.552,123,64,2048,10.915,0.8960000000000008,0.5580357142857137,consensus_exceeded,,,,0,31.604,127,64,2048,11.262,0.8840000000000003,0.5656108597285066,consensus_exceeded,,,,0,31.256,126,64,2048,11.628,0.7240000000000002,0.6906077348066296,consensus_exceeded,,,,0,31.624,127,64,2048,11.047,0.9480000000000004,0.5274261603375525,consensus_exceeded,,,,0,31.256,126,64,2048,11.284,0.8800000000000026,0.5681818181818166,consensus_exceeded,,,,0,31.616,127,64,2048,11.291,0.7320000000000002,0.6830601092896172,consensus_exceeded,,,,0,31.616,127,64,2048,11.177,0.9559999999999995,0.5230125523012555,consensus_exceeded,
102,31,17.67,0,,,0,31.132,125,64,2048,11.886,0.7479999999999993,0.6684491978609631,consensus_exceeded,,,,0,31.136,125,64,2048,11.896,0.7519999999999989,0.6648936170212776,consensus_exceeded,,,,0,31.124,125,64,2048,11.880,0.7479999999999993,0.6684491978609631,consensus_exceeded,,,,0,31.132,125,64,2048,11.877,0.7479999999999993,0.6684491978609631,consensus_exceeded,,,,0,31.112,125,64,2048,11.924,0.7560000000000002,0.6613756613756612,consensus_exceeded,,,,0,31.140,125,64,2048,11.879,0.7479999999999993,0.6684491978609631,consensus_exceeded,,,,0,31.156,125,64,2048,11.963,0.7520000000000024,0.6648936170212745,consensus_exceeded,,,,0,31.136,125,64,2048,11.875,0.7439999999999998,0.6720430107526884,consensus_exceeded,,,,0,31.136,125,64,2048,11.886,0.7519999999999989,0.6648936170212776,consensus_exceeded,
103,31,19.08,0,,,0,31.012,125,64,2048,12.436,0.740000000000002,0.6756756756756739,consensus_exceeded,,,,0,31.016,125,64,2048,12.433,0.740000000000002,0.6756756756756739,consensus_exceeded,,,,0,31.008,125,64,2048,12.394,0.7439999999999998,0.6720430107526884,consensus_exceeded,,,,0,31.012,125,64,2048,12.435,0.740000000000002,0.6756756756756739,consensus_exceeded,,,,0,31.012,125,64,2048,12.225,0.7519999999999989,0.6648936170212776,consensus_exceeded,,,,0,31.012,125,64,2048,12.438,0.740000000000002,0.6756756756756739,consensus_exceeded,,,,0,31.016,125,64,2048,11.256,0.7519999999999989,0.6648936170212776,consensus_exceeded,,,,0,31.012,125,64,2048,12.437,0.7439999999999998,0.6720430107526884,consensus_exceeded,,,,0,31.012,125,64,2048,12.431,0.7439999999999998,0.6720430107526884,consensus_exceeded,
104,31,18.36,1,6.27,12.09,1,30.704,123,64,2048,0.354,0.7439999999999998,0.6720430107526884,,0.00,6.25,12.11,1,30.704,123,64,2048,0.318,0.7439999999999998,0.6720430107526884,,0.02,6.27,12.09,1,30.708,123,64,2048,0.350,0.7639999999999993,0.6544502617801052,,0.00,6.25,12.11,1,30.704,123,64,2048,0.315,0.7439999999999998,0.6720430107526884,,0.02,6.20,12.16,1,30.692,123,64,2048,0.220,0.7439999999999998,0.6720430107526884,,0.07,6.30,12.07,1,30.700,123,64,2048,0.406,0.7439999999999998,0.6720430107526884,,0.03,6.17,12.20,1,30.708,123,64,2048,0.143,0.7519999999999989,0.6648936170212776,,0.11,6.25,12.11,1,30.696,123,64,2048,0.314,0.7439999999999998,0.6720430107526884,,0.02,6.27,12.09,1,30.704,123,64,2048,0.360,0.7439999999999998,0.6720430107526884,,0.00
105,31,18.35,0,,,0,30.988,124,64,2048,11.039,0.7399999999999999,0.6756756756756758,consensus_exceeded,,,,0,30.988,124,64,2048,11.035,0.7399999999999999,0.6756756756756758,consensus_exceeded,,,,0,30.980,124,64,2048,11.324,0.7440000000000007,0.6720430107526876,consensus_exceeded,,,,0,30.984,124,64,2048,11.086,0.7360000000000007,0.6793478260869559,consensus_exceeded,,,,0,30.984,124,64,2048,10.804,0.7400000000000001,0.6756756756756755,consensus_exceeded,,,,0,30.988,124,64,2048,11.056,0.7399999999999999,0.6756756756756758,consensus_exceeded,,,,0,30.960,124,64,2048,11.003,0.7440000000000007,0.6720430107526876,consensus_exceeded,,,,0,30.984,124,64,2048,11.070,0.7400000000000002,0.6756756756756754,consensus_exceeded,,,,0,30.988,124,64,2048,11.061,0.7359999999999989,0.6793478260869575,consensus_exceeded,
106,31,18.43,0,,,0,31.028,125,64,2048,4.772,0.7439999999999998,0.6720430107526884,consensus_exceeded,,,,0,31.024,125,64,2048,4.567,0.7400000000000002,0.6756756756756754,consensus_exceeded,,17.34,1.09,1,31.036,125,64,2048,1.950,0.7519999999999989,0.6648936170212776,,,,,0,31.028,125,64,2048,4.185,0.7400000000000002,0.6756756756756754,consensus_exceeded,,17.79,0.63,1,31.036,125,64,2048,1.176,0.7439999999999998,0.6720430107526884,,,,,0,31.032,125,64,2048,4.887,0.7400000000000002,0.6756756756756754,consensus_exceeded,,17.89,0.54,1,31.044,125,64,2048,0.943,0.7560000000000002,0.6613756613756612,,,,,0,31.028,125,64,2048,3.266,0.7400000000000002,0.6756756756756754,consensus_exceeded,,,,0,31.032,125,64,2048,5.138,0.7439999999999998,0.6720430107526884,consensus_exceeded,
107,31,17.50,0,,,0,30.708,123,64,2048,12.292,0.7960000000000003,0.6281407035175878,consensus_exceeded,,,,0,30.704,123,64,2048,12.278,0.7999999999999998,0.6250000000000001,consensus_exceeded,,,,0,30.696,123,64,2048,11.838,0.7599999999999998,0.6578947368421054,consensus_exceeded,,,,0,30.700,123,64,2048,12.253,0.7959999999999994,0.6281407035175884,consensus_exceeded,,,,0,31.404,126,64,2048,12.519,0.7599999999999998,0.6578947368421054,consensus_exceeded,,,,0,30.696,123,64,2048,12.189,0.7919999999999998,0.6313131313131315,consensus_exceeded,,,,0,31.420,126,64,2048,10.715,0.7679999999999998,0.6510416666666669,consensus_exceeded,,,,0,30.704,123,64,2048,12.310,0.7919999999999998,0.6313131313131315,consensus_exceeded,,,,0,30.700,123,64,2048,12.086,0.7959999999999994,0.6281407035175884,consensus_exceeded,
108,31,17.28,0,,,0,30.564,123,64,2048,10.942,0.7519999999999989,0.6648936170212776,consensus_exceeded,,,,0,30.564,123,64,2048,10.937,0.7560000000000002,0.6613756613756612,consensus_exceeded,,,,0,30.552,123,64,2048,11.049,0.7519999999999989,0.6648936170212776,consensus_exceeded,,,,0,30.564,123,64,2048,10.967,0.7520000000000024,0.6648936170212745,consensus_exceeded,,,,0,31.292,126,64,2048,9.730,0.7560000000000002,0.6613756613756612,consensus_exceeded,,,,0,30.556,123,64,2048,10.953,0.7560000000000002,0.6613756613756612,consensus_exceeded,,,,0,31.292,126,64,2048,11.137,0.7759999999999998,0.6443298969072166,consensus_exceeded,,,,0,30.568,123,64,2048,10.938,0.7600000000000016,0.6578947368421039,consensus_exceeded,,,,0,30.560,123,64,2048,10.953,0.7520000000000024,0.6648936170212745,consensus_exceeded,
109,31,17.43,0,,,0,30.980,124,64,2048,11.712,0.759999999999998,0.657894736842107,consensus_exceeded,,,,0,30.980,124,64,2048,11.710,0.7639999999999993,0.6544502617801052,consensus_exceeded,,,,0,30.976,124,64,2048,11.420,0.7639999999999993,0.6544502617801052,consensus_exceeded,,,,0,30.980,124,64,2048,11.719,0.7640000000000002,0.6544502617801045,consensus_exceeded,,,,0,30.984,124,64,2048,11.727,0.7679999999999998,0.6510416666666669,consensus_exceeded,,,,0,30.984,124,64,2048,11.723,0.7600000000000007,0.6578947368421046,consensus_exceeded,,,,0,30.976,124,64,2048,11.665,0.7680000000000007,0.6510416666666661,consensus_exceeded,,,,0,30.976,124,64,2048,11.731,0.7640000000000002,0.6544502617801045,consensus_exceeded,,,,0,30.976,124,64,2048,11.722,0.759999999999998,0.657894736842107,consensus_exceeded,
110,31,17.54,0,,,0,31.460,126,64,2048,12.248,0.7560000000000002,0.6613756613756612,consensus_exceeded,,,,0,31.464,126,64,2048,12.225,0.7519999999999989,0.6648936170212776,consensus_exceeded,,,,0,31.452,126,64,2048,12.161,0.7560000000000002,0.6613756613756612,consensus_exceeded,,,,0,31.456,126,64,2048,12.200,0.7560000000000002,0.6613756613756612,consensus_exceeded,,,,0,31.472,126,64,2048,12.359,0.7639999999999993,0.6544502617801052,consensus_exceeded,,,,0,31.460,126,64,2048,12.212,0.7560000000000002,0.6613756613756612,consensus_exceeded,,,,0,31.460,126,64,2048,12.233,0.7680000000000007,0.6510416666666661,consensus_exceeded,,,,0,31.460,126,64,2048,12.232,0.7520000000000024,0.6648936170212745,consensus_exceeded,,,,0,31.460,126,64,2048,12.200,0.7560000000000002,0.6613756613756612,consensus_exceeded,
111,31,18.67,0,17.98,0.68,1,31.260,126,64,2048,0.464,0.7440000000000002,0.672043010752688,,,17.78,0.88,1,31.260,126,64,2048,0.890,0.7439999999999998,0.6720430107526884,,,,,0,31.260,126,64,2048,7.901,0.7520000000000007,0.664893617021276,consensus_exceeded,,17.95,0.72,1,31.260,126,64,2048,0.578,0.748,0.6684491978609626,,,17.58,1.09,1,31.264,126,64,2048,1.277,0.7560000000000002,0.6613756613756612,,,17.89,0.78,1,31.260,126,64,2048,0.697,0.748,0.6684491978609626,,,17.74,0.93,1,31.244,125,64,2048,1.200,0.7519999999999989,0.6648936170212776,,,18.00,0.67,1,31.260,126,64,2048,0.484,0.744,0.6720430107526881,,,17.95,0.72,1,31.260,126,64,2048,0.633,0.748,0.6684491978609626,,
112,37,15.20,0,,,0,31.276,126,64,2048,6.208,1.6560000000000006,0.30193236714975835,consensus_exceeded,,,,0,31.308,126,64,2048,6.226,1.6400000000000006,0.3048780487804877,consensus_exceeded,,,,0,31.316,126,64,2048,6.214,1.6479999999999997,0.3033980582524272,consensus_exceeded,,,,0,31.284,126,64,2048,6.217,1.6440000000000001,0.3041362530413625,consensus_exceeded,,,,0,31.328,126,64,2048,5.903,1.7120000000000006,0.29205607476635503,consensus_exceeded,,,,0,31.296,126,64,2048,6.224,1.6360000000000001,0.30562347188264055,consensus_exceeded,,,,0,31.304,126,64,2048,5.982,1.58,0.3164556962025316,consensus_exceeded,,,,0,31.288,126,64,2048,6.200,1.6400000000000006,0.3048780487804877,consensus_exceeded,,,,0,31.284,126,64,2048,6.225,1.6319999999999997,0.3063725490196079,consensus_exceeded,
113,37,20.10,0,,,0,31.284,126,64,2048,14.937,0.7640000000000002,0.6544502617801045,consensus_exceeded,,,,0,31.296,126,64,2048,14.942,0.7599999999999998,0.6578947368421054,consensus_exceeded,,,,0,31.300,126,64,2048,14.969,0.9039999999999999,0.5530973451327434,consensus_exceeded,,,,0,31.292,126,64,2048,14.950,0.7640000000000002,0.6544502617801045,consensus_exceeded,,,,0,31.296,126,64,2048,15.019,0.7199999999999998,0.6944444444444446,consensus_exceeded,,,,0,31.292,126,64,2048,14.954,0.7679999999999998,0.6510416666666669,consensus_exceeded,,,,0,31.304,126,64,2048,15.015,0.6959999999999997,0.7,consensus_exceeded,,,,0,31.296,126,64,2048,14.969,0.7640000000000002,0.6544502617801045,consensus_exceeded,,,,0,31.292,126,64,2048,14.940,0.7679999999999998,0.6510416666666669,consensus_exceeded,
114,37,18.91,0,,,0,31.260,126,64,2048,9.433,0.6999999999999993,0.7,consensus_exceeded,,,,0,31.260,126,64,2048,9.528,0.7120000000000033,0.7,consensus_exceeded,,,,0,31.264,126,64,2048,8.517,0.6960000000000015,0.7,consensus_exceeded,,,,0,31.264,126,64,2048,9.405,0.7040000000000006,0.7,consensus_exceeded,,,,0,31.256,126,64,2048,8.735,0.7039999999999988,0.7,consensus_exceeded,,,,0,31.264,126,64,2048,9.463,0.695999999999998,0.7,consensus_exceeded,,,,0,31.264,126,64,2048,9.256,0.7160000000000011,0.6983240223463677,consensus_exceeded,,,,0,31.268,126,64,2048,9.424,0.6920000000000002,0.7,consensus_exceeded,,,,0,31.252,126,64,2048,9.373,0.708000000000002,0.7,consensus_exceeded,
115,37,17.52,0,,,0,30.840,124,64,2048,10.223,0.7199999999999998,0.6944444444444446,consensus_exceeded,,,,0,30.836,124,64,2048,10.313,0.7279999999999998,0.686813186813187,consensus_exceeded,,,,0,30.828,124,64,2048,10.759,0.7520000000000024,0.6648936170212745,consensus_exceeded,,,,0,30.840,124,64,2048,10.219,0.7280000000000015,0.6868131868131854,consensus_exceeded,,,,0,30.868,124,64,2048,9.471,0.7039999999999997,0.7,consensus_exceeded,,,,0,30.844,124,64,2048,10.138,0.7280000000000015,0.6868131868131854,consensus_exceeded,,,,0,30.836,124,64,2048,9.878,0.7159999999999993,0.6983240223463694,consensus_exceeded,,,,0,30.840,124,64,2048,10.066,0.7199999999999998,0.6944444444444446,consensus_exceeded,,,,0,30.832,124,64,2048,10.165,0.7240000000000002,0.6906077348066296,consensus_exceeded,
116,37,18.45,0,,,0,30.832,124,64,2048,11.717,0.7200000000000024,0.6944444444444421,consensus_exceeded,,,,0,30.832,124,64,2048,11.720,0.7159999999999975,0.6983240223463711,consensus_exceeded,,17.92,0.53,1,30.824,124,64,2048,0.330,0.7279999999999998,0.686813186813187,,,,,0,30.824,124,64,2048,11.718,0.7160000000000011,0.6983240223463677,consensus_exceeded,,,,0,30.844,124,64,2048,11.747,0.7119999999999997,0.7,consensus_exceeded,,,,0,30.824,124,64,2048,11.725,0.727999999999998,0.6868131868131887,consensus_exceeded,,,,0,30.836,124,64,2048,11.761,0.708000000000002,0.7,consensus_exceeded,,,,0,30.828,124,64,2048,11.703,0.7200000000000024,0.6944444444444421,consensus_exceeded,,,,0,30.832,124,64,2048,11.731,0.7280000000000015,0.6868131868131854,consensus_exceeded,
117,37,19.18,0,,,0,30.908,124,64,2048,8.471,0.9879999999999995,0.5060728744939273,consensus_exceeded,,,,0,30.916,124,64,2048,8.456,0.7240000000000002,0.6906077348066296,consensus_exceeded,,,,0,30.904,124,64,2048,8.714,1.0079999999999991,0.4960317460317465,consensus_exceeded,,,,0,30.912,124,64,2048,8.470,0.7320000000000029,0.6830601092896148,consensus_exceeded,,19.09,0.09,1,30.920,124,64,2048,0.093,0.7000000000000028,0.7,,,19.03,0.15,1,30.920,124,64,2048,0.196,0.7320000000000029,0.6830601092896148,,,,,0,30.932,124,64,2048,8.703,0.6960000000000015,0.7,consensus_exceeded,,,,0,30.916,124,64,2048,8.439,0.7360000000000007,0.6793478260869559,consensus_exceeded,,19.01,0.17,1,30.920,124,64,2048,0.236,0.7320000000000029,0.6830601092896148,,
118,37,19.51,0,,,0,31.020,125,64,2048,3.409,0.7360000000000007,0.6793478260869559,consensus_exceeded,,,,0,31.016,125,64,2048,13.301,0.6879999999999988,0.7,consensus_exceeded,,,,0,31.020,125,64,2048,13.443,0.7000000000000028,0.7,consensus_exceeded,,,,0,31.024,125,64,2048,3.695,0.7439999999999998,0.6720430107526884,consensus_exceeded,,18.08,1.43,1,30.988,124,64,2048,2.836,0.695999999999998,0.7,,,,,0,31.024,125,64,2048,3.681,0.740000000000002,0.6756756756756739,consensus_exceeded,,17.97,1.55,1,30.992,124,64,2048,2.950,0.7119999999999997,0.7,,,,,0,31.024,125,64,2048,3.750,0.740000000000002,0.6756756756756739,consensus_exceeded,,,,0,31.024,125,64,2048,3.686,0.7360000000000007,0.6793478260869559,consensus_exceeded,
119,37,19.77,0,,,0,30.932,124,64,2048,10.979,0.6920000000000002,0.7,consensus_exceeded,,,,0,30.932,124,64,2048,10.978,0.6880000000000002,0.7,consensus_exceeded,,,,0,30.940,124,64,2048,10.784,0.6960000000000015,0.7,consensus_exceeded,,,,0,30.940,124,64,2048,10.940,0.6920000000000002,0.7,consensus_exceeded,,8.91,10.86,1,30.912,124,64,2048,1.531,0.6960000000000002,0.7,,,,,0,30.944,124,64,2048,10.995,0.695999999999998,0.7,consensus_exceeded,,,,0,30.924,124,64,2048,10.734,0.6960000000000015,0.7,consensus_exceeded,,,,0,30.936,124,64,2048,10.971,0.6920000000000002,0.7,consensus_exceeded,,,,0,30.936,124,64,2048,10.980,0.695999999999998,0.7,consensus_exceeded,
120,37,19.14,1,13.51,5.63,1,31.060,125,64,2048,0.161,0.8959999999999999,0.5580357142857143,,0.00,13.22,5.91,1,31.060,125,64,2048,0.594,0.9160000000000004,0.5458515283842793,,0.28,13.68,5.45,1,31.048,125,64,2048,0.358,0.7119999999999997,0.7,,0.18,13.26,5.88,1,31.052,125,64,2048,0.511,0.9039999999999999,0.5530973451327434,,0.25,14.02,5.11,1,31.076,125,64,2048,0.237,0.7159999999999975,0.6983240223463711,,0.51,13.50,5.63,1,31.056,125,64,2048,0.147,0.8999999999999995,0.5555555555555559,,0.00,13.99,5.14,1,31.060,125,64,2048,0.130,0.7160000000000011,0.6983240223463677,,0.49,13.50,5.64,1,31.052,125,64,2048,0.179,0.8999999999999995,0.5555555555555559,,0.01,13.52,5.62,1,31.056,125,64,2048,0.126,0.9039999999999999,0.5530973451327434,,0.01
121,37,19.27,1,18.21,1.06,1,31.272,126,64,2048,2.730,0.7880000000000003,0.6345177664974617,,0.00,18.13,1.14,1,31.328,126,64,2048,2.870,0.7359999999999989,0.6793478260869575,,0.08,18.49,0.78,1,31.304,126,64,2048,2.248,0.6880000000000024,0.7,,0.29,18.13,1.14,1,31.272,126,64,2048,2.876,0.7400000000000002,0.6756756756756754,,0.08,18.30,0.97,1,31.308,126,64,2048,2.775,0.6999999999999993,0.7,,0.09,18.12,1.15,1,31.268,126,64,2048,2.932,0.7320000000000011,0.6830601092896165,,0.09,18.27,1.00,1,31.288,126,64,2048,2.801,0.7200000000000006,0.6944444444444439,,0.06,18.09,1.17,1,31.268,126,64,2048,2.910,0.7320000000000011,0.6830601092896165,,0.11,18.11,1.16,1,31.268,126,64,2048,2.916,0.724000000000002,0.690607734806628,,0.10
122,37,19.21,0,,,0,30.864,124,64,2048,8.645,0.8599999999999994,0.5813953488372097,consensus_exceeded,,,,0,30.872,124,64,2048,8.840,0.8640000000000008,0.5787037037037032,consensus_exceeded,,,,0,30.868,124,64,2048,8.887,1.008,0.49603174603174605,consensus_exceeded,,,,0,30.872,124,64,2048,8.548,1.2639999999999993,0.3955696202531648,consensus_exceeded,,,,0,30.860,124,64,2048,6.713,0.815999999999999,0.6127450980392165,consensus_exceeded,,,,0,30.872,124,64,2048,8.611,0.8679999999999986,0.576036866359448,consensus_exceeded,,,,0,30.864,124,64,2048,8.012,0.9360000000000035,0.5341880341880322,consensus_exceeded,,,,0,30.872,124,64,2048,8.422,0.8559999999999981,0.5841121495327116,consensus_exceeded,,,,0,30.872,124,64,2048,8.360,1.272000000000002,0.39308176100628867,consensus_exceeded,
123,37,18.71,0,,,0,30.932,124,64,2048,8.007,0.7560000000000002,0.6613756613756612,consensus_exceeded,,,,0,30.916,124,64,2048,11.963,0.7560000000000002,0.6613756613756612,consensus_exceeded,,,,0,30.628,123,64,2048,8.195,0.9880000000000001,0.5060728744939271,consensus_exceeded,,,,0,30.916,124,64,2048,11.966,0.78,0.641025641025641,consensus_exceeded,,,,0,30.896,124,64,2048,12.072,0.7439999999999998,0.6720430107526884,consensus_exceeded,,,,0,30.912,124,64,2048,11.975,0.7519999999999989,0.6648936170212776,consensus_exceeded,,,,0,30.948,124,64,2048,8.177,0.74,0.6756756756756757,consensus_exceeded,,,,0,30.916,124,64,2048,11.996,0.7519999999999989,0.6648936170212776,consensus_exceeded,,,,0,30.912,124,64,2048,11.981,0.7519999999999989,0.6648936170212776,consensus_exceeded,
124,37,19.27,1,6.18,13.10,1,30.920,124,64,2048,0.163,0.863999999999999,0.5787037037037044,,0.00,6.24,13.04,1,30.576,123,64,2048,0.286,0.8600000000000012,0.5813953488372084,,0.06,6.45,12.83,1,30.580,123,64,2048,0.706,0.8759999999999977,0.570776255707764,,0.27,6.20,13.08,1,30.924,124,64,2048,0.208,0.8840000000000003,0.5656108597285066,,0.02,6.15,13.12,1,30.908,124,64,2048,0.117,0.9480000000000004,0.5274261603375525,,0.02,6.18,13.09,1,30.920,124,64,2048,0.172,0.8680000000000003,0.5760368663594468,,0.00,6.09,13.18,1,30.908,124,64,2048,0.000,0.7319999999999993,0.6830601092896181,,0.08,6.16,13.11,1,30.920,124,64,2048,0.140,0.8559999999999999,0.5841121495327104,,0.01,6.16,13.11,1,30.928,124,64,2048,0.140,0.8720000000000017,0.5733944954128429,,0.01
125,37,18.42,0,,,0,30.836,124,64,2048,6.454,0.7560000000000002,0.6613756613756612,consensus_exceeded,,,,0,30.836,124,64,2048,6.640,0.7520000000000024,0.6648936170212745,consensus_exceeded,,,,0,30.836,124,64,2048,5.984,0.7240000000000002,0.6906077348066296,consensus_exceeded,,,,0,30.824,124,64,2048,6.335,0.7560000000000002,0.6613756613756612,consensus_exceeded,,,,0,30.844,124,64,2048,6.836,0.7319999999999993,0.6830601092896181,consensus_exceeded,,,,0,30.824,124,64,2048,6.364,0.759999999999998,0.657894736842107,consensus_exceeded,,,,0,30.848,124,64,2048,7.006,0.7000000000000011,0.7,consensus_exceeded,,,,0,30.828,124,64,2048,6.377,0.7639999999999993,0.6544502617801052,consensus_exceeded,,,,0,30.836,124,64,2048,6.414,0.7479999999999976,0.6684491978609648,consensus_exceeded,
126,42,17.46,1,17.67,0.21,1,31.120,125,64,2048,0.611,0.7640000000000002,0.6544502617801045,,0.00,17.61,0.15,1,31.116,125,64,2048,0.668,0.7800000000000002,0.6410256410256409,,0.07,17.52,0.06,1,31.104,125,64,2048,0.671,0.7760000000000007,0.6443298969072159,,0.16,17.67,0.21,1,31.112,125,64,2048,0.573,0.7680000000000002,0.6510416666666665,,0.01,17.61,0.15,1,31.108,125,64,2048,1.049,0.7519999999999989,0.6648936170212776,,0.07,17.68,0.22,1,31.120,125,64,2048,0.545,0.7520000000000007,0.664893617021276,,0.01,17.49,0.03,1,31.112,125,64,2048,0.825,0.7479999999999993,0.6684491978609631,,0.18,17.73,0.27,1,31.120,125,64,2048,0.541,0.7720000000000002,0.6476683937823832,,0.06,17.66,0.20,1,31.120,125,64,2048,0.612,0.7439999999999998,0.6720430107526884,,0.01
127,42,17.58,1,17.74,0.15,1,31.056,125,64,2048,0.465,0.759999999999998,0.657894736842107,,0.00,17.69,0.11,1,31.052,125,64,2048,0.517,0.7400000000000002,0.6756756756756754,,0.05,17.82,0.24,1,31.044,125,64,2048,0.334,0.7559999999999993,0.661375661375662,,0.08,17.74,0.15,1,31.072,125,64,2048,0.478,0.7360000000000007,0.6793478260869559,,0.00,17.30,0.29,1,31.020,125,64,2048,1.113,0.7519999999999989,0.6648936170212776,,0.44,17.72,0.14,1,31.072,125,64,2048,0.486,0.7560000000000002,0.6613756613756612,,0.02,17.44,0.15,1,31.036,125,64,2048,1.184,0.7480000000000011,0.6684491978609616,,0.30,17.72,0.13,1,31.060,125,64,2048,0.483,0.7560000000000002,0.6613756613756612,,0.02,17.73,0.14,1,31.056,125,64,2048,0.468,0.7399999999999984,0.6756756756756771,,0.01
128,42,17.24,1,17.63,0.40,1,31.052,125,64,2048,0.199,0.7759999999999998,0.6443298969072166,,0.00,17.69,0.46,1,31.412,126,64,2048,0.068,0.7759999999999998,0.6443298969072166,,0.06,17.69,0.45,1,31.408,126,64,2048,0.483,0.7560000000000002,0.6613756613756612,,0.05,17.60,0.37,1,31.416,126,64,2048,0.030,0.7839999999999989,0.6377551020408172,,0.03,17.60,0.36,1,31.404,126,64,2048,0.199,0.7599999999999998,0.6578947368421054,,0.04,17.57,0.34,1,31.060,125,64,2048,0.151,0.7799999999999994,0.6410256410256415,,0.06,17.62,0.38,1,31.400,126,64,2048,0.202,0.7679999999999989,0.6510416666666676,,0.01,17.58,0.34,1,31.056,125,64,2048,0.084,0.7799999999999994,0.6410256410256415,,0.05,17.65,0.42,1,31.412,126,64,2048,0.008,0.7759999999999998,0.6443298969072166,,0.02
129,42,16.55,0,16.67,0.12,1,31.224,125,64,2048,0.474,0.7680000000000007,0.6510416666666661,,,,,0,31.248,125,64,2048,10.243,0.740000000000002,0.6756756756756739,consensus_exceeded,,16.63,0.08,1,31.256,126,64,2048,0.514,0.740000000000002,0.6756756756756739,,,,,0,31.220,125,64,2048,10.311,0.7640000000000029,0.6544502617801022,consensus_exceeded,,16.81,0.26,1,31.288,126,64,2048,0.711,0.7600000000000016,0.6578947368421039,,,,,0,31.228,125,64,2048,10.323,0.7640000000000029,0.6544502617801022,consensus_exceeded,,,,0,31.268,126,64,2048,10.168,0.7599999999999998,0.6578947368421054,consensus_exceeded,,,,0,31.220,125,64,2048,10.302,0.7640000000000029,0.6544502617801022,consensus_exceeded,,,,0,31.228,125,64,2048,10.403,0.7719999999999985,0.6476683937823847,consensus_exceeded,
130,42,17.83,1,17.95,0.12,1,31.440,126,64,2048,0.239,0.7479999999999976,0.6684491978609648,,0.00,18.00,0.17,1,31.432,126,64,2048,0.260,0.7360000000000007,0.6793478260869559,,0.05,18.00,0.17,1,30.724,123,64,2048,0.119,0.7640000000000029,0.6544502617801022,,0.05,17.97,0.14,1,31.456,126,64,2048,0.143,0.7400000000000002,0.6756756756756754,,0.02,18.20,0.37,1,31.452,126,64,2048,0.594,0.7479999999999993,0.6684491978609631,,0.25,17.98,0.15,1,31.452,126,64,2048,0.137,0.7280000000000015,0.6868131868131854,,0.03,18.14,0.31,1,31.440,126,64,2048,0.477,0.7480000000000002,0.6684491978609624,,0.19,17.93,0.10,1,31.444,126,64,2048,0.089,0.772000000000002,0.6476683937823817,,0.02,17.97,0.14,1,31.444,126,64,2048,0.118,0.7320000000000011,0.6830601092896165,,0.02
131,42,17.47,1,17.59,0.12,1,30.740,123,64,2048,0.669,0.7439999999999998,0.6720430107526884,,0.00,17.51,0.04,1,30.768,124,64,2048,0.604,0.7319999999999993,0.6830601092896181,,0.08,17.45,0.02,1,30.760,124,64,2048,0.868,0.740000000000002,0.6756756756756739,,0.14,17.58,0.11,1,30.760,124,64,2048,0.529,0.756,0.6613756613756614,,0.01,17.31,0.16,1,30.764,124,64,2048,0.306,0.7519999999999989,0.6648936170212776,,0.28,17.53,0.06,1,30.764,124,64,2048,0.540,0.752,0.6648936170212766,,0.06,17.48,0.01,1,30.752,124,64,2048,0.635,0.7439999999999998,0.6720430107526884,,0.11,17.53,0.05,1,30.760,124,64,2048,0.511,0.752,0.6648936170212766,,0.06,17.54,0.07,1,30.768,124,64,2048,0.560,0.7440000000000033,0.6720430107526851,,0.05
132,42,17.43,1,17.05,0.37,1,31.276,126,64,2048,0.037,0.7480000000000011,0.6684491978609616,,0.00,17.11,0.32,1,31.272,126,64,2048,0.026,0.7360000000000007,0.6793478260869559,,0.06,17.15,0.28,1,31.264,126,64,2048,0.057,0.7359999999999971,0.6793478260869592,,0.10,17.07,0.35,1,31.268,126,64,2048,0.003,0.7439999999999998,0.6720430107526884,,0.02,16.88,0.55,1,31.272,126,64,2048,0.019,0.7680000000000007,0.6510416666666661,,0.17,17.03,0.40,1,31.268,126,64,2048,0.061,0.7480000000000011,0.6684491978609616,,0.03,17.02,0.40,1,31.260,126,64,2048,0.185,0.7519999999999989,0.6648936170212776,,0.03,17.03,0.40,1,31.264,126,64,2048,0.031,0.7480000000000011,0.6684491978609616,,0.03,17.05,0.38,1,31.268,126,64,2048,0.004,0.7560000000000002,0.6613756613756612,,0.00
133,42,16.96,1,16.96,0.00,1,30.900,124,64,2048,0.424,0.7560000000000002,0.6613756613756612,,0.00,16.93,0.03,1,30.900,124,64,2048,0.522,0.7560000000000002,0.6613756613756612,,0.03,17.00,0.04,1,30.896,124,64,2048,0.439,0.7800000000000011,0.6410256410256401,,0.04,16.89,0.07,1,30.896,124,64,2048,0.474,0.7560000000000002,0.6613756613756612,,0.07,16.84,0.12,1,30.900,124,64,2048,0.605,0.7600000000000016,0.6578947368421039,,0.12,16.89,0.07,1,30.896,124,64,2048,0.476,0.7599999999999998,0.6578947368421054,,0.07,16.76,0.20,1,30.900,124,64,2048,0.643,0.7560000000000002,0.6613756613756612,,0.20,16.93,0.03,1,30.896,124,64,2048,0.438,0.7599999999999998,0.6578947368421054,,0.03,16.88,0.08,1,30.896,124,64,2048,0.435,0.7520000000000002,0.6648936170212764,,0.08
134,42,17.25,1,17.39,0.13,1,31.244,125,64,2048,0.697,0.7439999999999998,0.6720430107526884,,0.00,17.36,0.11,1,31.244,125,64,2048,0.885,0.7479999999999993,0.6684491978609631,,0.02,17.44,0.19,1,31.232,125,64,2048,0.683,0.775999999999998,0.6443298969072181,,0.05,17.41,0.15,1,31.248,125,64,2048,0.601,0.7440000000000015,0.6720430107526868,,0.02,17.51,0.25,1,31.268,126,64,2048,0.345,0.756,0.6613756613756614,,0.12,17.37,0.12,1,31.244,125,64,2048,0.664,0.7440000000000015,0.6720430107526868,,0.02,17.53,0.27,1,31.236,125,64,2048,0.634,0.7560000000000002,0.6613756613756612,,0.14,17.42,0.16,1,31.248,125,64,2048,0.727,0.7400000000000002,0.6756756756756754,,0.03,17.40,0.15,1,31.248,125,64,2048,0.671,0.7400000000000002,0.6756756756756754,,0.02
135,42,17.18,1,17.24,0.07,1,30.944,124,64,2048,0.493,0.7440000000000015,0.6720430107526868,,0.00,17.22,0.04,1,30.944,124,64,2048,0.504,0.7360000000000007,0.6793478260869559,,0.03,17.28,0.11,1,30.948,124,64,2048,0.577,0.7520000000000024,0.6648936170212745,,0.04,17.28,0.10,1,30.944,124,64,2048,0.466,0.7679999999999998,0.6510416666666669,,0.04,17.35,0.17,1,30.936,124,64,2048,0.135,0.7680000000000007,0.6510416666666661,,0.10,17.33,0.16,1,30.944,124,64,2048,0.345,0.7560000000000002,0.6613756613756612,,0.09,17.23,0.06,1,30.904,124,64,2048,0.669,0.7519999999999989,0.6648936170212776,,0.01,17.33,0.16,1,30.944,124,64,2048,0.306,0.7600000000000016,0.6578947368421039,,0.09,17.32,0.14,1,30.944,124,64,2048,0.405,0.7559999999999985,0.6613756613756627,,0.07
136,42,17.92,1,17.97,0.05,1,31.152,125,64,2048,0.508,0.7559999999999998,0.6613756613756616,,0.00,18.03,0.11,1,31.148,125,64,2048,0.435,0.7639999999999998,0.6544502617801049,,0.06,17.92,0.00,1,30.788,124,64,2048,0.333,0.7280000000000015,0.6868131868131854,,0.05,18.01,0.09,1,31.176,125,64,2048,0.359,0.7559999999999999,0.6613756613756615,,0.04,18.02,0.10,1,31.136,125,64,2048,0.494,0.7560000000000002,0.6613756613756612,,0.05,18.00,0.08,1,31.152,125,64,2048,0.309,0.7679999999999998,0.6510416666666669,,0.03,17.86,0.06,1,31.160,125,64,2048,0.628,0.7479999999999993,0.6684491978609631,,0.11,17.97,0.05,1,31.148,125,64,2048,0.368,0.7599999999999998,0.6578947368421054,,0.00,17.99,0.07,1,31.148,125,64,2048,0.397,0.7560000000000002,0.6613756613756612,,0.02
137,42,16.97,1,17.03,0.06,1,30.596,123,64,2048,0.667,0.7639999999999993,0.6544502617801052,,0.00,17.10,0.13,1,30.596,123,64,2048,0.692,0.7520000000000007,0.664893617021276,,0.07,16.83,0.14,1,30.588,123,64,2048,0.578,0.7639999999999993,0.6544502617801052,,0.20,17.07,0.10,1,30.600,123,64,2048,0.716,0.7599999999999998,0.6578947368421054,,0.04,17.11,0.14,1,30.636,123,64,2048,0.525,0.759999999999998,0.657894736842107,,0.08,17.04,0.07,1,30.604,123,64,2048,0.670,0.7680000000000007,0.6510416666666661,,0.01,16.92,0.05,1,31.284,126,64,2048,0.519,0.775999999999998,0.6443298969072181,,0.11,17.03,0.06,1,30.600,123,64,2048,0.490,0.7800000000000011,0.6410256410256401,,0.01,16.99,0.02,1,30.592,123,64,2048,0.694,0.7599999999999998,0.6578947368421054,,0.04
138,42,17.06,1,16.85,0.20,1,30.832,124,64,2048,0.393,0.7439999999999998,0.6720430107526884,,0.00,16.71,0.35,1,30.832,124,64,2048,0.559,0.7399999999999984,0.6756756756756771,,0.14,16.90,0.16,1,30.832,124,64,2048,0.369,0.7359999999999989,0.6793478260869575,,0.04,16.89,0.16,1,30.824,124,64,2048,0.313,0.7560000000000002,0.6613756613756612,,0.04,16.04,1.01,1,30.844,124,64,2048,1.959,0.7440000000000015,0.6720430107526868,,0.81,16.91,0.14,1,30.828,124,64,2048,0.266,0.7519999999999989,0.6648936170212776,,0.06,16.80,0.26,1,30.844,124,64,2048,0.652,0.7519999999999989,0.6648936170212776,,0.06,16.85,0.20,1,30.824,124,64,2048,0.320,0.7399999999999984,0.6756756756756771,,0.00,16.91,0.15,1,30.824,124,64,2048,0.337,0.7360000000000007,0.6793478260869559,,0.05
139,42,17.31,1,16.90,0.41,1,31.044,125,64,2048,1.288,0.7519999999999989,0.6648936170212776,,0.00,17.01,0.30,1,31.048,125,64,2048,1.287,0.7320000000000011,0.6830601092896165,,0.11,16.98,0.34,1,31.048,125,64,2048,1.917,0.7799999999999994,0.6410256410256415,,0.08,16.86,0.45,1,31.036,125,64,2048,1.419,0.7600000000000016,0.6578947368421039,,0.04,16.85,0.47,1,31.056,125,64,2048,1.561,0.7400000000000002,0.6756756756756754,,0.05,16.82,0.49,1,31.040,125,64,2048,1.396,0.7680000000000007,0.6510416666666661,,0.08,17.15,0.16,1,31.068,125,64,2048,0.958,0.7599999999999998,0.6578947368421054,,0.25,16.81,0.50,1,31.032,125,64,2048,1.403,0.7640000000000029,0.6544502617801022,,0.09,16.89,0.42,1,31.044,125,64,2048,1.311,0.7399999999999984,0.6756756756756771,,0.01
140,43,17.88,1,7.23,10.64,1,30.720,123,64,2048,2.274,0.7279999999999998,0.686813186813187,,0.00,7.28,10.59,1,30.720,123,64,2048,2.377,0.7279999999999998,0.686813186813187,,0.05,7.50,10.37,1,30.708,123,64,2048,2.819,0.7279999999999998,0.686813186813187,,0.27,7.28,10.59,1,31.076,125,64,2048,2.378,0.7279999999999998,0.686813186813187,,0.05,9.74,8.13,1,30.712,123,64,2048,2.681,0.8640000000000008,0.5787037037037032,,2.51,7.22,10.65,1,30.716,123,64,2048,2.259,0.7279999999999998,0.686813186813187,,0.01,7.48,10.39,1,30.700,123,64,2048,2.775,0.7159999999999993,0.6983240223463694,,0.25,7.24,10.63,1,30.720,123,64,2048,2.295,0.7240000000000002,0.6906077348066296,,0.01,7.17,10.71,1,30.720,123,64,2048,2.149,0.7279999999999998,0.686813186813187,,0.06
141,43,15.93,1,8.22,7.72,1,31.172,125,64,2048,2.107,1.6679999999999993,0.2997601918465229,,0.00,8.22,7.72,1,31.176,125,64,2048,0.522,1.612,0.31017369727047145,,0.00,7.85,8.08,1,31.164,125,64,2048,0.217,1.6039999999999992,0.31172069825436427,,0.36,8.23,7.71,1,31.176,125,64,2048,2.050,1.6679999999999993,0.2997601918465229,,0.01,7.81,8.13,1,31.188,125,64,2048,0.122,1.6080000000000005,0.3109452736318407,,0.41,8.22,7.72,1,31.176,125,64,2048,2.073,1.663999999999998,0.3004807692307696,,0.00,7.71,8.22,1,31.156,125,64,2048,0.037,1.6080000000000005,0.3109452736318407,,0.50,8.23,7.71,1,31.176,125,64,2048,2.068,1.663999999999998,0.3004807692307696,,0.01,8.21,7.72,1,31.172,125,64,2048,2.082,1.663999999999998,0.3004807692307696,,0.01
142,43,16.90,1,7.98,8.92,1,31.088,125,64,2048,1.594,1.6640000000000015,0.30048076923076894,,0.00,8.01,8.89,1,31.084,125,64,2048,1.676,1.6600000000000001,0.3012048192771084,,0.03,8.03,8.87,1,31.108,125,64,2048,2.143,1.1120000000000019,0.44964028776978343,,0.05,8.01,8.89,1,31.088,125,64,2048,1.702,1.6640000000000015,0.30048076923076894,,0.03,7.88,9.02,1,31.100,125,64,2048,1.781,0.968,0.5165289256198348,,0.10,8.09,8.81,1,31.084,125,64,2048,1.515,1.163999999999998,0.42955326460481175,,0.11,8.50,8.40,1,31.100,125,64,2048,0.324,1.008,0.49603174603174605,,0.52,7.96,8.94,1,31.084,125,64,2048,1.814,1.6600000000000001,0.3012048192771084,,0.03,8.01,8.89,1,31.088,125,64,2048,1.761,1.6600000000000001,0.3012048192771084,,0.02
143,43,17.09,0,,,0,31.320,126,64,2048,8.086,1.652000000000001,0.3026634382566584,consensus_exceeded,,,,0,31.320,126,64,2048,8.423,1.1960000000000015,0.4180602006688958,consensus_exceeded,,,,0,31.000,124,64,2048,8.663,0.9520000000000017,0.5252100840336125,consensus_exceeded,,,,0,31.320,126,64,2048,8.360,1.1879999999999988,0.4208754208754213,consensus_exceeded,,,,0,30.996,124,64,2048,8.467,0.9759999999999991,0.5122950819672136,consensus_exceeded,,,,0,31.320,126,64,2048,8.360,1.2040000000000006,0.41528239202657785,consensus_exceeded,,,,0,30.980,124,64,2048,8.525,1.3079999999999998,0.3822629969418961,consensus_exceeded,,,,0,31.320,126,64,2048,8.331,1.652000000000001,0.3026634382566584,consensus_exceeded,,,,0,31.328,126,64,2048,8.347,1.652000000000001,0.3026634382566584,consensus_exceeded,
144,43,17.31,1,6.95,10.35,1,30.816,124,64,2048,1.720,0.8080000000000003,0.6188118811881186,,0.00,6.96,10.34,1,30.820,124,64,2048,1.742,0.8080000000000003,0.6188118811881186,,0.01,7.04,10.27,1,30.812,124,64,2048,1.895,0.8000000000000003,0.6249999999999998,,0.09,6.92,10.38,1,31.152,125,64,2048,1.660,0.8120000000000003,0.6157635467980294,,0.03,7.08,10.22,1,30.856,124,64,2048,1.981,0.8000000000000003,0.6249999999999998,,0.13,6.92,10.39,1,31.148,125,64,2048,1.648,0.8120000000000003,0.6157635467980294,,0.04,7.13,10.18,1,30.832,124,64,2048,2.063,0.7880000000000003,0.6345177664974617,,0.17,6.91,10.40,1,31.152,125,64,2048,1.631,0.8120000000000003,0.6157635467980294,,0.04,6.92,10.39,1,31.156,125,64,2048,1.651,0.8040000000000003,0.6218905472636814,,0.03
145,43,17.37,0,,,0,31.208,125,64,2048,6.470,0.7279999999999998,0.686813186813187,consensus_exceeded,,,,0,31.208,125,64,2048,6.567,0.7080000000000002,0.7,consensus_exceeded,,13.83,3.54,1,31.208,125,64,2048,2.717,0.8360000000000003,0.5980861244019137,,,,,0,31.204,125,64,2048,6.456,0.7319999999999993,0.6830601092896181,consensus_exceeded,,,,0,31.204,125,64,2048,5.789,0.7840000000000003,0.6377551020408161,consensus_exceeded,,,,0,31.204,125,64,2048,6.495,0.7319999999999993,0.6830601092896181,consensus_exceeded,,,,0,31.216,125,64,2048,6.122,0.708000000000002,0.7,consensus_exceeded,,,,0,31.208,125,64,2048,6.452,0.7319999999999993,0.6830601092896181,consensus_exceeded,,,,0,31.204,125,64,2048,6.499,0.7319999999999993,0.6830601092896181,consensus_exceeded,
146,43,17.29,1,6.20,11.09,1,31.224,125,64,2048,0.212,0.7240000000000002,0.6906077348066296,,0.00,6.28,11.00,1,31.224,125,64,2048,0.376,0.7240000000000002,0.6906077348066296,,0.08,6.32,10.96,1,31.228,125,64,2048,0.457,0.7200000000000006,0.6944444444444439,,0.12,6.14,11.14,1,31.224,125,64,2048,0.098,0.7240000000000002,0.6906077348066296,,0.06,6.09,11.19,1,31.240,125,64,2048,0.000,0.7159999999999993,0.6983240223463694,,0.11,6.20,11.09,1,31.224,125,64,2048,0.208,0.7240000000000002,0.6906077348066296,,0.00,6.09,11.19,1,31.224,125,64,2048,0.000,0.7200000000000006,0.6944444444444439,,0.11,6.20,11.09,1,31.228,125,64,2048,0.214,0.7200000000000006,0.6944444444444439,,0.00,6.19,11.09,1,31.224,125,64,2048,0.196,0.7160000000000011,0.6983240223463677,,0.01
147,43,16.85,0,,,0,31.032,125,64,2048,3.830,0.7040000000000006,0.7,consensus_exceeded,,,,0,31.036,125,64,2048,3.885,0.7000000000000028,0.7,consensus_exceeded,,,,0,31.028,125,64,2048,3.921,0.8840000000000003,0.5656108597285066,consensus_exceeded,,,,0,31.032,125,64,2048,3.875,0.7040000000000006,0.7,consensus_exceeded,,,,0,31.048,125,64,2048,3.976,0.695999999999998,0.7,consensus_exceeded,,,,0,31.032,125,64,2048,3.862,0.7040000000000006,0.7,consensus_exceeded,,,,0,31.036,125,64,2048,3.870,0.6880000000000024,0.7,consensus_exceeded,,,,0,31.032,125,64,2048,3.870,0.7040000000000006,0.7,consensus_exceeded,,,,0,31.028,125,64,2048,3.873,0.7079999999999984,0.7,consensus_exceeded,
148,43,16.86,0,,,0,30.860,124,64,2048,3.053,1.1960000000000006,0.4180602006688961,consensus_exceeded,,,,0,30.860,124,64,2048,3.014,1.2160000000000002,0.4111842105263157,consensus_exceeded,,,,0,30.868,124,64,2048,7.563,0.968,0.5165289256198348,consensus_exceeded,,,,0,30.856,124,64,2048,3.080,1.1800000000000006,0.4237288135593218,consensus_exceeded,,,,0,30.848,124,64,2048,11.770,1.1760000000000002,0.4251700680272108,consensus_exceeded,,,,0,30.856,124,64,2048,3.076,1.1800000000000006,0.4237288135593218,consensus_exceeded,,,,0,30.876,124,64,2048,3.080,1.3200000000000003,0.37878787878787873,consensus_exceeded,,,,0,30.856,124,64,2048,3.101,1.1800000000000006,0.4237288135593218,consensus_exceeded,,,,0,30.856,124,64,2048,3.073,1.1800000000000006,0.4237288135593218,consensus_exceeded,
149,43,18.03,0,9.81,8.21,1,30.980,124,64,2048,1.205,0.7440000000000002,0.672043010752688,,,9.91,8.12,1,31.312,126,64,2048,0.972,0.7360000000000002,0.6793478260869563,,,,,0,30.992,124,64,2048,4.193,0.8560000000000016,0.5841121495327092,consensus_exceeded,,9.92,8.10,1,31.324,126,64,2048,0.985,0.7400000000000002,0.6756756756756754,,,9.44,8.59,1,30.996,124,64,2048,1.556,0.7360000000000002,0.6793478260869563,,,9.92,8.10,1,31.316,126,64,2048,0.963,0.7400000000000002,0.6756756756756754,,,9.27,8.76,1,30.992,124,64,2048,1.936,0.7480000000000002,0.6684491978609624,,,9.74,8.29,1,30.976,124,64,2048,1.341,0.7360000000000002,0.6793478260869563,,,9.70,8.33,1,30.984,124,64,2048,1.364,0.7360000000000002,0.6793478260869563,,
150,43,18.74,1,6.09,12.64,1,31.312,126,64,2048,0.000,0.8279999999999994,0.6038647342995174,,0.00,6.12,12.61,1,31.644,127,64,2048,0.062,0.8360000000000021,0.5980861244019124,,0.03,6.09,12.64,1,31.312,126,64,2048,0.000,0.8640000000000008,0.5787037037037032,,0.00,6.09,12.64,1,31.312,126,64,2048,0.000,0.8320000000000007,0.6009615384615379,,0.00,6.13,12.61,1,31.308,126,64,2048,0.073,0.815999999999999,0.6127450980392165,,0.04,6.09,12.64,1,31.312,126,64,2048,0.000,0.8320000000000007,0.6009615384615379,,0.00,6.21,12.53,1,31.304,126,64,2048,0.228,0.815999999999999,0.6127450980392165,,0.11,6.09,12.64,1,31.312,126,64,2048,0.000,0.8359999999999985,0.5980861244019149,,0.00,6.09,12.64,1,31.308,126,64,2048,0.000,0.8360000000000021,0.5980861244019124,,0.00
151,43,19.40,1,6.63,12.78,1,30.904,124,64,2048,0.482,0.7120000000000002,0.7,,0.00,6.63,12.77,1,30.896,124,64,2048,0.505,0.7080000000000002,0.7,,0.00,6.72,12.68,1,30.916,124,64,2048,0.506,0.6960000000000002,0.7,,0.09,6.62,12.79,1,30.900,124,64,2048,0.511,0.7040000000000002,0.7,,0.01,6.70,12.71,1,30.908,124,64,2048,0.619,0.7000000000000011,0.7,,0.07,6.62,12.79,1,30.904,124,64,2048,0.483,0.7080000000000002,0.7,,0.01,6.72,12.68,1,30.872,124,64,2048,0.497,0.6960000000000002,0.7,,0.09,6.62,12.78,1,30.908,124,64,2048,0.482,0.7120000000000002,0.7,,0.00,6.62,12.78,1,30.904,124,64,2048,0.501,0.7080000000000002,0.7,,0.00
152,43,18.35,1,6.81,11.54,1,31.572,127,64,2048,1.436,0.7160000000000011,0.6983240223463677,,0.00,6.77,11.57,1,31.560,127,64,2048,1.362,0.7120000000000033,0.7,,0.04,6.42,11.93,1,30.668,123,64,2048,0.653,0.8680000000000003,0.5760368663594468,,0.39,6.80,11.55,1,31.572,127,64,2048,1.409,0.708000000000002,0.7,,0.01,6.80,11.55,1,30.964,124,64,2048,1.416,0.7160000000000011,0.6983240223463677,,0.01,6.79,11.56,1,31.560,127,64,2048,1.397,0.7119999999999997,0.7,,0.02,6.79,11.56,1,30.952,124,64,2048,1.401,0.7160000000000011,0.6983240223463677,,0.02,6.81,11.54,1,31.564,127,64,2048,1.438,0.7120000000000033,0.7,,0.00,6.82,11.53,1,31.560,127,64,2048,1.449,0.7160000000000011,0.6983240223463677,,0.01
153,43,17.65,1,6.09,11.56,1,31.336,126,64,2048,0.000,0.652000000000001,0.7,,0.00,6.09,11.56,1,31.336,126,64,2048,0.000,0.652000000000001,0.7,,0.00,6.09,11.56,1,30.700,123,64,2048,0.000,0.8840000000000003,0.5656108597285066,,0.00,6.09,11.56,1,31.340,126,64,2048,0.000,0.652000000000001,0.7,,0.00,6.09,11.56,1,31.336,126,64,2048,0.000,0.6559999999999988,0.7,,0.00,6.09,11.56,1,31.348,126,64,2048,0.000,0.6560000000000024,0.7,,0.00,6.09,11.56,1,31.344,126,64,2048,0.000,0.6639999999999979,0.7,,0.00,6.09,11.56,1,31.336,126,64,2048,0.000,0.6559999999999988,0.7,,0.00,6.09,11.56,1,31.340,126,64,2048,0.000,0.6560000000000024,0.7,,0.00
154,45,15.66,1,6.52,9.14,1,29.560,119,64,2048,0.853,1.588000000000001,0.31486146095717865,,0.00,6.52,9.14,1,29.556,119,64,2048,0.851,1.612,0.31017369727047145,,0.00,6.54,9.12,1,29.596,119,64,2048,0.886,1.5600000000000005,0.32051282051282043,,0.02,6.74,8.91,1,29.560,119,64,2048,1.129,2.216000000000001,0.2256317689530685,,0.22,6.56,9.10,1,29.596,119,64,2048,0.926,1.5839999999999996,0.31565656565656575,,0.04,6.58,9.08,1,29.564,119,64,2048,0.975,1.5999999999999996,0.31250000000000006,,0.06,7.07,8.59,1,29.608,119,64,2048,1.950,1.5679999999999996,0.31887755102040827,,0.55,6.45,9.21,1,29.568,119,64,2048,0.716,1.5879999999999992,0.314861460957179,,0.07,6.60,9.06,1,29.564,119,64,2048,1.009,1.5879999999999992,0.314861460957179,,0.08
155,45,15.26,1,6.09,9.17,1,30.828,124,64,2048,0.000,1.42,0.35211267605633806,,0.00,6.09,9.17,1,30.824,124,64,2048,0.000,1.436,0.34818941504178275,,0.00,6.09,9.17,1,30.820,124,64,2048,0.000,1.475999999999999,0.33875338753387557,,0.00,6.09,9.17,1,30.836,124,64,2048,0.000,1.4640000000000004,0.3415300546448086,,0.00,6.09,9.17,1,31.312,126,64,2048,0.000,1.4600000000000009,0.34246575342465735,,0.00,6.09,9.17,1,30.836,124,64,2048,0.000,1.4640000000000004,0.3415300546448086,,0.00,6.09,9.17,1,31.308,126,64,2048,0.000,1.5440000000000005,0.3238341968911916,,0.00,6.09,9.17,1,30.824,124,64,2048,0.000,1.4080000000000013,0.3551136363636361,,0.00,6.09,9.17,1,30.832,124,64,2048,0.000,1.4559999999999995,0.3434065934065935,,0.00
156,45,16.09,0,6.13,9.95,1,31.180,125,64,2048,0.081,1.3200000000000003,0.37878787878787873,,,6.13,9.96,1,31.180,125,64,2048,0.076,1.4200000000000008,0.35211267605633784,,,6.65,9.43,1,31.136,125,64,2048,0.251,1.2439999999999998,0.40192926045016086,,,6.14,9.95,1,31.176,125,64,2048,0.083,1.4120000000000008,0.3541076487252123,,,,,0,31.112,125,64,2048,5.745,1.3600000000000003,0.3676470588235293,consensus_exceeded,,6.18,9.91,1,31.180,125,64,2048,0.039,1.3120000000000012,0.38109756097560943,,,,,0,31.132,125,64,2048,9.430,1.3439999999999994,0.3720238095238097,consensus_exceeded,,6.19,9.90,1,31.180,125,64,2048,0.042,1.2960000000000012,0.38580246913580213,,,6.16,9.93,1,31.176,125,64,2048,0.128,1.412,0.3541076487252125,,
157,45,15.94,1,6.09,9.85,1,30.300,122,64,2048,0.000,2.06,0.24271844660194175,,0.00,6.09,9.85,1,30.304,122,64,2048,0.000,2.02,0.24752475247524752,,0.00,6.09,9.85,1,30.308,122,64,2048,0.000,2.08,0.24038461538461536,,0.00,6.09,9.85,1,30.300,122,64,2048,0.000,2.052,0.24366471734892786,,0.00,6.09,9.85,1,31.196,125,64,2048,0.000,2.032,0.24606299212598426,,0.00,6.09,9.85,1,30.296,122,64,2048,0.000,2.02,0.24752475247524752,,0.00,6.09,9.85,1,31.216,125,64,2048,0.000,2.068,0.24177949709864602,,0.00,6.09,9.85,1,30.292,122,64,2048,0.000,2.032,0.24606299212598426,,0.00,6.09,9.85,1,30.300,122,64,2048,0.000,2.036,0.2455795677799607,,0.00
158,45,16.72,1,6.09,10.63,1,30.604,123,64,2048,0.000,1.3480000000000008,0.3709198813056378,,0.00,6.09,10.63,1,30.608,123,64,2048,0.000,1.3399999999999999,0.373134328358209,,0.00,6.09,10.63,1,30.556,123,64,2048,0.000,1.1680000000000001,0.42808219178082185,,0.00,6.09,10.63,1,30.608,123,64,2048,0.000,1.3520000000000003,0.3698224852071005,,0.00,6.09,10.63,1,30.536,123,64,2048,0.000,1.2240000000000002,0.4084967320261437,,0.00,6.09,10.63,1,30.604,123,64,2048,0.000,1.3399999999999999,0.373134328358209,,0.00,6.09,10.63,1,30.548,123,64,2048,0.000,1.2439999999999998,0.40192926045016086,,0.00,6.09,10.63,1,30.604,123,64,2048,0.000,1.3559999999999999,0.36873156342182895,,0.00,6.09,10.63,1,30.604,123,64,2048,0.000,1.3480000000000008,0.3709198813056378,,0.00
159,45,15.89,0,,,0,30.476,122,64,2048,10.565,1.152000000000001,0.4340277777777774,consensus_exceeded,,,,0,30.484,122,64,2048,10.537,1.1359999999999992,0.44014084507042284,consensus_exceeded,,,,0,31.144,125,64,2048,9.153,1.2999999999999972,0.38461538461538547,consensus_exceeded,,,,0,30.464,122,64,2048,10.554,1.152000000000001,0.4340277777777774,consensus_exceeded,,,,0,31.132,125,64,2048,7.855,1.323999999999998,0.37764350453172263,consensus_exceeded,,,,0,30.472,122,64,2048,10.520,1.1400000000000006,0.43859649122806993,consensus_exceeded,,,,0,31.000,124,64,2048,7.578,1.1920000000000002,0.4194630872483221,consensus_exceeded,,,,0,30.480,122,64,2048,10.526,1.1559999999999988,0.4325259515570939,consensus_exceeded,,,,0,30.476,122,64,2048,10.534,1.1559999999999988,0.4325259515570939,consensus_exceeded,
160,45,15.64,0,,,0,30.904,124,64,2048,10.124,1.3919999999999995,0.3591954022988507,consensus_exceeded,,,,0,30.908,124,64,2048,10.089,1.3959999999999972,0.3581661891117486,consensus_exceeded,,,,0,30.912,124,64,2048,9.911,1.3599999999999994,0.36764705882352955,consensus_exceeded,,,,0,30.904,124,64,2048,10.118,1.3919999999999995,0.3591954022988507,consensus_exceeded,,,,0,30.932,124,64,2048,10.209,1.368000000000002,0.36549707602339127,consensus_exceeded,,,,0,30.900,124,64,2048,10.128,1.3960000000000008,0.35816618911174763,consensus_exceeded,,,,0,30.896,124,64,2048,9.945,1.3880000000000017,0.3602305475504318,consensus_exceeded,,,,0,30.900,124,64,2048,10.106,1.404,0.3561253561253562,consensus_exceeded,,,,0,30.896,124,64,2048,10.107,1.404,0.3561253561253562,consensus_exceeded,
161,45,16.45,1,9.38,7.06,1,30.804,124,64,2048,0.749,2.2159999999999993,0.22563176895306866,,0.00,9.35,7.09,1,30.828,124,64,2048,0.669,2.2119999999999997,0.22603978300180835,,0.03,9.18,7.27,1,30.876,124,64,2048,1.486,2.219999999999999,0.22522522522522534,,0.20,9.38,7.06,1,30.816,124,64,2048,0.793,2.2119999999999997,0.22603978300180835,,0.00,9.15,7.30,1,30.844,124,64,2048,1.604,2.24,0.2232142857142857,,0.23,9.41,7.03,1,30.816,124,64,2048,0.866,2.2119999999999997,0.22603978300180835,,0.03,9.28,7.17,1,30.876,124,64,2048,1.483,2.2279999999999998,0.22441651705565532,,0.10,9.44,7.01,1,30.816,124,64,2048,1.042,2.2159999999999993,0.22563176895306866,,0.06,9.40,7.05,1,30.816,124,64,2048,0.956,2.2119999999999997,0.22603978300180835,,0.01
162,45,16.92,0,14.01,2.92,1,29.672,119,64,2048,1.299,1.3399999999999999,0.373134328358209,,,14.02,2.91,1,29.672,119,64,2048,1.243,1.355999999999998,0.36873156342182944,,,14.10,2.82,1,29.740,119,64,2048,0.157,2.1040000000000028,0.2376425855513305,,,14.07,2.85,1,29.680,119,64,2048,1.061,1.3320000000000007,0.3753753753753752,,,,,0,30.636,123,64,2048,5.422,2.103999999999999,0.2376425855513309,consensus_exceeded,,14.05,2.87,1,30.660,123,64,2048,1.226,1.3599999999999994,0.36764705882352955,,,14.20,2.73,1,31.312,126,64,2048,1.136,2.0199999999999996,0.24752475247524758,,,,,0,29.664,119,64,2048,6.787,1.5680000000000014,0.3188775510204079,consensus_exceeded,,13.83,3.09,1,30.656,123,64,2048,1.240,1.3360000000000003,0.3742514970059879,,
163,45,16.34,0,7.52,8.82,1,30.476,122,64,2048,2.853,2.84,0.17605633802816903,,,7.49,8.85,1,30.476,122,64,2048,2.790,2.8320000000000007,0.17655367231638414,,,,,0,30.528,123,64,2048,3.224,2.776,0.18011527377521616,consensus_exceeded,,7.48,8.86,1,30.472,122,64,2048,2.774,2.84,0.17605633802816903,,,,,0,30.504,123,64,2048,3.148,2.7719999999999985,0.18037518037518047,consensus_exceeded,,7.48,8.86,1,30.476,122,64,2048,2.764,2.84,0.17605633802816903,,,6.66,9.68,1,30.984,124,64,2048,1.136,2.804000000000002,0.17831669044222526,,,7.49,8.85,1,30.476,122,64,2048,2.794,2.8520000000000003,0.17531556802244036,,,7.51,8.83,1,30.468,122,64,2048,2.837,2.8439999999999976,0.17580872011251772,,
164,45,16.60,1,6.09,10.51,1,30.416,122,64,2048,0.000,2.0519999999999996,0.24366471734892792,,0.00,6.09,10.51,1,30.416,122,64,2048,0.000,2.039999999999999,0.24509803921568638,,0.00,6.09,10.51,1,30.368,122,64,2048,0.000,2.6400000000000006,0.18939393939393936,,0.00,6.09,10.51,1,30.428,122,64,2048,0.000,2.035999999999998,0.24557956777996098,,0.00,6.69,9.91,1,30.364,122,64,2048,1.184,2.0760000000000005,0.2408477842003853,,0.59,6.09,10.51,1,30.432,122,64,2048,0.000,2.0440000000000005,0.24461839530332674,,0.00,6.09,10.51,1,30.808,124,64,2048,0.000,2.655999999999999,0.18825301204819286,,0.00,6.09,10.51,1,30.428,122,64,2048,0.000,2.0360000000000014,0.24557956777996054,,0.00,6.09,10.51,1,30.428,122,64,2048,0.000,2.0400000000000027,0.24509803921568596,,0.00
165,45,16.31,0,,,0,31.068,125,64,2048,9.911,1.3639999999999999,0.36656891495601174,consensus_exceeded,,,,0,31.056,125,64,2048,9.880,1.3639999999999999,0.36656891495601174,consensus_exceeded,,,,0,31.000,124,64,2048,9.698,1.4600000000000004,0.34246575342465746,consensus_exceeded,,,,0,31.072,125,64,2048,9.889,1.3440000000000003,0.3720238095238094,consensus_exceeded,,,,0,31.040,125,64,2048,9.831,1.3720000000000003,0.3644314868804664,consensus_exceeded,,,,0,31.072,125,64,2048,9.880,1.3519999999999994,0.36982248520710076,consensus_exceeded,,,,0,31.024,125,64,2048,9.795,1.3280000000000003,0.37650602409638545,consensus_exceeded,,,,0,31.072,125,64,2048,9.922,1.3679999999999994,0.365497076023392,consensus_exceeded,,,,0,31.076,125,64,2048,9.891,1.3559999999999999,0.36873156342182895,consensus_exceeded,
166,45,16.02,0,,,0,31.024,125,64,2048,9.939,1.5039999999999996,0.3324468085106384,consensus_exceeded,,,,0,31.028,125,64,2048,9.890,1.508,0.33156498673740054,consensus_exceeded,,,,0,31.016,125,64,2048,9.938,1.4319999999999995,0.34916201117318446,consensus_exceeded,,,,0,31.024,125,64,2048,9.893,1.4959999999999996,0.3342245989304814,consensus_exceeded,,,,0,31.004,125,64,2048,9.792,1.4879999999999995,0.3360215053763442,consensus_exceeded,,,,0,31.024,125,64,2048,9.915,1.4959999999999996,0.3342245989304814,consensus_exceeded,,,,0,31.008,125,64,2048,9.883,1.4400000000000004,0.34722222222222215,consensus_exceeded,,,,0,31.024,125,64,2048,9.923,1.492,0.3351206434316354,consensus_exceeded,,,,0,31.032,125,64,2048,9.906,1.4959999999999996,0.3342245989304814,consensus_exceeded,
167,45,16.29,1,6.09,10.20,1,30.476,122,64,2048,0.000,1.4879999999999995,0.3360215053763442,,0.00,6.09,10.20,1,30.468,122,64,2048,0.000,1.4840000000000018,0.33692722371967615,,0.00,6.09,10.20,1,30.852,124,64,2048,0.000,1.443999999999999,0.3462603878116346,,0.00,6.09,10.20,1,30.872,124,64,2048,0.000,1.4840000000000018,0.33692722371967615,,0.00,6.09,10.20,1,30.856,124,64,2048,0.000,1.4919999999999973,0.335120643431636,,0.00,6.09,10.20,1,30.876,124,64,2048,0.000,1.4879999999999995,0.3360215053763442,,0.00,6.09,10.20,1,30.848,124,64,2048,0.000,1.4840000000000018,0.33692722371967615,,0.00,6.09,10.20,1,30.880,124,64,2048,0.000,1.4879999999999995,0.3360215053763442,,0.00,6.09,10.20,1,30.880,124,64,2048,0.000,1.5399999999999991,0.32467532467532484,,0.00
168,48,14.06,1,6.09,7.96,1,31.204,125,64,2048,0.000,0.652000000000001,0.7,,0.00,6.09,7.96,1,31.204,125,64,2048,0.000,0.7799999999999994,0.6410256410256415,,0.00,6.09,7.96,1,31.224,125,64,2048,0.000,1.3280000000000012,0.37650602409638523,,0.00,6.09,7.96,1,31.212,125,64,2048,0.000,0.652000000000001,0.7,,0.00,6.09,7.96,1,31.216,125,64,2048,0.000,1.363999999999999,0.366568914956012,,0.00,6.09,7.96,1,31.212,125,64,2048,0.000,0.652000000000001,0.7,,0.00,6.09,7.96,1,31.216,125,64,2048,0.000,1.3759999999999994,0.36337209302325596,,0.00,6.09,7.96,1,31.212,125,64,2048,0.000,0.9640000000000004,0.5186721991701243,,0.00,6.09,7.96,1,31.212,125,64,2048,0.000,0.652000000000001,0.7,,0.00
169,48,16.14,0,6.09,10.04,1,31.432,126,64,2048,0.000,0.6880000000000006,0.7,,,6.09,10.04,1,31.432,126,64,2048,0.000,0.6920000000000002,0.7,,,,,0,31.148,125,64,2048,6.951,0.9280000000000008,0.5387931034482754,consensus_exceeded,,6.09,10.04,1,31.432,126,64,2048,0.000,0.6879999999999988,0.7,,,6.40,9.73,1,31.136,125,64,2048,0.619,0.7040000000000006,0.7,,,6.09,10.04,1,31.428,126,64,2048,0.000,0.6879999999999988,0.7,,,6.28,9.86,1,31.448,126,64,2048,0.368,0.7119999999999997,0.7,,,6.09,10.04,1,31.428,126,64,2048,0.000,0.6879999999999988,0.7,,,6.09,10.04,1,31.432,126,64,2048,0.000,0.6879999999999988,0.7,,
170,48,16.90,1,6.09,10.81,1,31.536,127,64,2048,0.000,0.6599999999999993,0.7,,0.00,6.09,10.81,1,31.540,127,64,2048,0.000,0.6600000000000001,0.7,,0.00,6.09,10.81,1,31.228,125,64,2048,0.000,0.9039999999999999,0.5530973451327434,,0.00,6.09,10.81,1,31.544,127,64,2048,0.000,0.6679999999999993,0.7,,0.00,6.09,10.81,1,31.248,125,64,2048,0.000,0.6680000000000001,0.7,,0.00,6.09,10.81,1,31.544,127,64,2048,0.000,0.6600000000000001,0.7,,0.00,6.09,10.81,1,31.244,125,64,2048,0.000,0.7640000000000002,0.6544502617801045,,0.00,6.09,10.81,1,31.536,127,64,2048,0.000,0.6639999999999997,0.7,,0.00,6.09,10.81,1,31.540,127,64,2048,0.000,0.6639999999999997,0.7,,0.00
171,48,18.26,1,6.66,11.60,1,31.324,126,64,2048,1.130,0.6359999999999992,0.7,,0.00,6.58,11.68,1,31.328,126,64,2048,0.415,0.6359999999999992,0.7,,0.08,7.58,10.67,1,31.308,126,64,2048,0.597,0.9039999999999999,0.5530973451327434,,0.93,6.63,11.63,1,31.328,126,64,2048,1.067,0.6360000000000001,0.7,,0.03,7.37,10.88,1,31.344,126,64,2048,0.004,0.6519999999999992,0.7,,0.72,6.71,11.55,1,31.328,126,64,2048,1.228,0.6320000000000006,0.7,,0.05,6.95,11.31,1,31.336,126,64,2048,0.726,0.6479999999999997,0.7,,0.29,6.65,11.60,1,31.332,126,64,2048,1.120,0.6359999999999992,0.7,,0.00,6.63,11.62,1,31.332,126,64,2048,1.079,0.6359999999999992,0.7,,0.03
172,48,18.05,0,16.47,1.58,1,31.684,127,64,2048,1.831,0.6159999999999997,0.7,,,,,0,31.684,127,64,2048,8.044,0.6119999999999983,0.7,consensus_exceeded,,,,0,30.808,124,64,2048,6.187,0.8919999999999995,0.5605381165919285,consensus_exceeded,,15.93,2.12,1,31.680,127,64,2048,0.467,0.620000000000001,0.7,,,18.51,0.45,1,31.100,125,64,2048,0.384,0.6280000000000001,0.7,,,17.43,0.62,1,31.684,127,64,2048,0.199,0.6160000000000032,0.7,,,18.40,0.34,1,31.668,127,64,2048,0.500,0.6359999999999992,0.7,,,17.05,1.00,1,31.680,127,64,2048,0.185,0.6160000000000032,0.7,,,17.20,0.86,1,31.680,127,64,2048,0.077,0.620000000000001,0.7,,
173,48,17.39,0,16.73,0.66,1,31.240,125,64,2048,1.320,0.6080000000000005,0.7,,,16.79,0.60,1,31.240,125,64,2048,0.880,0.5960000000000001,0.7,,,,,0,31.480,126,64,2048,8.702,0.8960000000000004,0.5580357142857141,consensus_exceeded,,17.31,0.08,1,31.240,125,64,2048,0.961,0.6080000000000001,0.7,,,17.34,0.05,1,31.256,126,64,2048,0.300,0.6319999999999997,0.7,,,17.33,0.06,1,31.240,125,64,2048,0.967,0.6120000000000001,0.7,,,17.32,0.07,1,31.472,126,64,2048,0.265,0.6240000000000006,0.7,,,17.45,0.06,1,31.236,125,64,2048,0.202,0.6080000000000005,0.7,,,17.69,0.30,1,31.244,125,64,2048,0.669,0.6120000000000001,0.7,,
174,48,16.57,0,6.25,10.31,1,31.168,125,64,2048,0.318,1.4159999999999995,0.3531073446327685,,,,,0,31.172,125,64,2048,6.306,0.7559999999999993,0.661375661375662,consensus_exceeded,,6.13,10.44,1,31.164,125,64,2048,0.067,1.4319999999999995,0.34916201117318446,,,,,0,31.168,125,64,2048,3.459,0.8639999999999999,0.5787037037037038,consensus_exceeded,,6.09,10.47,1,31.168,125,64,2048,0.000,1.4079999999999995,0.3551136363636365,,,,,0,31.172,125,64,2048,3.934,0.8639999999999999,0.5787037037037038,consensus_exceeded,,6.09,10.47,1,31.184,125,64,2048,0.000,1.0280000000000005,0.4863813229571982,,,,,0,31.172,125,64,2048,7.262,0.7559999999999993,0.661375661375662,consensus_exceeded,,,,0,31.172,125,64,2048,7.294,0.7559999999999993,0.661375661375662,consensus_exceeded,
175,48,19.44,0,6.09,13.34,1,31.468,126,64,2048,0.000,1.9599999999999973,0.25510204081632687,,,,,0,31.460,126,64,2048,8.555,2.0479999999999983,0.2441406250000002,consensus_exceeded,,,,0,30.844,124,64,2048,4.299,2.315999999999999,0.21588946459412792,consensus_exceeded,,6.09,13.34,1,31.472,126,64,2048,0.000,2.812000000000001,0.17780938833570406,,,18.36,1.08,1,30.820,124,64,2048,0.211,0.7360000000000007,0.6793478260869559,,,6.09,13.34,1,31.468,126,64,2048,0.000,2.812000000000001,0.17780938833570406,,,,,0,31.484,126,64,2048,12.288,1.1879999999999988,0.4208754208754213,consensus_exceeded,,6.09,13.34,1,31.460,126,64,2048,0.000,2.812000000000001,0.17780938833570406,,,6.09,13.34,1,31.464,126,64,2048,0.000,2.808,0.1780626780626781,,
176,48,17.57,0,17.45,0.12,1,31.148,125,64,2048,0.870,0.6320000000000014,0.7,,,,,0,31.144,125,64,2048,4.641,0.6280000000000001,0.7,consensus_exceeded,,,,0,31.356,126,64,2048,11.230,0.9079999999999977,0.5506607929515432,consensus_exceeded,,17.45,0.11,1,31.148,125,64,2048,0.834,0.6319999999999979,0.7,,,17.34,0.22,1,31.152,125,64,2048,0.428,0.6440000000000001,0.7,,,18.15,0.59,1,31.148,125,64,2048,2.854,0.6320000000000014,0.7,,,17.45,0.12,1,31.140,125,64,2048,0.569,0.6560000000000024,0.7,,,18.16,0.59,1,31.144,125,64,2048,2.828,0.6319999999999997,0.7,,,18.16,0.59,1,31.148,125,64,2048,2.847,0.6280000000000001,0.7,,
177,48,19.07,0,,,0,31.156,125,64,2048,6.093,0.6320000000000014,0.7,consensus_exceeded,,19.68,0.61,1,31.164,125,64,2048,0.853,0.639999999999997,0.7,,,19.05,0.02,1,31.268,126,64,2048,1.269,0.8919999999999995,0.5605381165919285,,,,,0,31.152,125,64,2048,5.841,0.636000000000001,0.7,consensus_exceeded,,,,0,31.160,125,64,2048,11.375,0.6519999999999975,0.7,consensus_exceeded,,,,0,31.156,125,64,2048,5.905,0.636000000000001,0.7,consensus_exceeded,,,,0,31.152,125,64,2048,11.241,0.6680000000000001,0.7,consensus_exceeded,,18.95,0.12,1,31.156,125,64,2048,0.382,0.636000000000001,0.7,,,,,0,31.156,125,64,2048,5.786,0.6320000000000014,0.7,consensus_exceeded,
178,48,19.35,0,18.41,0.94,1,31.396,126,64,2048,0.215,0.6240000000000006,0.7,,,19.11,0.24,1,31.092,125,64,2048,0.196,0.6199999999999997,0.7,,,,,0,31.088,125,64,2048,11.295,0.9440000000000008,0.529661016949152,consensus_exceeded,,18.54,0.82,1,31.400,126,64,2048,0.253,0.6280000000000001,0.7,,,18.87,0.49,1,31.080,125,64,2048,0.142,0.6559999999999988,0.7,,,,,0,31.096,125,64,2048,20.343,0.6280000000000001,0.7,consensus_exceeded,,18.85,0.50,1,31.092,125,64,2048,0.027,0.7840000000000025,0.6377551020408143,,,18.37,0.98,1,31.388,126,64,2048,1.475,0.6280000000000001,0.7,,,,,0,31.088,125,64,2048,19.903,0.6280000000000001,0.7,consensus_exceeded,
179,48,19.84,0,20.29,0.45,1,31.496,126,64,2048,0.374,0.6280000000000001,0.7,,,19.97,0.14,1,31.496,126,64,2048,0.322,0.620000000000001,0.7,,,,,0,31.172,125,64,2048,10.271,0.9319999999999986,0.5364806866952798,consensus_exceeded,,20.05,0.21,1,31.492,126,64,2048,2.033,0.6360000000000028,0.7,,,,,0,31.496,126,64,2048,12.116,0.6679999999999993,0.7,consensus_exceeded,,,,0,31.496,126,64,2048,12.360,0.6360000000000028,0.7,consensus_exceeded,,,,0,31.508,127,64,2048,11.864,0.652000000000001,0.7,consensus_exceeded,,20.55,0.71,1,31.492,126,64,2048,1.025,0.6280000000000001,0.7,,,,,0,31.492,126,64,2048,11.220,0.6320000000000014,0.7,consensus_exceeded,
180,48,17.14,0,10.70,6.44,1,31.276,126,64,2048,0.964,2.443999999999999,0.2045826513911621,,,10.60,6.55,1,31.288,126,64,2048,0.677,1.911999999999999,0.26150627615062777,,,,,0,31.368,126,64,2048,13.538,1.4639999999999986,0.34153005464480907,consensus_exceeded,,,,0,31.292,126,64,2048,6.211,2.419999999999998,0.20661157024793403,consensus_exceeded,,6.88,10.26,1,31.364,126,64,2048,1.580,2.3320000000000007,0.21440823327615774,,,,,0,31.284,126,64,2048,3.537,1.9480000000000004,0.25667351129363447,consensus_exceeded,,,,0,31.356,126,64,2048,8.555,2.035999999999998,0.24557956777996098,consensus_exceeded,,,,0,31.284,126,64,2048,6.211,2.4319999999999986,0.20559210526315802,consensus_exceeded,,12.14,5.00,1,31.284,126,64,2048,0.321,2.428000000000001,0.20593080724876434,,
181,48,,0,,,0,28.960,116,64,2048,9.739,0.6879999999999988,0.7,consensus_exceeded,,9.19,,0,31.048,125,64,2048,2.743,2.204,0.22686025408348456,,,,,0,28.652,115,64,2048,14.080,1.072,0.46641791044776115,consensus_exceeded,,,,0,28.840,116,64,2048,14.104,0.6839999999999975,0.7,consensus_exceeded,,,,0,31.060,125,64,2048,3.343,2.092,0.2390057361376673,consensus_exceeded,,,,0,30.860,124,64,2048,4.174,1.8639999999999999,0.2682403433476395,consensus_exceeded,,7.19,,0,31.048,125,64,2048,2.196,2.112,0.23674242424242423,,,,,0,28.992,116,64,2048,9.581,0.6879999999999988,0.7,consensus_exceeded,,,,0,28.988,116,64,2048,14.087,0.6879999999999988,0.7,consensus_exceeded,
