block_global_idx,context_idx,block_idx,pid,t_start,t_end,hr_ref,in_common_hr_intersection,prd_Uncompressed,prdc_Uncompressed,snrc_Uncompressed,hr_est_Uncompressed,hr_err_Uncompressed,dr_hr_Uncompressed,prd_DCT_1D_8x,prdc_DCT_1D_8x,snrc_DCT_1D_8x,hr_est_DCT_1D_8x,hr_err_DCT_1D_8x,dr_hr_DCT_1D_8x,prd_DCT_1D_16x,prdc_DCT_1D_16x,snrc_DCT_1D_16x,hr_est_DCT_1D_16x,hr_err_DCT_1D_16x,dr_hr_DCT_1D_16x,prd_Autoencoder_MSE_8x,prdc_Autoencoder_MSE_8x,snrc_Autoencoder_MSE_8x,hr_est_Autoencoder_MSE_8x,hr_err_Autoencoder_MSE_8x,dr_hr_Autoencoder_MSE_8x,prd_Autoencoder_MSE_16x,prdc_Autoencoder_MSE_16x,snrc_Autoencoder_MSE_16x,hr_est_Autoencoder_MSE_16x,hr_err_Autoencoder_MSE_16x,dr_hr_Autoencoder_MSE_16x,prd_De_xuat_Day_du_8x,prdc_De_xuat_Day_du_8x,snrc_De_xuat_Day_du_8x,hr_est_De_xuat_Day_du_8x,hr_err_De_xuat_Day_du_8x,dr_hr_De_xuat_Day_du_8x,prd_De_xuat_Day_du_16x,prdc_De_xuat_Day_du_16x,snrc_De_xuat_Day_du_16x,hr_est_De_xuat_Day_du_16x,hr_err_De_xuat_Day_du_16x,dr_hr_De_xuat_Day_du_16x,prd_Boc_tach_B_Pho_deu_8x,prdc_Boc_tach_B_Pho_deu_8x,snrc_Boc_tach_B_Pho_deu_8x,hr_est_Boc_tach_B_Pho_deu_8x,hr_err_Boc_tach_B_Pho_deu_8x,dr_hr_Boc_tach_B_Pho_deu_8x,prd_Boc_tach_C_Uu_tien_HR_8x,prdc_Boc_tach_C_Uu_tien_HR_8x,snrc_Boc_tach_C_Uu_tien_HR_8x,hr_est_Boc_tach_C_Uu_tien_HR_8x,hr_err_Boc_tach_C_Uu_tien_HR_8x,dr_hr_Boc_tach_C_Uu_tien_HR_8x
0,0,0,11,32.00,40.00,91.00,1,0.0000,0.0000,inf,90.36,0.64,0.00,2.6825,2.6854,31.4197,90.36,0.64,0.00,19.7185,19.7397,14.0932,91.46,0.46,1.10,2.2776,2.2801,32.8410,90.36,0.64,0.00,11.6968,11.7094,18.6293,90.36,0.64,0.00,2.3560,2.3586,32.5470,90.36,0.64,0.00,11.1617,11.1737,19.0361,90.36,0.64,0.00,2.6553,2.6582,31.5083,90.36,0.64,0.00,2.2228,2.2252,33.0525,90.36,0.64,0.00
1,0,1,11,40.00,48.00,91.00,1,0.0000,0.0000,inf,90.36,0.64,0.00,2.3413,2.3413,32.6108,90.91,0.09,0.55,18.1214,18.1214,14.8362,91.46,0.46,1.10,2.5375,2.5375,31.9117,90.36,0.64,0.00,11.5465,11.5466,18.7509,90.36,0.64,0.00,2.4324,2.4324,32.2793,89.82,1.18,0.54,11.4393,11.4394,18.8320,89.29,1.71,1.08,2.5156,2.5156,31.9872,89.82,1.18,0.54,2.4880,2.4880,32.0829,90.36,0.64,0.00
2,0,2,11,48.00,56.00,91.00,1,0.0000,0.0000,inf,90.36,0.64,0.00,1.4621,1.4622,36.6999,91.46,0.46,1.10,15.7704,15.7717,16.0424,91.46,0.46,1.10,1.9740,1.9742,34.0924,91.46,0.46,1.10,11.6163,11.6173,18.6979,91.46,0.46,1.10,1.9199,1.9200,34.3339,90.36,0.64,0.00,10.7753,10.7762,19.3507,91.46,0.46,1.10,1.9783,1.9784,34.0736,90.36,0.64,0.00,1.9290,1.9291,34.2928,90.36,0.64,0.00
3,0,3,11,56.00,64.00,92.50,1,0.0000,0.0000,inf,96.15,3.65,0.00,1.5985,1.6175,35.8232,96.15,3.65,0.00,14.6678,14.8422,16.5700,96.77,4.27,0.62,1.6547,1.6743,35.5231,96.15,3.65,0.00,21.0834,21.3341,13.4185,96.15,3.65,0.00,1.5629,1.5815,36.0188,96.15,3.65,0.00,21.3757,21.6298,13.2990,96.15,3.65,0.00,1.7718,1.7929,34.9291,96.15,3.65,0.00,1.6622,1.6819,35.4838,96.15,3.65,0.00
4,1,0,11,64.00,72.00,95.50,1,0.0000,0.0000,inf,96.15,0.65,0.00,2.2466,2.2755,32.8583,94.94,0.56,1.22,17.7695,17.9988,14.8951,99.34,3.84,3.18,2.5251,2.5577,31.8430,96.15,0.65,0.00,14.6692,14.8584,16.5605,95.54,0.04,0.61,2.5646,2.5977,31.7083,94.94,0.56,1.22,14.5535,14.7413,16.6293,96.15,0.65,0.00,2.8281,2.8646,30.8587,96.15,0.65,0.00,2.5569,2.5899,31.7345,94.94,0.56,1.22
5,1,1,11,72.00,80.00,94.00,1,0.0000,0.0000,inf,91.46,2.54,0.00,2.0231,2.0409,33.8036,92.59,1.41,1.13,16.2673,16.4103,15.6977,172.41,78.41,80.95,2.6965,2.7202,31.3079,92.59,1.41,1.13,16.7370,16.8842,15.4504,90.36,3.64,1.10,2.7324,2.7565,31.1930,92.59,1.41,1.13,16.6946,16.8414,15.4725,90.91,3.09,0.55,2.8852,2.9106,30.7204,91.46,2.54,0.00,2.7856,2.8100,31.0257,91.46,2.54,0.00
6,1,2,11,80.00,88.00,94.00,1,0.0000,0.0000,inf,94.94,0.94,0.00,2.3670,2.3681,32.5119,94.94,0.94,0.00,20.0834,20.0933,13.9390,178.57,84.57,83.63,2.2798,2.2809,32.8380,93.75,0.25,1.19,13.0410,13.0474,17.6895,94.94,0.94,0.00,2.2606,2.2617,32.9114,94.94,0.94,0.00,12.4863,12.4924,18.0671,94.34,0.34,0.60,2.5055,2.5067,32.0179,94.94,0.94,0.00,2.3006,2.3017,32.7589,94.94,0.94,0.00
7,1,3,11,88.00,96.00,95.00,1,0.0000,0.0000,inf,93.75,1.25,0.00,2.4253,2.4370,32.2628,93.75,1.25,0.00,21.4649,21.5691,13.3234,163.04,68.04,69.29,2.1117,2.1219,33.4655,93.75,1.25,0.00,16.9102,16.9923,15.3950,94.34,0.66,0.59,2.0619,2.0719,33.6725,93.75,1.25,0.00,15.9256,16.0029,15.9160,93.17,1.83,0.58,2.2278,2.2386,33.0006,93.75,1.25,0.00,1.9581,1.9676,34.1212,92.59,2.41,1.16
8,2,0,11,96.00,104.00,92.00,1,0.0000,0.0000,inf,91.46,0.54,0.00,1.9300,1.9320,34.2797,91.46,0.54,0.00,22.2986,22.3225,13.0251,94.34,2.34,2.88,1.7199,1.7217,35.2807,91.46,0.54,0.00,11.7224,11.7350,18.6104,91.46,0.54,0.00,1.5365,1.5381,36.2601,91.46,0.54,0.00,11.9786,11.9914,18.4226,91.46,0.54,0.00,1.9360,1.9380,34.2527,91.46,0.54,0.00,1.7661,1.7680,35.0503,91.46,0.54,0.00
9,2,1,11,104.00,112.00,91.00,1,0.0000,0.0000,inf,91.46,0.46,0.00,2.0201,2.0675,33.6913,91.46,0.46,0.00,18.1483,18.5734,14.6222,92.59,1.59,1.13,1.7388,1.7795,34.9941,91.46,0.46,0.00,10.2116,10.4507,19.6171,91.46,0.46,0.00,1.6379,1.6762,35.5134,91.46,0.46,0.00,9.7797,10.0088,19.9924,90.36,0.64,1.10,1.9744,2.0206,33.8903,91.46,0.46,0.00,1.5423,1.5784,36.0354,91.46,0.46,0.00
10,2,2,11,112.00,120.00,92.00,1,0.0000,0.0000,inf,91.46,0.54,0.00,2.4509,2.4545,32.2006,91.46,0.54,0.00,15.3829,15.4060,16.2462,91.46,0.54,0.00,2.1185,2.1217,33.4662,91.46,0.54,0.00,10.1985,10.2139,19.8162,91.46,0.54,0.00,2.0773,2.0804,33.6369,91.46,0.54,0.00,10.6650,10.6810,19.4278,91.46,0.54,0.00,2.1260,2.1292,33.4358,91.46,0.54,0.00,2.1098,2.1130,33.5020,91.46,0.54,0.00
11,2,3,11,120.00,128.00,91.00,1,0.0000,0.0000,inf,89.82,1.18,0.00,2.2636,2.2991,32.7687,90.36,0.64,0.54,14.4143,14.6408,16.6887,92.59,1.59,2.77,2.1511,2.1849,33.2116,90.36,0.64,0.54,12.4900,12.6863,17.9333,92.59,1.59,2.77,2.1716,2.2057,33.1291,90.91,0.09,1.09,12.7532,12.9536,17.7522,90.91,0.09,1.09,2.3777,2.4150,32.3416,91.46,0.46,1.64,2.2168,2.2516,32.9500,90.91,0.09,1.09
12,3,0,11,128.00,136.00,91.00,1,0.0000,0.0000,inf,91.46,0.46,0.00,1.9577,1.9591,34.1589,92.59,1.59,1.13,18.6862,18.6998,14.5633,102.74,11.74,11.28,1.9493,1.9507,34.1963,91.46,0.46,0.00,11.5640,11.5724,18.7315,92.59,1.59,1.13,1.9872,1.9887,34.0287,91.46,0.46,0.00,11.3738,11.3821,18.8756,91.46,0.46,0.00,2.0563,2.0578,33.7320,91.46,0.46,0.00,1.7354,1.7367,35.2055,91.46,0.46,0.00
13,3,1,11,136.00,144.00,95.00,1,0.0000,0.0000,inf,94.94,0.06,0.00,1.5890,1.5919,35.9617,94.94,0.06,0.00,21.4059,21.4455,13.3733,125.00,30.00,30.06,1.9255,1.9291,34.2930,95.54,0.54,0.60,17.2291,17.2610,15.2587,94.94,0.06,0.00,1.8793,1.8828,34.5039,95.54,0.54,0.60,16.4255,16.4559,15.6736,95.54,0.54,0.60,2.0601,2.0639,33.7061,94.94,0.06,0.00,1.9860,1.9896,34.0246,95.54,0.54,0.60
14,3,2,11,144.00,152.00,93.50,1,0.0000,0.0000,inf,92.59,0.91,0.00,1.8184,1.8184,34.8064,92.59,0.91,0.00,18.2660,18.2660,14.7671,91.46,2.04,1.13,1.7300,1.7300,35.2393,92.59,0.91,0.00,12.2047,12.2047,18.2695,93.75,0.25,1.16,1.5826,1.5826,36.0127,92.59,0.91,0.00,11.0732,11.0732,19.1146,92.59,0.91,0.00,1.7583,1.7583,35.0982,92.59,0.91,0.00,1.6796,1.6796,35.4959,92.59,0.91,0.00
15,3,3,11,152.00,160.00,93.00,1,0.0000,0.0000,inf,93.75,0.75,0.00,1.6310,1.6319,35.7464,92.59,0.41,1.16,16.5683,16.5769,15.6099,93.75,0.75,0.00,1.7242,1.7251,35.2639,92.59,0.41,1.16,10.7898,10.7954,19.3353,92.59,0.41,1.16,1.6029,1.6037,35.8974,92.59,0.41,1.16,10.8186,10.8242,19.3121,93.75,0.75,0.00,1.6582,1.6591,35.6027,93.75,0.75,0.00,1.6988,1.6997,35.3925,92.59,0.41,1.16
16,4,0,11,160.00,168.00,93.00,1,0.0000,0.0000,inf,91.46,1.54,0.00,1.7290,1.7292,35.2430,91.46,1.54,0.00,15.4429,15.4448,16.2244,94.34,1.34,2.88,1.4802,1.4804,36.5926,91.46,1.54,0.00,10.9681,10.9694,19.1963,91.46,1.54,0.00,1.2946,1.2948,37.7560,91.46,1.54,0.00,10.9597,10.9611,19.2029,92.59,0.41,1.13,1.6024,1.6026,35.9033,91.46,1.54,0.00,1.3699,1.3701,37.2652,91.46,1.54,0.00
17,4,1,11,168.00,176.00,93.00,1,0.0000,0.0000,inf,94.94,1.94,0.00,1.4531,1.4544,36.7466,93.75,0.75,1.19,14.9801,14.9932,16.4821,95.54,2.54,0.60,1.4376,1.4389,36.8396,93.75,0.75,1.19,16.5355,16.5501,15.6240,93.75,0.75,1.19,1.4613,1.4626,36.6978,93.75,0.75,1.19,15.7023,15.7161,16.0731,93.75,0.75,1.19,1.6489,1.6503,35.6486,93.75,0.75,1.19,1.4215,1.4228,36.9372,93.75,0.75,1.19
18,4,2,11,176.00,184.00,93.00,1,0.0000,0.0000,inf,92.59,0.41,0.00,1.8184,1.8186,34.8055,92.59,0.41,0.00,19.8953,19.8969,14.0243,93.75,0.75,1.16,1.9772,1.9773,34.0785,92.59,0.41,0.00,11.4513,11.4522,18.8222,92.02,0.98,0.57,1.9404,1.9405,34.2416,92.59,0.41,0.00,11.1603,11.1611,19.0458,91.46,1.54,1.13,2.1889,2.1891,33.1948,92.59,0.41,0.00,2.0192,2.0194,33.8956,92.59,0.41,0.00
19,4,3,11,184.00,192.00,93.00,1,0.0000,0.0000,inf,91.46,1.54,0.00,2.2598,2.2649,32.8990,91.46,1.54,0.00,20.7362,20.7833,13.6457,93.75,0.75,2.29,1.4317,1.4349,36.8633,91.46,1.54,0.00,9.6037,9.6256,20.3315,91.46,1.54,0.00,1.2873,1.2903,37.7865,92.59,0.41,1.13,9.8341,9.8564,20.1256,90.36,2.64,1.10,1.4334,1.4367,36.8528,91.46,1.54,0.00,1.3496,1.3527,37.3760,91.46,1.54,0.00
20,5,0,11,192.00,200.00,92.00,1,0.0000,0.0000,inf,91.46,0.54,0.00,1.5999,1.6119,35.8531,91.46,0.54,0.00,19.3891,19.5350,14.1837,91.46,0.54,0.00,1.4553,1.4662,36.6760,92.59,0.59,1.13,7.9516,8.0114,21.9258,92.59,0.59,1.13,1.4408,1.4516,36.7630,91.46,0.54,0.00,7.8127,7.8715,22.0788,92.59,0.59,1.13,1.5208,1.5322,36.2935,91.46,0.54,0.00,1.3933,1.4038,37.0542,91.46,0.54,0.00
21,5,1,11,200.00,208.00,92.00,1,0.0000,0.0000,inf,93.75,1.75,0.00,1.6785,1.6786,35.5011,93.75,1.75,0.00,18.2257,18.2263,14.7860,94.94,2.94,1.19,1.4717,1.4718,36.6431,93.75,1.75,0.00,9.4704,9.4707,20.4724,93.75,1.75,0.00,1.4656,1.4656,36.6796,92.59,0.59,1.16,9.2805,9.2808,20.6483,92.59,0.59,1.16,1.3759,1.3759,37.2282,93.75,1.75,0.00,1.3139,1.3139,37.6284,93.75,1.75,0.00
22,5,2,11,208.00,216.00,94.00,1,0.0000,0.0000,inf,92.59,1.41,0.00,2.0070,2.0072,33.9482,92.59,1.41,0.00,15.8514,15.8527,15.9979,92.59,1.41,0.00,1.7894,1.7895,34.9454,92.59,1.41,0.00,8.5418,8.5425,21.3683,93.75,0.25,1.16,1.6794,1.6795,35.4964,92.59,1.41,0.00,8.1167,8.1174,21.8117,92.59,1.41,0.00,1.8554,1.8556,34.6305,92.59,1.41,0.00,1.6648,1.6649,35.5722,92.59,1.41,0.00
23,5,3,11,216.00,224.00,94.00,1,0.0000,0.0000,inf,96.15,2.15,0.00,1.8132,1.8388,34.7095,96.15,2.15,0.00,31.8729,32.3225,9.8099,94.94,0.94,1.22,1.8739,1.9003,34.4236,94.94,0.94,1.22,21.1081,21.4058,13.3894,94.34,0.34,1.81,1.8215,1.8472,34.6697,95.54,1.54,0.61,21.5976,21.9023,13.1902,94.94,0.94,1.22,1.9895,2.0175,33.9035,95.54,1.54,0.61,1.8968,1.9236,34.3179,95.54,1.54,0.61
24,6,0,11,224.00,232.00,96.00,1,0.0000,0.0000,inf,97.40,1.40,0.00,2.0310,2.0388,33.8127,97.40,1.40,0.00,25.8736,25.9722,11.7098,96.15,0.15,1.25,1.8974,1.9046,34.4040,96.77,0.77,0.63,22.9462,23.0336,12.7528,96.77,0.77,0.63,1.8289,1.8359,34.7230,97.40,1.40,0.00,21.4935,21.5753,13.3209,97.40,1.40,0.00,1.9918,1.9994,33.9819,96.77,0.77,0.63,1.8021,1.8089,34.8516,97.40,1.40,0.00
25,6,1,11,232.00,240.00,101.50,1,0.0000,0.0000,inf,102.04,0.54,0.00,1.5637,1.5644,36.1132,102.04,0.54,0.00,40.4432,40.4604,7.8594,102.74,1.24,0.70,1.6897,1.6904,35.4403,102.74,1.24,0.70,23.3691,23.3791,12.6235,104.17,2.67,2.13,1.5844,1.5851,35.9988,102.04,0.54,0.00,22.8887,22.8984,12.8039,102.74,1.24,0.70,1.7202,1.7209,35.2850,102.04,0.54,0.00,1.6916,1.6923,35.4304,102.04,0.54,0.00
26,6,2,11,240.00,248.00,99.50,1,0.0000,0.0000,inf,94.34,5.16,0.00,1.7249,1.7253,35.2625,94.94,4.56,0.60,34.6037,34.6131,9.2152,174.42,74.92,80.08,1.6152,1.6156,35.8333,95.54,3.96,1.20,16.7033,16.7079,15.5416,95.54,3.96,1.20,1.5711,1.5715,36.0734,95.54,3.96,1.20,13.0912,13.0948,17.6580,94.94,4.56,0.60,1.6530,1.6534,35.6324,95.54,3.96,1.20,1.5405,1.5409,36.2443,95.54,3.96,1.20
27,6,3,11,248.00,256.00,93.00,1,0.0000,0.0000,inf,91.46,1.54,0.00,1.7206,1.7219,35.2799,91.46,1.54,0.00,21.3837,21.3991,13.3921,166.67,73.67,75.20,1.3537,1.3547,37.3632,91.46,1.54,0.00,8.8812,8.8876,21.0243,91.46,1.54,0.00,1.2185,1.2194,38.2769,91.46,1.54,0.00,9.3197,9.3265,20.6057,91.46,1.54,0.00,1.6225,1.6237,35.7901,91.46,1.54,0.00,1.2266,1.2275,38.2196,91.46,1.54,0.00
28,7,0,11,256.00,264.00,91.00,1,0.0000,0.0000,inf,89.29,1.71,0.00,1.6625,1.6630,35.5820,89.29,1.71,0.00,18.8161,18.8223,14.5065,91.46,0.46,2.18,1.8578,1.8584,34.6170,90.36,0.64,1.08,8.1700,8.1727,21.7527,89.29,1.71,0.00,1.7899,1.7905,34.9404,89.29,1.71,0.00,8.0344,8.0371,21.8981,90.36,0.64,1.08,2.0549,2.0556,33.7413,90.36,0.64,1.08,1.7381,1.7387,35.1956,89.29,1.71,0.00
29,7,1,11,264.00,272.00,91.00,1,0.0000,0.0000,inf,91.46,0.46,0.00,2.5414,2.5419,31.8967,90.36,0.64,1.10,18.6008,18.6045,14.6076,92.02,1.02,0.56,1.5245,1.5248,36.3355,91.46,0.46,0.00,8.7061,8.7079,21.2018,90.36,0.64,1.10,1.4644,1.4647,36.6853,91.46,0.46,0.00,8.7921,8.7939,21.1164,91.46,0.46,0.00,1.4904,1.4907,36.5324,91.46,0.46,0.00,1.3800,1.3803,37.2005,91.46,0.46,0.00
30,7,2,11,272.00,280.00,92.00,1,0.0000,0.0000,inf,92.02,0.02,0.00,1.9990,2.0006,33.9770,92.59,0.59,0.57,18.2814,18.2956,14.7531,94.94,2.94,2.91,1.2793,1.2803,37.8541,92.02,0.02,0.00,8.7392,8.7460,21.1638,92.02,0.02,0.00,1.3299,1.3310,37.5167,92.02,0.02,0.00,8.6892,8.6960,21.2136,92.59,0.59,0.57,1.5224,1.5236,36.3425,92.02,0.02,0.00,1.2525,1.2535,38.0374,92.02,0.02,0.00
31,7,3,11,280.00,288.00,92.00,1,0.0000,0.0000,inf,90.36,1.64,0.00,1.9166,1.9166,34.3493,90.36,1.64,0.00,18.1291,18.1293,14.8324,91.46,0.54,1.10,1.3124,1.3124,37.6388,90.36,1.64,0.00,7.9839,7.9840,21.9556,91.46,0.54,1.10,1.1344,1.1344,38.9044,90.36,1.64,0.00,7.1497,7.1498,22.9141,91.46,0.54,1.10,1.2199,1.2199,38.2733,90.36,1.64,0.00,1.0840,1.0840,39.2991,90.36,1.64,0.00
32,8,0,11,288.00,296.00,92.00,1,0.0000,0.0000,inf,91.46,0.54,0.00,1.6034,1.6035,35.8988,91.46,0.54,0.00,18.1602,18.1611,14.8171,91.46,0.54,0.00,1.2315,1.2316,38.1906,91.46,0.54,0.00,7.2546,7.2550,22.7873,91.46,0.54,0.00,1.1963,1.1964,38.4424,91.46,0.54,0.00,7.0546,7.0550,23.0301,91.46,0.54,0.00,1.5681,1.5682,36.0921,91.46,0.54,0.00,1.2347,1.2348,38.1682,91.46,0.54,0.00
33,8,1,11,296.00,304.00,92.00,1,0.0000,0.0000,inf,92.59,0.59,0.00,1.5863,1.5888,35.9787,92.59,0.59,0.00,17.9303,17.9578,14.9149,92.59,0.59,0.00,1.1874,1.1892,38.4949,92.59,0.59,0.00,7.8064,7.8184,22.1376,92.59,0.59,0.00,1.1694,1.1712,38.6274,92.59,0.59,0.00,7.3547,7.3660,22.6553,92.59,0.59,0.00,1.3180,1.3200,37.5887,92.59,0.59,0.00,1.1483,1.1501,38.7854,92.59,0.59,0.00
34,8,2,11,304.00,312.00,92.00,1,0.0000,0.0000,inf,90.36,1.64,0.00,1.5760,1.5826,36.0124,90.36,1.64,0.00,18.7391,18.8177,14.5087,92.59,0.59,2.23,1.2142,1.2193,38.2775,90.36,1.64,0.00,9.7922,9.8333,20.1460,90.36,1.64,0.00,1.1848,1.1897,38.4910,90.36,1.64,0.00,7.9605,7.9939,21.9448,90.36,1.64,0.00,1.2313,1.2365,38.1562,90.36,1.64,0.00,1.2551,1.2604,37.9900,90.36,1.64,0.00
35,8,3,11,312.00,320.00,89.00,1,0.0000,0.0000,inf,89.29,0.29,0.00,2.4292,2.4376,32.2608,89.29,0.29,0.00,18.5246,18.5885,14.6151,164.84,75.84,75.55,1.9571,1.9639,34.1378,89.29,0.29,0.00,10.0333,10.0679,19.9412,89.29,0.29,0.00,1.8240,1.8303,34.7497,89.29,0.29,0.00,10.5888,10.6253,19.4732,89.29,0.29,0.00,1.8142,1.8205,34.7963,89.29,0.29,0.00,1.7897,1.7958,34.9147,89.29,0.29,0.00
36,9,0,11,320.00,328.00,90.50,1,0.0000,0.0000,inf,92.59,2.09,0.00,2.3129,2.3151,32.7085,93.17,2.67,0.58,23.8355,23.8585,12.4471,170.45,79.95,77.86,2.1930,2.1951,33.1707,92.59,2.09,0.00,13.1071,13.1198,17.6415,92.59,2.09,0.00,2.1662,2.1683,33.2775,92.59,2.09,0.00,12.8608,12.8733,17.8062,92.02,1.52,0.57,2.4859,2.4883,32.0820,92.59,2.09,0.00,2.0809,2.0829,33.6266,92.59,2.09,0.00
37,9,1,11,328.00,336.00,96.00,1,0.0000,0.0000,inf,101.35,5.35,0.00,1.5687,1.5787,36.0339,101.35,5.35,0.00,37.6906,37.9319,8.4199,102.04,6.04,0.69,1.7825,1.7939,34.9240,101.35,5.35,0.00,28.1498,28.3301,10.9551,101.35,5.35,0.00,1.6960,1.7069,35.3560,101.35,5.35,0.00,28.6708,28.8544,10.7958,100.67,4.67,0.68,1.9538,1.9663,34.1270,102.04,6.04,0.69,1.9473,1.9597,34.1561,102.04,6.04,0.69
38,9,2,11,336.00,344.00,100.00,1,0.0000,0.0000,inf,98.68,1.32,0.00,2.3675,2.3749,32.4872,98.68,1.32,0.00,42.6592,42.7928,7.3726,97.40,2.60,1.28,2.2970,2.3042,32.7495,98.68,1.32,0.00,28.8864,28.9769,10.7590,98.68,1.32,0.00,2.1735,2.1803,33.2295,98.68,1.32,0.00,27.8098,27.8969,11.0889,98.04,1.96,0.64,2.6220,2.6302,31.6003,98.04,1.96,0.64,2.5317,2.5396,31.9047,98.68,1.32,0.00
39,9,3,11,344.00,352.00,98.00,1,0.0000,0.0000,inf,96.77,1.23,0.00,1.5681,1.5682,36.0917,96.15,1.85,0.62,39.7774,39.7806,8.0066,94.94,3.06,1.84,1.7344,1.7346,35.2163,96.77,1.23,0.00,27.4346,27.4367,11.2334,96.77,1.23,0.00,1.7363,1.7365,35.2067,97.40,0.60,0.63,25.9459,25.9479,11.7179,96.77,1.23,0.00,1.9541,1.9543,34.1802,96.77,1.23,0.00,1.7380,1.7381,35.1984,96.77,1.23,0.00
40,10,0,11,352.00,360.00,96.50,1,0.0000,0.0000,inf,94.94,1.56,0.00,1.4848,1.4852,36.5641,94.94,1.56,0.00,19.9371,19.9435,14.0040,94.94,1.56,0.00,1.5590,1.5595,36.1403,94.94,1.56,0.00,16.3546,16.3599,15.7244,94.94,1.56,0.00,1.5081,1.5086,36.4284,94.94,1.56,0.00,16.2266,16.2318,15.7927,94.34,2.16,0.60,1.7138,1.7143,35.3182,94.94,1.56,0.00,1.4602,1.4607,36.7090,94.94,1.56,0.00
41,10,1,11,360.00,368.00,95.00,1,0.0000,0.0000,inf,93.75,1.25,0.00,1.8788,1.8824,34.5057,93.75,1.25,0.00,18.0593,18.0941,14.8493,94.94,0.06,1.19,1.7995,1.8029,34.8804,93.75,1.25,0.00,13.3664,13.3922,17.4629,93.75,1.25,0.00,1.7550,1.7584,35.0979,93.75,1.25,0.00,12.1463,12.1697,18.2944,93.75,1.25,0.00,1.9944,1.9982,33.9872,93.75,1.25,0.00,1.8398,1.8433,34.6879,93.75,1.25,0.00
42,10,2,11,368.00,376.00,93.50,1,0.0000,0.0000,inf,94.34,0.84,0.00,2.4199,2.4375,32.2613,94.94,1.44,0.60,20.0361,20.1818,13.9008,174.42,80.92,80.08,2.6658,2.6852,31.4204,94.94,1.44,0.60,16.6319,16.7528,15.5182,93.75,0.25,0.59,2.8568,2.8775,30.8196,95.54,2.04,1.20,15.8875,16.0031,15.9159,93.75,0.25,0.59,2.7984,2.8188,30.9987,94.94,1.44,0.60,2.5830,2.6018,31.6945,94.34,0.84,0.00
43,10,3,11,376.00,384.00,94.00,1,0.0000,0.0000,inf,92.59,1.41,0.00,2.2580,2.2836,32.8276,92.59,1.41,0.00,24.0631,24.3359,12.2751,178.57,84.57,85.98,2.1888,2.2136,33.0982,92.59,1.41,0.00,14.3237,14.4861,16.7810,92.59,1.41,0.00,2.1850,2.2098,33.1130,92.59,1.41,0.00,13.8197,13.9763,17.0922,93.75,0.25,1.16,2.2487,2.2742,32.8633,93.75,0.25,1.16,2.3375,2.3640,32.5272,92.59,1.41,0.00
44,11,0,11,384.00,392.00,93.00,1,0.0000,0.0000,inf,92.59,0.41,0.00,2.8941,2.8941,30.7697,92.59,0.41,0.00,21.2589,21.2589,13.4492,93.75,0.75,1.16,1.7410,1.7410,35.1839,92.59,0.41,0.00,12.5109,12.5109,18.0542,92.02,0.98,0.57,1.7729,1.7729,35.0265,92.59,0.41,0.00,12.6222,12.6222,17.9773,92.02,0.98,0.57,1.8728,1.8728,34.5501,92.59,0.41,0.00,1.7151,1.7151,35.3140,92.59,0.41,0.00
45,11,1,11,392.00,400.00,92.00,1,0.0000,0.0000,inf,91.46,0.54,0.00,2.2078,2.2081,33.1198,91.46,0.54,0.00,20.0025,20.0050,13.9772,92.59,0.59,1.13,1.5794,1.5796,36.0293,91.46,0.54,0.00,10.2130,10.2143,19.8159,92.59,0.59,1.13,1.5701,1.5703,36.0805,91.46,0.54,0.00,9.3082,9.3094,20.6216,92.59,0.59,1.13,1.7506,1.7509,35.1349,91.46,0.54,0.00,1.5126,1.5128,36.4044,91.46,0.54,0.00
46,11,2,11,400.00,408.00,91.50,1,0.0000,0.0000,inf,89.29,2.21,0.00,1.9751,1.9775,34.0779,89.29,2.21,0.00,20.0580,20.0818,13.9439,90.36,1.14,1.08,1.7233,1.7253,35.2626,89.29,2.21,0.00,8.4730,8.4831,21.4289,89.29,2.21,0.00,1.5483,1.5501,36.1925,89.29,2.21,0.00,7.7509,7.7601,22.2027,89.29,2.21,0.00,1.6058,1.6077,35.8758,89.29,2.21,0.00,1.5298,1.5316,36.2972,89.29,2.21,0.00
47,11,3,11,408.00,416.00,90.00,1,0.0000,0.0000,inf,89.29,0.71,0.00,1.5452,1.5455,36.2184,89.29,0.71,0.00,18.6284,18.6325,14.5946,89.29,0.71,0.00,1.3695,1.3698,37.2670,89.29,0.71,0.00,8.4319,8.4337,21.4796,90.36,0.36,1.08,1.2241,1.2244,38.2418,89.29,0.71,0.00,7.6569,7.6586,22.3170,88.24,1.76,1.05,1.4380,1.4383,36.8428,89.29,0.71,0.00,1.1863,1.1866,38.5138,88.24,1.76,1.05
48,12,0,11,416.00,424.00,89.00,1,0.0000,0.0000,inf,91.46,2.46,0.00,1.7286,1.7295,35.2418,91.46,2.46,0.00,17.4249,17.4339,15.1721,90.36,1.36,1.10,1.3033,1.3040,37.6947,90.36,1.36,1.10,7.8783,7.8824,22.0669,90.36,1.36,1.10,1.2033,1.2039,38.3882,90.36,1.36,1.10,8.0037,8.0078,21.9297,89.29,0.29,2.18,1.3153,1.3160,37.6151,90.36,1.36,1.10,1.2582,1.2588,38.0007,90.36,1.36,1.10
49,12,1,11,424.00,432.00,91.00,1,0.0000,0.0000,inf,90.36,0.64,0.00,2.0797,2.0797,33.6401,90.36,0.64,0.00,18.4683,18.4683,14.6714,90.91,0.09,0.55,2.0340,2.0340,33.8330,91.46,0.46,1.10,11.3056,11.3057,18.9341,91.46,0.46,1.10,1.9049,1.9049,34.4024,90.36,0.64,0.00,12.0283,12.0283,18.3959,90.36,0.64,0.00,2.2419,2.2419,32.9876,90.36,0.64,0.00,1.9142,1.9142,34.3604,90.36,0.64,0.00
50,12,2,11,432.00,440.00,91.00,1,0.0000,0.0000,inf,90.36,0.64,0.00,1.8155,1.8158,34.8189,90.36,0.64,0.00,18.3468,18.3489,14.7278,93.75,2.75,3.39,1.5735,1.5737,36.0618,91.46,0.46,1.10,9.6588,9.6599,20.3005,91.46,0.46,1.10,1.5424,1.5426,36.2348,91.46,0.46,1.10,9.9366,9.9378,20.0542,91.46,0.46,1.10,1.8765,1.8767,34.5320,91.46,0.46,1.10,1.5664,1.5666,36.1010,91.46,0.46,1.10
51,12,3,11,440.00,448.00,92.00,1,0.0000,0.0000,inf,90.36,1.64,0.00,2.1144,2.1256,33.4502,90.36,1.64,0.00,18.3386,18.4362,14.6866,91.46,0.54,1.10,1.9123,1.9224,34.3230,90.36,1.64,0.00,9.4373,9.4876,20.4569,90.36,1.64,0.00,2.0272,2.0380,33.8161,90.36,1.64,0.00,8.8766,8.9239,20.9889,90.36,1.64,0.00,2.1161,2.1274,33.4430,90.36,1.64,0.00,1.8739,1.8839,34.4988,90.36,1.64,0.00
52,13,0,11,448.00,456.00,91.50,1,0.0000,0.0000,inf,92.59,1.09,0.00,2.1923,2.2768,32.8537,92.59,1.09,0.00,15.3769,15.9695,15.9342,93.75,2.25,1.16,2.1272,2.2092,33.1153,92.59,1.09,0.00,13.2395,13.7498,17.2341,91.46,0.04,1.13,2.0464,2.1253,33.4517,92.59,1.09,0.00,11.7555,12.2086,18.2667,91.46,0.04,1.13,2.1254,2.2073,33.1226,92.59,1.09,0.00,2.0604,2.1398,33.3923,92.59,1.09,0.00
53,13,1,11,456.00,464.00,92.00,1,0.0000,0.0000,inf,91.46,0.54,0.00,1.6077,1.6517,35.6414,91.46,0.54,0.00,16.1063,16.5473,15.6254,95.54,3.54,4.08,1.5529,1.5954,35.9425,91.46,0.54,0.00,12.8817,13.2345,17.5659,93.75,1.75,2.29,1.4911,1.5319,36.2952,91.46,0.54,0.00,12.7140,13.0622,17.6797,92.59,0.59,1.13,1.5111,1.5525,36.1793,91.46,0.54,0.00,1.5281,1.5699,36.0825,91.46,0.54,0.00
54,13,2,11,464.00,472.00,92.00,1,0.0000,0.0000,inf,91.46,0.54,0.00,1.5194,1.5249,36.3354,91.46,0.54,0.00,19.2840,19.3540,14.2646,93.75,1.75,2.29,1.2909,1.2956,37.7505,91.46,0.54,0.00,9.4730,9.5074,20.4388,91.46,0.54,0.00,1.2242,1.2287,38.2113,91.46,0.54,0.00,9.5447,9.5793,20.3733,91.46,0.54,0.00,1.7720,1.7784,34.9995,91.46,0.54,0.00,1.2207,1.2251,38.2363,91.46,0.54,0.00
55,13,3,11,472.00,480.00,92.00,1,0.0000,0.0000,inf,91.46,0.54,0.00,2.6179,2.6187,31.6383,91.46,0.54,0.00,17.4236,17.4293,15.1744,93.75,1.75,2.29,1.5421,1.5426,36.2349,91.46,0.54,0.00,12.9727,12.9770,17.7365,92.59,0.59,1.13,1.5778,1.5783,36.0362,91.46,0.54,0.00,11.4984,11.5022,18.7844,91.46,0.54,0.00,1.6076,1.6081,35.8736,91.46,0.54,0.00,1.5861,1.5866,35.9905,91.46,0.54,0.00
56,14,0,12,32.00,40.00,91.50,1,0.0000,0.0000,inf,91.46,0.04,0.00,4.7962,4.7965,26.3816,91.46,0.04,0.00,19.1468,19.1480,14.3575,91.46,0.04,0.00,2.4284,2.4285,32.2932,91.46,0.04,0.00,6.6495,6.6499,23.5437,91.46,0.04,0.00,2.3008,2.3009,32.7620,91.46,0.04,0.00,6.1441,6.1445,24.2302,92.59,1.09,1.13,2.4392,2.4393,32.2545,91.46,0.04,0.00,2.3630,2.3632,32.5301,91.46,0.04,0.00
57,14,1,12,40.00,48.00,92.00,1,0.0000,0.0000,inf,90.36,1.64,0.00,5.3529,5.3531,25.4279,91.46,0.54,1.10,18.0085,18.0091,14.8901,91.46,0.54,1.10,2.7577,2.7578,31.1886,91.46,0.54,1.10,7.8491,7.8494,22.1033,91.46,0.54,1.10,2.7070,2.7071,31.3499,91.46,0.54,1.10,8.3181,8.3184,21.5992,90.36,1.64,0.00,2.7953,2.7954,31.0710,90.36,1.64,0.00,2.6998,2.6999,31.3730,90.36,1.64,0.00
58,14,2,12,48.00,56.00,91.00,1,0.0000,0.0000,inf,91.46,0.46,0.00,5.4537,5.4587,25.2582,91.46,0.46,0.00,17.5014,17.5175,15.1306,91.46,0.46,0.00,2.5648,2.5672,31.8109,91.46,0.46,0.00,7.2995,7.3062,22.7261,91.46,0.46,0.00,2.3929,2.3951,32.4134,91.46,0.46,0.00,7.6901,7.6971,22.2734,91.46,0.46,0.00,2.3847,2.3869,32.4435,91.46,0.46,0.00,2.5710,2.5734,31.7899,90.36,0.64,1.10
59,14,3,12,56.00,64.00,91.00,1,0.0000,0.0000,inf,91.46,0.46,0.00,5.7995,5.8022,24.7282,90.36,0.64,1.10,19.2374,19.2462,14.3131,90.36,0.64,1.10,3.0631,3.0645,30.2727,90.36,0.64,1.10,8.5310,8.5349,21.3760,91.46,0.46,0.00,3.0238,3.0252,30.3849,90.36,0.64,1.10,8.7971,8.8011,21.1093,90.36,0.64,1.10,3.0147,3.0160,30.4113,90.36,0.64,1.10,2.8076,2.8089,31.0294,90.36,0.64,1.10
60,15,0,12,64.00,72.00,90.00,1,0.0000,0.0000,inf,90.36,0.36,0.00,5.7566,5.7575,24.7953,90.36,0.36,0.00,17.7113,17.7143,15.0335,90.36,0.36,0.00,2.7854,2.7859,31.1006,90.36,0.36,0.00,7.8786,7.8799,22.0696,90.36,0.36,0.00,2.6506,2.6511,31.5316,90.36,0.36,0.00,7.4750,7.4762,22.5263,90.36,0.36,0.00,2.7448,2.7453,31.2284,90.36,0.36,0.00,2.6524,2.6529,31.5256,90.36,0.36,0.00
61,15,1,12,72.00,80.00,90.00,1,0.0000,0.0000,inf,90.36,0.36,0.00,5.6405,5.6450,24.9668,91.46,1.46,1.10,17.5186,17.5325,15.1231,91.46,1.46,1.10,2.6476,2.6497,31.5360,91.46,1.46,1.10,8.4867,8.4935,21.4183,91.46,1.46,1.10,2.6514,2.6535,31.5236,91.46,1.46,1.10,7.7184,7.7245,22.2426,91.46,1.46,1.10,2.8342,2.8365,30.9445,91.46,1.46,1.10,2.5530,2.5550,31.8522,91.46,1.46,1.10
62,15,2,12,80.00,88.00,91.00,1,0.0000,0.0000,inf,90.36,0.64,0.00,5.2667,5.2693,25.5649,89.29,1.71,1.08,17.1319,17.1403,15.3196,89.29,1.71,1.08,2.4760,2.4772,32.1208,89.29,1.71,1.08,8.1396,8.1436,21.7837,89.29,1.71,1.08,2.2017,2.2028,33.1405,89.29,1.71,1.08,7.4637,7.4674,22.5367,90.36,0.64,0.00,2.4051,2.4063,32.3731,89.29,1.71,1.08,2.3597,2.3609,32.5385,89.29,1.71,1.08
63,15,3,12,88.00,96.00,90.00,1,0.0000,0.0000,inf,90.36,0.36,0.00,5.4518,5.4579,25.2595,90.36,0.36,0.00,18.0072,18.0274,14.8813,90.36,0.36,0.00,2.7393,2.7424,31.2374,90.36,0.36,0.00,8.9128,8.9228,20.9899,90.36,0.36,0.00,2.6599,2.6628,31.4931,90.36,0.36,0.00,7.6559,7.6645,22.3104,90.36,0.36,0.00,2.8508,2.8540,30.8908,90.36,0.36,0.00,2.7742,2.7774,31.1274,90.36,0.36,0.00
64,16,0,12,96.00,104.00,91.00,1,0.0000,0.0000,inf,91.46,0.46,0.00,5.9420,5.9490,24.5111,91.46,0.46,0.00,18.9451,18.9677,14.4397,91.46,0.46,0.00,2.6219,2.6251,31.6172,91.46,0.46,0.00,8.2313,8.2411,21.6803,90.36,0.64,1.10,2.5292,2.5322,31.9300,91.46,0.46,0.00,7.6193,7.6284,22.3514,91.46,0.46,0.00,2.5716,2.5747,31.7855,91.46,0.46,0.00,2.5212,2.5242,31.9575,91.46,0.46,0.00
65,16,1,12,104.00,112.00,91.00,1,0.0000,0.0000,inf,91.46,0.46,0.00,5.6806,5.6858,24.9041,90.36,0.64,1.10,17.7138,17.7300,15.0258,90.36,0.64,1.10,2.6789,2.6814,31.4329,90.36,0.64,1.10,7.7347,7.7418,22.2232,90.36,0.64,1.10,2.5530,2.5553,31.8511,90.36,0.64,1.10,8.0146,8.0219,21.9144,91.46,0.46,0.00,2.6309,2.6333,31.5899,90.36,0.64,1.10,2.6955,2.6980,31.3792,90.36,0.64,1.10
66,16,2,12,112.00,120.00,91.00,1,0.0000,0.0000,inf,91.46,0.46,0.00,5.7418,5.7592,24.7927,91.46,0.46,0.00,17.8438,17.8978,14.9440,91.46,0.46,0.00,2.9654,2.9744,30.5321,91.46,0.46,0.00,8.0765,8.1010,21.8293,91.46,0.46,0.00,2.8733,2.8820,30.8061,91.46,0.46,0.00,8.1873,8.2121,21.7110,91.46,0.46,0.00,2.9177,2.9266,30.6728,91.46,0.46,0.00,2.8334,2.8420,30.9275,91.46,0.46,0.00
67,16,3,12,120.00,128.00,92.00,1,0.0000,0.0000,inf,91.46,0.54,0.00,5.6709,5.6820,24.9099,90.36,1.64,1.10,18.1289,18.1645,14.8156,90.36,1.64,1.10,2.8603,2.8659,30.8546,90.36,1.64,1.10,8.0685,8.0843,21.8472,91.46,0.54,0.00,2.7449,2.7503,31.2123,90.36,1.64,1.10,7.8375,7.8529,22.0994,90.36,1.64,1.10,2.7363,2.7416,31.2398,90.36,1.64,1.10,2.8728,2.8784,30.8169,90.36,1.64,1.10
68,17,0,12,128.00,136.00,91.00,1,0.0000,0.0000,inf,91.46,0.46,0.00,5.5345,5.5505,25.1133,91.46,0.46,0.00,17.5980,17.6488,15.0657,90.36,0.64,1.10,2.8751,2.8834,30.8019,90.36,0.64,1.10,8.8515,8.8771,21.0346,90.36,0.64,1.10,2.7398,2.7477,31.2206,90.36,0.64,1.10,9.1497,9.1761,20.7468,90.36,0.64,1.10,2.6868,2.6946,31.3902,90.36,0.64,1.10,2.8394,2.8476,30.9105,90.36,0.64,1.10
69,17,1,12,136.00,144.00,91.00,1,0.0000,0.0000,inf,91.46,0.46,0.00,5.4323,5.4589,25.2579,91.46,0.46,0.00,19.2250,19.3191,14.2803,91.46,0.46,0.00,2.9538,2.9682,30.5500,91.46,0.46,0.00,8.7546,8.7975,21.1128,91.46,0.46,0.00,2.8647,2.8788,30.8159,91.46,0.46,0.00,8.5175,8.5592,21.3513,91.46,0.46,0.00,2.6824,2.6956,31.3870,91.46,0.46,0.00,2.7779,2.7915,31.0832,91.46,0.46,0.00
70,17,2,12,144.00,152.00,92.00,1,0.0000,0.0000,inf,91.46,0.54,0.00,6.1351,6.1489,24.2240,91.46,0.54,0.00,20.2914,20.3373,13.8342,91.46,0.54,0.00,2.8683,2.8747,30.8280,91.46,0.54,0.00,8.4613,8.4804,21.4317,91.46,0.54,0.00,2.7367,2.7429,31.2359,91.46,0.54,0.00,7.8495,7.8673,22.0835,91.46,0.54,0.00,2.7747,2.7810,31.1161,91.46,0.54,0.00,2.9000,2.9066,30.7324,91.46,0.54,0.00
71,17,3,12,152.00,160.00,92.00,1,0.0000,0.0000,inf,91.46,0.54,0.00,5.9646,5.9647,24.4882,92.02,0.02,0.56,20.6609,20.6614,13.6968,91.46,0.54,0.00,2.8006,2.8006,31.0548,91.46,0.54,0.00,7.4857,7.4859,22.5151,91.46,0.54,0.00,2.7758,2.7758,31.1321,92.02,0.02,0.56,7.3739,7.3741,22.6458,91.46,0.54,0.00,2.8559,2.8560,30.8850,91.46,0.54,0.00,2.8152,2.8152,31.0097,92.02,0.02,0.56
72,18,0,12,160.00,168.00,92.00,1,0.0000,0.0000,inf,91.46,0.54,0.00,5.3237,5.3238,25.4755,92.59,0.59,1.13,20.3341,20.3345,13.8353,91.46,0.54,0.00,2.8662,2.8662,30.8538,92.59,0.59,1.13,8.5825,8.5827,21.3276,92.59,0.59,1.13,2.7104,2.7105,31.3390,92.59,0.59,1.13,8.4167,8.4169,21.4970,91.46,0.54,0.00,2.6901,2.6902,31.4043,92.59,0.59,1.13,2.6624,2.6625,31.4943,92.59,0.59,1.13
73,18,1,12,168.00,176.00,91.00,1,0.0000,0.0000,inf,90.36,0.64,0.00,5.8688,5.8697,24.6277,90.36,0.64,0.00,18.5390,18.5417,14.6370,90.36,0.64,0.00,3.1384,3.1389,30.0645,90.36,0.64,0.00,9.2715,9.2728,20.6558,89.29,1.71,1.08,2.9579,2.9583,30.5791,90.36,0.64,0.00,9.6600,9.6614,20.2992,90.36,0.64,0.00,3.0709,3.0714,30.2534,90.36,0.64,0.00,3.0031,3.0035,30.4473,90.36,0.64,0.00
74,18,2,12,176.00,184.00,90.00,1,0.0000,0.0000,inf,91.46,1.46,0.00,5.5176,5.5312,25.1436,90.36,0.36,1.10,18.4748,18.5203,14.6470,90.36,0.36,1.10,2.7015,2.7082,31.3464,90.36,0.36,1.10,8.1345,8.1545,21.7720,91.46,1.46,0.00,2.5612,2.5676,31.8096,90.36,0.36,1.10,7.6273,7.6461,22.3312,91.46,1.46,0.00,2.6000,2.6064,31.6791,90.36,0.36,1.10,2.6573,2.6638,31.4899,90.36,0.36,1.10
75,18,3,12,184.00,192.00,91.00,1,0.0000,0.0000,inf,91.46,0.46,0.00,5.4780,5.4793,25.2256,92.59,1.59,1.13,19.4534,19.4581,14.2180,92.59,1.59,1.13,2.7323,2.7329,31.2675,91.46,0.46,0.00,8.7312,8.7333,21.1765,91.46,0.46,0.00,2.5796,2.5802,31.7669,91.46,0.46,0.00,8.1399,8.1419,21.7855,91.46,0.46,0.00,2.6976,2.6983,31.3784,91.46,0.46,0.00,2.6175,2.6181,31.6401,91.46,0.46,0.00
76,19,0,12,192.00,200.00,92.00,1,0.0000,0.0000,inf,91.46,0.54,0.00,5.4747,5.5235,25.1556,92.02,0.02,0.56,18.1654,18.3274,14.7380,92.02,0.02,0.56,3.7756,3.8093,28.3832,92.02,0.02,0.56,13.3824,13.5018,17.3922,91.46,0.54,0.00,3.9109,3.9458,28.0773,91.46,0.54,0.00,13.3946,13.5141,17.3843,92.02,0.02,0.56,3.9888,4.0244,27.9059,91.46,0.54,0.00,3.9014,3.9362,28.0986,92.02,0.02,0.56
77,19,1,12,200.00,208.00,93.00,1,0.0000,0.0000,inf,97.40,4.40,0.00,3.6959,3.7620,28.4916,96.15,3.15,1.25,18.7362,19.0715,14.3923,96.15,3.15,1.25,4.0664,4.1391,27.6618,96.15,3.15,1.25,15.4011,15.6767,16.0949,92.59,0.41,4.81,4.0324,4.1046,27.7346,96.15,3.15,1.25,15.5879,15.8669,15.9902,94.94,1.94,2.47,4.1713,4.2459,27.4406,97.40,4.40,0.00,4.2646,4.3409,27.2484,98.68,5.68,1.28
78,19,2,12,208.00,216.00,96.00,1,0.0000,0.0000,inf,92.59,3.41,0.00,3.9032,3.9060,28.1654,93.75,2.25,1.16,17.9221,17.9349,14.9260,94.94,1.06,2.34,3.6820,3.6846,28.6721,93.75,2.25,1.16,22.9592,22.9756,12.7747,94.94,1.06,2.34,3.7203,3.7229,28.5823,93.75,2.25,1.16,23.1568,23.1733,12.7002,94.94,1.06,2.34,3.7177,3.7204,28.5882,94.34,1.66,1.75,3.6596,3.6622,28.7252,93.75,2.25,1.16
79,19,3,12,216.00,224.00,93.50,1,0.0000,0.0000,inf,96.15,2.65,0.00,4.6018,4.6844,26.5870,96.15,2.65,0.00,21.8645,22.2566,13.0508,91.46,2.04,4.69,3.5415,3.6050,28.8618,96.15,2.65,0.00,18.5167,18.8488,14.4943,91.46,2.04,4.69,3.6474,3.7128,28.6059,96.15,2.65,0.00,18.5297,18.8621,14.4882,91.46,2.04,4.69,3.9608,4.0319,27.8899,97.40,3.90,1.25,3.6998,3.7662,28.4819,97.40,3.90,1.25
80,20,0,12,224.00,232.00,92.00,1,0.0000,0.0000,inf,92.59,0.59,0.00,3.4565,3.4616,29.2144,96.77,4.77,4.18,21.7999,21.8325,13.2179,93.75,1.75,1.16,3.2928,3.2977,29.6358,98.68,6.68,6.09,18.5587,18.5865,14.6161,94.34,2.34,1.75,3.2417,3.2466,29.7715,98.04,6.04,5.45,18.1472,18.1744,14.8108,93.75,1.75,1.16,3.3718,3.3769,29.4297,98.04,6.04,5.45,3.1171,3.1218,30.1119,98.68,6.68,6.09
81,20,1,12,232.00,240.00,93.00,1,0.0000,0.0000,inf,91.46,1.54,0.00,3.7070,3.7176,28.5948,92.59,0.41,1.13,18.2099,18.2621,14.7690,91.46,1.54,0.00,3.3247,3.3342,29.5401,92.59,0.41,1.13,14.9231,14.9659,16.4980,91.46,1.54,0.00,3.3385,3.3481,29.5040,91.46,1.54,0.00,14.4063,14.4476,16.8041,92.59,0.41,1.13,3.5721,3.5823,28.9168,91.46,1.54,0.00,3.2173,3.2265,29.8254,92.59,0.41,1.13
82,20,2,12,240.00,248.00,91.50,1,0.0000,0.0000,inf,90.36,1.14,0.00,4.2892,4.2931,27.3446,89.29,2.21,1.08,20.6542,20.6728,13.6920,89.29,2.21,1.08,2.9491,2.9518,30.5983,90.36,1.14,0.00,15.6562,15.6703,16.0985,89.29,2.21,1.08,2.9045,2.9072,30.7306,90.36,1.14,0.00,16.0847,16.0992,15.8639,89.29,2.21,1.08,3.2037,3.2066,29.8790,90.36,1.14,0.00,3.0218,3.0246,30.3867,90.36,1.14,0.00
83,20,3,12,248.00,256.00,90.00,1,0.0000,0.0000,inf,92.59,2.59,0.00,3.2589,3.2598,29.7362,91.46,1.46,1.13,18.2408,18.2459,14.7767,92.59,2.59,0.00,2.6517,2.6524,31.5271,91.46,1.46,1.13,11.8401,11.8435,18.5304,91.46,1.46,1.13,2.5555,2.5562,31.8480,91.46,1.46,1.13,11.9454,11.9487,18.4536,91.46,1.46,1.13,2.5773,2.5780,31.7743,91.46,1.46,1.13,2.5932,2.5939,31.7209,91.46,1.46,1.13
84,21,0,12,256.00,264.00,93.00,1,0.0000,0.0000,inf,96.15,3.15,0.00,3.3643,3.3643,29.4621,96.15,3.15,0.00,26.8044,26.8045,11.4358,94.94,1.94,1.22,2.3091,2.3091,32.7311,97.40,4.40,1.25,10.9087,10.9088,19.2445,98.04,5.04,1.89,2.2930,2.2930,32.7919,97.40,4.40,1.25,10.1274,10.1275,19.8900,96.77,3.77,0.62,2.4110,2.4111,32.3559,96.77,3.77,0.62,2.3109,2.3109,32.7243,97.40,4.40,1.25
85,21,1,12,264.00,272.00,96.00,1,0.0000,0.0000,inf,98.04,2.04,0.00,3.2156,3.2157,29.8546,98.04,2.04,0.00,34.1370,34.1374,9.3354,98.04,2.04,0.00,1.9666,1.9666,34.1257,97.40,1.40,0.64,11.9888,11.9889,18.4244,97.40,1.40,0.64,2.1184,2.1184,33.4797,97.40,1.40,0.64,11.1377,11.1378,19.0640,98.68,2.68,0.64,2.2540,2.2540,32.9408,98.04,2.04,0.00,2.0568,2.0568,33.7363,98.04,2.04,0.00
86,21,2,12,272.00,280.00,98.00,1,0.0000,0.0000,inf,98.04,0.04,0.00,3.2893,3.2903,29.6553,98.04,0.04,0.00,32.5631,32.5736,9.7427,98.68,0.68,0.64,1.9531,1.9537,34.1828,97.40,0.60,0.64,11.6555,11.6592,18.6666,98.68,0.68,0.64,2.0284,2.0290,33.8542,98.04,0.04,0.00,11.3052,11.3089,18.9316,98.68,0.68,0.64,2.0825,2.0832,33.6253,98.04,0.04,0.00,1.9496,1.9502,34.1985,98.04,0.04,0.00
87,21,3,12,280.00,288.00,99.00,1,0.0000,0.0000,inf,98.68,0.32,0.00,3.7890,3.7899,28.4274,98.68,0.32,0.00,33.7926,33.8006,9.4215,99.34,0.34,0.65,1.6625,1.6629,35.5828,99.34,0.34,0.65,12.5055,12.5084,18.0559,99.34,0.34,0.65,1.6592,1.6596,35.6001,99.34,0.34,0.65,11.7176,11.7203,18.6212,98.68,0.32,0.00,1.7651,1.7655,35.0626,99.34,0.34,0.65,1.7443,1.7447,35.1658,98.68,0.32,0.00
88,22,0,12,288.00,296.00,99.00,1,0.0000,0.0000,inf,100.67,1.67,0.00,3.8859,3.8924,28.1956,99.34,0.34,1.33,34.8701,34.9291,9.1363,98.68,0.32,1.99,1.8251,1.8282,34.7594,100.67,1.67,0.00,11.6295,11.6492,18.6741,98.68,0.32,1.99,1.7791,1.7821,34.9816,100.67,1.67,0.00,12.0880,12.1084,18.3382,99.34,0.34,1.33,1.9507,1.9540,34.1816,100.67,1.67,0.00,1.7633,1.7663,35.0587,99.34,0.34,1.33
89,22,1,12,296.00,304.00,99.00,1,0.0000,0.0000,inf,97.40,1.60,0.00,3.6267,3.6276,28.8076,98.68,0.32,1.28,34.8126,34.8211,9.1632,98.68,0.32,1.28,1.9473,1.9477,34.2093,98.68,0.32,1.28,10.8374,10.8400,19.2994,98.68,0.32,1.28,1.9305,1.9309,34.2847,98.68,0.32,1.28,12.2167,12.2197,18.2588,98.68,0.32,1.28,1.9689,1.9694,34.1135,99.34,0.34,1.94,1.8213,1.8218,34.7902,98.68,0.32,1.28
90,22,2,12,304.00,312.00,99.00,1,0.0000,0.0000,inf,98.68,0.32,0.00,3.6918,3.6927,28.6532,98.04,0.96,0.64,32.9579,32.9652,9.6389,98.68,0.32,0.00,1.9571,1.9575,34.1659,98.04,0.96,0.64,13.2213,13.2242,17.5726,98.04,0.96,0.64,1.9027,1.9031,34.4107,98.04,0.96,0.64,13.1344,13.1373,17.6299,98.68,0.32,0.00,2.1131,2.1135,33.4998,97.40,1.60,1.28,2.0490,2.0495,33.7671,98.04,0.96,0.64
91,22,3,12,312.00,320.00,98.00,1,0.0000,0.0000,inf,97.40,0.60,0.00,3.8204,3.8209,28.3566,97.40,0.60,0.00,27.9990,28.0031,11.0559,97.40,0.60,0.00,1.7875,1.7878,34.9538,97.40,0.60,0.00,13.6274,13.6294,17.3104,98.04,0.04,0.64,1.9887,1.9890,34.0273,97.40,0.60,0.00,13.4532,13.4552,17.4222,97.40,0.60,0.00,2.0772,2.0775,33.6491,97.40,0.60,0.00,1.8335,1.8338,34.7331,97.40,0.60,0.00
92,23,0,12,320.00,328.00,97.00,1,0.0000,0.0000,inf,96.77,0.23,0.00,3.8034,3.8036,28.3960,97.40,0.40,0.63,25.6829,25.6848,11.8065,96.77,0.23,0.00,2.1265,2.1266,33.4461,96.15,0.85,0.62,12.3466,12.3475,18.1684,97.40,0.40,0.63,1.9510,1.9512,34.1942,96.77,0.23,0.00,12.4304,12.4314,18.1096,96.77,0.23,0.00,2.1776,2.1777,33.2399,96.77,0.23,0.00,1.9000,1.9002,34.4242,96.15,0.85,0.62
93,23,1,12,328.00,336.00,97.00,1,0.0000,0.0000,inf,97.40,0.40,0.00,4.1934,4.1939,27.5476,96.77,0.23,0.63,36.4413,36.4454,8.7672,97.40,0.40,0.00,2.1350,2.1352,33.4112,97.40,0.40,0.00,13.4302,13.4317,17.4374,97.40,0.40,0.00,2.1752,2.1755,33.2489,97.40,0.40,0.00,15.2136,15.2153,16.3544,97.40,0.40,0.00,2.1721,2.1723,33.2616,97.40,0.40,0.00,2.0556,2.0558,33.7402,97.40,0.40,0.00
94,23,2,12,336.00,344.00,97.00,1,0.0000,0.0000,inf,96.15,0.85,0.00,3.9967,4.0031,27.9520,96.15,0.85,0.00,18.4755,18.5051,14.6541,96.15,0.85,0.00,1.6107,1.6133,35.8458,96.15,0.85,0.00,10.6191,10.6361,19.4643,96.15,0.85,0.00,1.5343,1.5368,36.2676,96.15,0.85,0.00,11.3332,11.3515,18.8990,96.15,0.85,0.00,1.6167,1.6193,35.8136,96.15,0.85,0.00,1.7114,1.7142,35.3190,96.15,0.85,0.00
95,23,3,12,344.00,352.00,96.00,1,0.0000,0.0000,inf,94.94,1.06,0.00,4.1377,4.1396,27.6608,94.94,1.06,0.00,16.4975,16.5052,15.6476,94.94,1.06,0.00,2.0705,2.0715,33.6745,94.94,1.06,0.00,9.4789,9.4834,20.4608,93.75,2.25,1.19,1.8659,1.8668,34.5780,93.75,2.25,1.19,9.9553,9.9599,20.0349,94.94,1.06,0.00,2.1591,2.1602,33.3103,93.75,2.25,1.19,2.0260,2.0269,33.8633,94.94,1.06,0.00
96,24,0,12,352.00,360.00,95.00,1,0.0000,0.0000,inf,95.54,0.54,0.00,4.1367,4.1386,27.6628,94.94,0.06,0.60,17.6404,17.6485,15.0658,94.34,0.66,1.20,2.4214,2.4225,32.3147,94.94,0.06,0.60,9.6512,9.6556,20.3044,94.34,0.66,1.20,2.3268,2.3279,32.6609,94.94,0.06,0.60,9.3439,9.3483,20.5854,94.94,0.06,0.60,2.6894,2.6906,31.4030,94.94,0.06,0.60,2.5594,2.5606,31.8331,94.94,0.06,0.60
97,24,1,12,360.00,368.00,95.00,1,0.0000,0.0000,inf,93.75,1.25,0.00,4.4618,4.4902,26.9547,94.94,0.06,1.19,18.2406,18.3568,14.7240,94.94,0.06,1.19,2.3168,2.3315,32.6472,93.75,1.25,0.00,11.0032,11.0733,19.1144,94.94,0.06,1.19,2.1058,2.1192,33.4765,93.75,1.25,0.00,11.3359,11.4082,18.8557,94.94,0.06,1.19,2.1288,2.1423,33.3823,93.75,1.25,0.00,2.1960,2.2100,33.1123,94.94,0.06,1.19
98,24,2,12,368.00,376.00,95.00,1,0.0000,0.0000,inf,93.75,1.25,0.00,4.1944,4.2103,27.5137,93.75,1.25,0.00,15.7345,15.7940,16.0302,93.75,1.25,0.00,2.0837,2.0916,33.5904,93.75,1.25,0.00,10.4978,10.5375,19.5452,93.75,1.25,0.00,1.9328,1.9401,34.2433,93.75,1.25,0.00,10.4330,10.4725,19.5990,93.75,1.25,0.00,2.0723,2.0801,33.6381,93.75,1.25,0.00,1.9410,1.9483,34.2067,93.75,1.25,0.00
99,24,3,12,376.00,384.00,94.00,1,0.0000,0.0000,inf,92.59,1.41,0.00,5.0645,5.0645,25.9092,92.59,1.41,0.00,17.8442,17.8444,14.9700,92.59,1.41,0.00,2.2097,2.2098,33.1131,92.59,1.41,0.00,8.7687,8.7688,21.1412,93.75,0.25,1.16,2.3187,2.3187,32.6952,92.59,1.41,0.00,9.0981,9.0982,20.8209,92.59,1.41,0.00,2.3737,2.3738,32.4912,92.59,1.41,0.00,2.2510,2.2510,32.9525,92.59,1.41,0.00
100,25,0,12,384.00,392.00,93.00,1,0.0000,0.0000,inf,92.59,0.41,0.00,4.5420,4.5434,26.8523,92.59,0.41,0.00,16.8967,16.9019,15.4413,93.75,0.75,1.16,1.9680,1.9686,34.1168,93.17,0.17,0.58,8.8878,8.8906,21.0214,92.59,0.41,0.00,2.0016,2.0022,33.9698,93.17,0.17,0.58,8.5279,8.5305,21.3805,92.59,0.41,0.00,2.0646,2.0652,33.7007,93.75,0.75,1.16,1.9746,1.9752,34.0879,93.75,0.75,1.16
101,25,1,12,392.00,400.00,93.00,1,0.0000,0.0000,inf,92.59,0.41,0.00,4.8102,4.8134,26.3509,92.59,0.41,0.00,18.2213,18.2335,14.7826,92.59,0.41,0.00,2.2335,2.2350,33.0145,92.59,0.41,0.00,11.1998,11.2073,19.0100,92.59,0.41,0.00,2.1169,2.1183,33.4801,92.59,0.41,0.00,11.0800,11.0875,19.1033,91.46,1.54,1.13,2.1198,2.1213,33.4681,92.59,0.41,0.00,2.0535,2.0549,33.7441,92.59,0.41,0.00
102,25,2,12,400.00,408.00,92.00,1,0.0000,0.0000,inf,91.46,0.54,0.00,4.6403,4.6452,26.6599,91.46,0.54,0.00,16.6852,16.7029,15.5442,91.46,0.54,0.00,2.4029,2.4054,32.3762,91.46,0.54,0.00,9.5924,9.6026,20.3522,92.59,0.59,1.13,2.3045,2.3070,32.7392,91.46,0.54,0.00,9.3502,9.3601,20.5744,92.59,0.59,1.13,2.3218,2.3242,32.6744,91.46,0.54,0.00,2.3446,2.3471,32.5893,91.46,0.54,0.00
103,25,3,12,408.00,416.00,92.00,1,0.0000,0.0000,inf,91.46,0.54,0.00,5.9249,5.9498,24.5099,91.46,0.54,0.00,20.0914,20.1760,13.9033,91.46,0.54,0.00,2.5384,2.5491,31.8724,92.02,0.02,0.56,10.2906,10.3339,19.7147,91.46,0.54,0.00,2.3738,2.3838,32.4547,91.46,0.54,0.00,9.9639,10.0058,19.9949,91.46,0.54,0.00,2.2441,2.2536,32.9426,91.46,0.54,0.00,2.4109,2.4211,32.3198,92.02,0.02,0.56
104,26,0,12,416.00,424.00,92.00,1,0.0000,0.0000,inf,91.46,0.54,0.00,4.7564,4.7591,26.4495,91.46,0.54,0.00,15.7608,15.7697,16.0435,92.59,0.59,1.13,2.5043,2.5057,32.0215,92.59,0.59,1.13,10.9569,10.9631,19.2013,91.46,0.54,0.00,2.3048,2.3061,32.7425,91.46,0.54,0.00,11.2556,11.2619,18.9677,91.46,0.54,0.00,2.5111,2.5125,31.9977,91.46,0.54,0.00,2.3189,2.3202,32.6896,92.59,0.59,1.13
105,26,1,12,424.00,432.00,92.00,1,0.0000,0.0000,inf,91.46,0.54,0.00,4.9746,4.9746,26.0649,91.46,0.54,0.00,16.7411,16.7412,15.5243,91.46,0.54,0.00,2.2658,2.2658,32.8956,92.59,0.59,1.13,10.8660,10.8660,19.2786,90.36,1.64,1.10,2.0713,2.0713,33.6749,91.46,0.54,0.00,10.5755,10.5755,19.5140,91.46,0.54,0.00,2.0745,2.0745,33.6615,91.46,0.54,0.00,2.2512,2.2512,32.9516,90.36,1.64,1.10
106,26,2,12,432.00,440.00,91.00,1,0.0000,0.0000,inf,91.46,0.46,0.00,5.3641,5.3644,25.4095,91.46,0.46,0.00,18.2327,18.2339,14.7824,90.36,0.64,1.10,2.9142,2.9144,30.7090,91.46,0.46,0.00,10.2647,10.2654,19.7725,90.36,0.64,1.10,2.7658,2.7660,31.1629,91.46,0.46,0.00,9.4213,9.4219,20.5172,91.46,0.46,0.00,2.7144,2.7146,31.3259,91.46,0.46,0.00,2.6850,2.6851,31.4206,91.46,0.46,0.00
107,26,3,12,440.00,448.00,91.00,1,0.0000,0.0000,inf,92.59,1.59,0.00,4.9400,4.9400,26.1255,92.59,1.59,0.00,18.8271,18.8271,14.5043,92.59,1.59,0.00,2.0117,2.0117,33.9286,92.59,1.59,0.00,10.8027,10.8027,19.3294,91.46,0.46,1.13,1.8824,1.8824,34.5056,92.59,1.59,0.00,10.3435,10.3435,19.7067,91.46,0.46,1.13,1.9786,1.9786,34.0727,92.59,1.59,0.00,1.9641,1.9641,34.1366,92.59,1.59,0.00
108,27,0,12,448.00,456.00,92.00,1,0.0000,0.0000,inf,92.59,0.59,0.00,5.1442,5.1502,25.7635,92.59,0.59,0.00,18.3381,18.3595,14.7228,91.46,0.54,1.13,2.5537,2.5567,31.8466,92.59,0.59,0.00,9.8051,9.8166,20.1608,91.46,0.54,1.13,2.4783,2.4812,32.1067,92.02,0.02,0.57,10.0089,10.0206,19.9821,91.46,0.54,1.13,2.3569,2.3597,32.5430,92.59,0.59,0.00,2.4367,2.4396,32.2538,91.46,0.54,1.13
109,27,1,12,456.00,464.00,92.00,1,0.0000,0.0000,inf,92.59,0.59,0.00,4.8952,4.9051,26.1870,91.46,0.54,1.13,16.8110,16.8453,15.4704,91.46,0.54,1.13,3.0003,3.0064,30.4391,92.59,0.59,0.00,12.2524,12.2774,18.2179,91.46,0.54,1.13,2.7154,2.7210,31.3055,91.46,0.54,1.13,12.6609,12.6867,17.9330,91.46,0.54,1.13,3.0618,3.0681,30.2627,92.59,0.59,0.00,2.7302,2.7358,31.2583,91.46,0.54,1.13
110,27,2,12,464.00,472.00,91.00,1,0.0000,0.0000,inf,92.59,1.59,0.00,5.3463,5.3494,25.4340,91.46,0.46,1.13,17.0551,17.0648,15.3580,91.46,0.46,1.13,2.7362,2.7378,31.2521,91.46,0.46,1.13,10.7646,10.7707,19.3551,90.36,0.64,2.23,2.4438,2.4452,32.2338,91.46,0.46,1.13,11.1895,11.1958,19.0189,90.36,0.64,2.23,2.4781,2.4795,32.1128,91.46,0.46,1.13,2.5590,2.5604,31.8337,91.46,0.46,1.13
111,27,3,12,472.00,480.00,91.50,1,0.0000,0.0000,inf,90.36,1.14,0.00,5.4434,5.4444,25.2810,90.36,1.14,0.00,17.7753,17.7784,15.0021,90.36,1.14,0.00,3.3535,3.3541,29.4885,90.36,1.14,0.00,12.1228,12.1249,18.3264,90.36,1.14,0.00,3.2270,3.2276,29.8225,90.36,1.14,0.00,11.5423,11.5443,18.7526,90.36,1.14,0.00,3.0752,3.0757,30.2411,90.36,1.14,0.00,3.1777,3.1783,29.9562,90.36,1.14,0.00
112,28,0,19,32.00,40.00,75.00,1,0.0000,0.0000,inf,71.77,3.23,0.00,2.7147,2.7400,31.2449,71.77,3.23,0.00,10.7387,10.8391,19.3001,73.17,1.83,1.40,2.5204,2.5439,31.8899,72.82,2.18,1.05,8.3491,8.4272,21.4863,73.53,1.47,1.76,2.6103,2.6347,31.5853,72.82,2.18,1.05,8.1687,8.2451,21.6761,73.17,1.83,1.40,2.7219,2.7474,31.2217,72.82,2.18,1.05,2.6668,2.6917,31.3994,73.53,1.47,1.76
113,28,1,19,40.00,48.00,73.00,1,0.0000,0.0000,inf,72.12,0.88,0.00,2.5388,2.5529,31.8592,70.75,2.25,1.36,12.0747,12.1419,18.3143,72.12,0.88,0.00,2.7265,2.7417,31.2396,71.43,1.57,0.69,9.4360,9.4885,20.4560,72.12,0.88,0.00,2.5315,2.5456,31.8843,70.75,2.25,1.36,9.6326,9.6863,20.2769,72.12,0.88,0.00,2.7929,2.8084,31.0308,70.75,2.25,1.36,2.5809,2.5953,31.7162,70.75,2.25,1.36
114,28,2,19,48.00,56.00,72.00,1,0.0000,0.0000,inf,72.12,0.12,0.00,1.8115,1.8380,34.7131,71.43,0.57,0.69,8.2257,8.3459,21.5705,71.43,0.57,0.69,2.1874,2.2194,33.0752,72.12,0.12,0.00,9.6915,9.8332,20.1461,71.43,0.57,0.69,2.0761,2.1065,33.5289,72.12,0.12,0.00,8.8429,8.9722,20.9420,67.57,4.43,4.55,2.1505,2.1819,33.2233,72.12,0.12,0.00,2.1451,2.1765,33.2449,72.12,0.12,0.00
115,28,3,19,56.00,64.00,72.00,1,0.0000,0.0000,inf,73.17,1.17,0.00,2.0402,2.2300,33.0341,73.17,1.17,0.00,9.1000,9.9465,20.0466,72.46,0.46,0.71,2.4078,2.6318,31.5951,73.53,1.53,0.36,8.8357,9.6576,20.3026,72.12,0.12,1.06,2.3451,2.5633,31.8241,73.53,1.53,0.36,8.8077,9.6271,20.3301,74.26,2.26,1.09,2.5135,2.7473,31.2218,72.82,0.82,0.36,2.3895,2.6117,31.6614,73.17,1.17,0.00
116,29,0,19,64.00,72.00,73.00,1,0.0000,0.0000,inf,73.53,0.53,0.00,2.5536,2.5927,31.7248,73.53,0.53,0.00,11.9507,12.1338,18.3201,72.82,0.18,0.71,2.9371,2.9821,30.5096,74.26,1.26,0.73,9.6855,9.8339,20.1455,72.82,0.18,0.71,2.8194,2.8626,30.8647,74.26,1.26,0.73,10.1015,10.2563,19.7802,73.53,0.53,0.00,2.9315,2.9764,30.5260,74.26,1.26,0.73,2.9901,3.0359,30.3542,74.26,1.26,0.73
117,29,1,19,72.00,80.00,73.00,1,0.0000,0.0000,inf,73.17,0.17,0.00,2.4426,2.4729,32.1359,72.82,0.18,0.36,11.4464,11.5882,18.7197,72.82,0.18,0.36,2.7302,2.7640,31.1692,72.46,0.54,0.71,9.9030,10.0256,19.9778,72.82,0.18,0.36,2.6110,2.6433,31.5571,72.12,0.88,1.06,9.4059,9.5224,20.4251,71.43,1.57,1.74,2.7286,2.7624,31.1741,72.12,0.88,1.06,2.5479,2.5795,31.7694,72.12,0.88,1.06
118,29,2,19,80.00,88.00,72.00,1,0.0000,0.0000,inf,73.53,1.53,0.00,2.6941,2.6941,31.3917,73.53,1.53,0.00,14.6217,14.6218,16.7000,74.26,2.26,0.73,2.6954,2.6955,31.3874,73.89,1.89,0.36,10.2168,10.2169,19.8136,74.26,2.26,0.73,2.5872,2.5872,31.7435,73.17,1.17,0.36,10.4648,10.4648,19.6053,73.53,1.53,0.00,2.8228,2.8228,30.9863,73.53,1.53,0.00,2.7314,2.7314,31.2722,73.89,1.89,0.36
119,29,3,19,88.00,96.00,74.00,1,0.0000,0.0000,inf,79.37,5.37,0.00,2.3713,2.3887,32.4366,78.53,4.53,0.83,8.6625,8.7263,21.1834,79.37,5.37,0.00,2.6403,2.6598,31.5032,78.53,4.53,0.83,11.7340,11.8205,18.5473,81.52,7.52,2.16,2.8137,2.8345,30.9506,79.37,5.37,0.00,11.7308,11.8172,18.5497,76.92,2.92,2.44,2.9047,2.9261,30.6742,79.79,5.79,0.42,2.6742,2.6939,31.3923,80.21,6.21,0.85
120,30,0,19,96.00,104.00,76.00,1,0.0000,0.0000,inf,73.53,2.47,0.00,2.6882,2.7284,31.2819,72.82,3.18,0.71,10.2696,10.4232,19.6400,73.53,2.47,0.00,2.5182,2.5559,31.8493,72.12,3.88,1.41,9.8222,9.9690,20.0270,72.82,3.18,0.71,2.4343,2.4707,32.1435,72.82,3.18,0.71,9.4766,9.6183,20.3381,73.89,2.11,0.36,2.5747,2.6132,31.6566,73.17,2.83,0.36,2.4359,2.4723,32.1380,72.46,3.54,1.07
121,30,1,19,104.00,112.00,74.00,1,0.0000,0.0000,inf,72.12,1.88,0.00,3.3943,3.4161,29.3293,71.09,2.91,1.03,12.5947,12.6757,17.9406,72.12,1.88,0.00,2.9858,3.0050,30.4431,71.09,2.91,1.03,11.0780,11.1493,19.0550,72.12,1.88,0.00,2.7525,2.7702,31.1498,71.43,2.57,0.69,11.8183,11.8944,18.4932,72.12,1.88,0.00,3.1044,3.1244,30.1046,71.43,2.57,0.69,3.0588,3.0785,30.2333,71.43,2.57,0.69
122,30,2,19,112.00,120.00,73.00,1,0.0000,0.0000,inf,73.53,0.53,0.00,2.3053,2.3053,32.7454,72.82,0.18,0.71,13.0869,13.0871,17.6631,73.53,0.53,0.00,2.5627,2.5627,31.8260,72.82,0.18,0.71,9.4475,9.4477,20.4934,72.12,0.88,1.41,2.4637,2.4637,32.1682,72.82,0.18,0.71,9.4674,9.4676,20.4752,72.82,0.18,0.71,2.6610,2.6610,31.4990,72.82,0.18,0.71,2.3408,2.3409,32.6124,72.82,0.18,0.71
123,30,3,19,120.00,128.00,74.00,1,0.0000,0.0000,inf,74.26,0.26,0.00,2.5479,2.5483,31.8751,74.26,0.26,0.00,10.1827,10.1842,19.8414,75.76,1.76,1.50,2.6436,2.6440,31.5547,74.26,0.26,0.00,8.8516,8.8530,21.0582,75.00,1.00,0.74,2.4165,2.4168,32.3351,75.00,1.00,0.74,8.2914,8.2927,21.6261,75.76,1.76,1.50,2.5757,2.5761,31.7807,75.00,1.00,0.74,2.5478,2.5482,31.8753,74.26,0.26,0.00
124,31,0,19,128.00,136.00,74.50,1,0.0000,0.0000,inf,75.00,0.50,0.00,2.0755,2.0847,33.6192,74.26,0.24,0.74,10.4901,10.5366,19.5460,75.00,0.50,0.00,2.2065,2.2163,33.0874,74.26,0.24,0.74,10.7111,10.7586,19.3649,75.76,1.26,0.76,2.1693,2.1789,33.2351,73.53,0.97,1.47,10.9625,11.0111,19.1634,74.26,0.24,0.74,2.2367,2.2466,32.9694,73.53,0.97,1.47,2.1606,2.1701,33.2702,73.53,0.97,1.47
125,31,1,19,136.00,144.00,74.00,1,0.0000,0.0000,inf,72.46,1.54,0.00,2.3773,2.3853,32.4490,71.77,2.23,0.69,11.4873,11.5262,18.7663,72.12,1.88,0.35,2.5760,2.5848,31.7515,72.12,1.88,0.35,10.3364,10.3715,19.6832,72.82,1.18,0.35,2.5408,2.5494,31.8711,71.77,2.23,0.69,10.1506,10.1850,19.8408,71.77,2.23,0.69,2.5835,2.5923,31.7263,71.09,2.91,1.37,2.5958,2.6046,31.6853,71.43,2.57,1.04
126,31,2,19,144.00,152.00,72.00,1,0.0000,0.0000,inf,73.53,1.53,0.00,2.4297,2.4315,32.2826,75.76,3.76,2.23,11.1288,11.1369,19.0647,74.26,2.26,0.73,2.6719,2.6738,31.4573,75.00,3.00,1.47,9.0725,9.0791,20.8391,75.00,3.00,1.47,2.6035,2.6054,31.6824,74.26,2.26,0.73,9.0640,9.0706,20.8473,74.26,2.26,0.73,2.9621,2.9643,30.5616,74.26,2.26,0.73,2.6803,2.6822,31.4300,75.76,3.76,2.23
127,31,3,19,152.00,160.00,74.50,1,0.0000,0.0000,inf,73.53,0.97,0.00,2.5511,2.5522,31.8619,73.53,0.97,0.00,12.3424,12.3474,18.1685,73.53,0.97,0.00,2.7928,2.7939,31.0757,75.00,0.50,1.47,10.6847,10.6890,19.4213,73.53,0.97,0.00,2.6520,2.6530,31.5251,74.26,0.24,0.73,10.8602,10.8645,19.2798,74.26,0.24,0.73,3.0600,3.0612,30.2822,74.26,0.24,0.73,2.7090,2.7101,31.3403,74.26,0.24,0.73
128,32,0,19,160.00,168.00,74.00,1,0.0000,0.0000,inf,75.00,1.00,0.00,2.4037,2.4043,32.3803,74.26,0.26,0.74,12.6809,12.6836,17.9351,74.26,0.26,0.74,2.6024,2.6029,31.6907,74.26,0.26,0.74,9.5702,9.5723,20.3797,73.53,0.47,1.47,2.5996,2.6002,31.7000,74.26,0.26,0.74,9.6416,9.6438,20.3151,74.26,0.26,0.74,2.6191,2.6197,31.6350,74.26,0.26,0.74,2.4587,2.4592,32.1840,73.53,0.47,1.47
129,32,1,19,168.00,176.00,74.00,1,0.0000,0.0000,inf,74.26,0.26,0.00,2.4434,2.4521,32.2091,75.00,1.00,0.74,10.9617,11.0009,19.1714,74.63,0.63,0.37,2.4686,2.4774,32.1199,74.26,0.26,0.00,10.1774,10.2138,19.8162,75.00,1.00,0.74,2.3862,2.3947,32.4148,74.26,0.26,0.00,10.0124,10.0482,19.9582,75.00,1.00,0.74,2.5195,2.5285,31.9426,75.00,1.00,0.74,2.3921,2.4006,32.3935,74.26,0.26,0.00
130,32,2,19,176.00,184.00,75.00,1,0.0000,0.0000,inf,75.00,0.00,0.00,1.9924,1.9957,33.9982,75.76,0.76,0.76,10.8519,10.8695,19.2758,75.76,0.76,0.76,2.6108,2.6151,31.6504,75.38,0.38,0.38,12.9753,12.9964,17.7235,75.00,0.00,0.00,2.5504,2.5546,31.8536,75.38,0.38,0.38,13.6067,13.6288,17.3108,79.79,4.79,4.79,2.7812,2.7858,31.1011,75.38,0.38,0.38,2.6458,2.6501,31.5347,75.38,0.38,0.38
131,32,3,19,184.00,192.00,74.50,1,0.0000,0.0000,inf,70.75,3.75,0.00,2.5127,2.5129,31.9966,70.42,4.08,0.33,11.8899,11.8908,18.4958,71.43,3.07,0.67,2.9383,2.9385,30.6374,71.09,3.41,0.34,9.8845,9.8852,20.1003,72.82,1.68,2.06,2.8583,2.8585,30.8771,71.09,3.41,0.34,10.1495,10.1502,19.8705,73.17,1.33,2.42,2.9906,2.9908,30.4843,71.43,3.07,0.67,3.0479,3.0481,30.3195,71.09,3.41,0.34
132,33,0,19,192.00,200.00,73.00,1,0.0000,0.0000,inf,73.17,0.17,0.00,2.1567,2.1605,33.3089,72.46,0.54,0.71,11.8338,11.8546,18.5223,73.53,0.53,0.36,2.4097,2.4139,32.3455,72.82,0.18,0.36,8.4525,8.4673,21.4451,73.89,0.89,0.72,2.3075,2.3116,32.7218,72.82,0.18,0.36,8.0898,8.1040,21.8260,73.53,0.53,0.36,2.4463,2.4506,32.2147,73.17,0.17,0.00,2.2774,2.2814,32.8359,72.46,0.54,0.71
133,33,1,19,200.00,208.00,73.00,1,0.0000,0.0000,inf,72.82,0.18,0.00,2.5342,2.5344,31.9225,73.53,0.53,0.71,10.7728,10.7737,19.3527,74.26,1.26,1.44,2.5377,2.5379,31.9105,73.53,0.53,0.71,10.4451,10.4460,19.6210,74.26,1.26,1.44,2.4212,2.4215,32.3185,72.82,0.18,0.00,10.0494,10.0502,19.9565,73.53,0.53,0.71,2.6755,2.6757,31.4512,72.82,0.18,0.00,2.5196,2.5198,31.9727,73.53,0.53,0.71
134,33,2,19,208.00,216.00,74.00,1,0.0000,0.0000,inf,73.53,0.47,0.00,1.9170,1.9218,34.3259,73.53,0.47,0.00,10.4445,10.4706,19.6006,72.82,1.18,0.71,2.5465,2.5529,31.8593,74.26,0.26,0.73,8.3407,8.3615,21.5543,73.53,0.47,0.00,2.4398,2.4459,32.2311,73.53,0.47,0.00,8.5031,8.5244,21.3868,74.26,0.26,0.73,2.5938,2.6002,31.6997,73.53,0.47,0.00,2.4126,2.4187,32.3285,73.53,0.47,0.00
135,33,3,19,216.00,224.00,73.00,1,0.0000,0.0000,inf,74.26,1.26,0.00,2.7774,2.7788,31.1228,72.82,0.18,1.44,13.1381,13.1449,17.6249,72.12,0.88,2.14,2.9095,2.9110,30.7190,72.82,0.18,1.44,8.7695,8.7740,21.1361,72.82,0.18,1.44,2.7992,2.8006,31.0550,72.46,0.54,1.79,8.8083,8.8128,21.0977,72.82,0.18,1.44,3.0070,3.0086,30.4328,72.12,0.88,2.14,2.8028,2.8043,31.0436,72.46,0.54,1.79
136,34,0,19,224.00,232.00,72.00,1,0.0000,0.0000,inf,69.12,2.88,0.00,2.4041,2.4150,32.3416,69.12,2.88,0.00,13.1001,13.1597,17.6151,69.77,2.23,0.64,2.4598,2.4710,32.1427,69.44,2.56,0.32,10.3221,10.3691,19.6852,71.43,0.57,2.30,2.3042,2.3147,32.7103,69.44,2.56,0.32,10.1829,10.2293,19.8031,70.42,1.58,1.30,2.6218,2.6337,31.5886,69.12,2.88,0.00,2.2947,2.3051,32.7460,69.12,2.88,0.00
137,34,1,19,232.00,240.00,71.00,1,0.0000,0.0000,inf,73.53,2.53,0.00,2.3422,2.3449,32.5974,75.00,4.00,1.47,9.3527,9.3638,20.5710,73.53,2.53,0.00,2.7971,2.8005,31.0554,74.26,3.26,0.73,9.4761,9.4874,20.4571,72.82,1.82,0.71,2.6942,2.6974,31.3810,75.00,4.00,1.47,9.4863,9.4976,20.4477,73.17,2.17,0.36,2.8439,2.8473,30.9113,75.00,4.00,1.47,2.7376,2.7409,31.2422,75.00,4.00,1.47
138,34,2,19,240.00,248.00,74.00,1,0.0000,0.0000,inf,73.53,0.47,0.00,2.3448,2.3487,32.5833,73.17,0.83,0.36,10.6204,10.6384,19.4625,72.46,1.54,1.07,2.7363,2.7410,31.2419,72.82,1.18,0.71,10.0240,10.0410,19.9645,75.00,1.00,1.47,2.6088,2.6132,31.6565,73.17,0.83,0.36,10.6826,10.7007,19.4118,71.43,2.57,2.10,2.6696,2.6741,31.4565,73.17,0.83,0.36,2.6325,2.6369,31.5780,73.17,0.83,0.36
139,34,3,19,248.00,256.00,73.00,1,0.0000,0.0000,inf,72.46,0.54,0.00,2.5771,2.5773,31.7766,72.82,0.18,0.35,10.4605,10.4614,19.6082,71.77,1.23,0.69,2.6437,2.6439,31.5550,72.12,0.88,0.35,9.4441,9.4450,20.4960,72.82,0.18,0.35,2.5633,2.5635,31.8232,72.12,0.88,0.35,9.0748,9.0756,20.8425,71.43,1.57,1.04,2.6528,2.6530,31.5252,72.46,0.54,0.00,2.5957,2.5959,31.7143,72.82,0.18,0.35
140,35,0,19,256.00,264.00,72.00,1,0.0000,0.0000,inf,73.53,1.53,0.00,2.7826,2.7838,31.1073,73.17,1.17,0.36,11.2267,11.2315,18.9912,73.53,1.53,0.00,2.6754,2.6766,31.4485,74.26,2.26,0.73,9.6235,9.6277,20.3296,72.82,0.82,0.71,2.6116,2.6127,31.6583,75.76,3.76,2.23,9.3414,9.3455,20.5880,72.12,0.12,1.41,2.7565,2.7577,31.1892,74.26,2.26,0.73,2.7611,2.7623,31.1746,73.53,1.53,0.00
141,35,1,19,264.00,272.00,74.50,1,0.0000,0.0000,inf,75.00,0.50,0.00,2.5124,2.5325,31.9292,76.53,2.03,1.53,11.9777,12.0733,18.3635,76.53,2.03,1.53,2.8180,2.8404,30.9323,76.53,2.03,1.53,12.0145,12.1104,18.3368,75.00,0.50,0.00,2.7608,2.7828,31.1102,77.32,2.82,2.32,11.5234,11.6153,18.6994,76.53,2.03,1.53,2.8870,2.9101,30.7219,77.32,2.82,2.32,2.8287,2.8513,30.8992,77.32,2.82,2.32
142,35,2,19,272.00,280.00,75.50,1,0.0000,0.0000,inf,71.09,4.41,0.00,2.5611,2.6162,31.6466,70.42,5.08,0.67,10.0523,10.2687,19.7697,70.42,5.08,0.67,2.5100,2.5640,31.8217,70.75,4.75,0.34,11.8117,12.0660,18.3688,71.43,4.07,0.34,2.3996,2.4513,32.2122,70.75,4.75,0.34,11.7727,12.0261,18.3975,70.75,4.75,0.34,2.6457,2.7026,31.3643,70.42,5.08,0.67,2.5145,2.5686,31.8061,70.75,4.75,0.34
143,35,3,19,280.00,288.00,72.00,1,0.0000,0.0000,inf,78.12,6.12,0.00,2.1853,2.1864,33.2055,76.53,4.53,1.59,6.9724,6.9758,23.1282,79.79,7.79,1.66,2.1879,2.1890,33.1951,78.12,6.12,0.00,7.9254,7.9293,22.0153,78.12,6.12,0.00,2.2225,2.2236,33.0588,77.32,5.32,0.81,7.7133,7.7170,22.2510,78.12,6.12,0.00,2.3643,2.3654,32.5218,77.32,5.32,0.81,2.1520,2.1530,33.3389,78.12,6.12,0.00
144,36,0,19,288.00,296.00,77.00,1,0.0000,0.0000,inf,72.82,4.18,0.00,2.4118,2.4262,32.3016,72.46,4.54,0.35,10.3808,10.4425,19.6239,72.46,4.54,0.35,2.7928,2.8094,31.0278,72.46,4.54,0.35,10.4086,10.4705,19.6007,72.12,4.88,0.70,2.6605,2.6763,31.4492,72.12,4.88,0.70,10.0261,10.0857,19.9258,72.82,4.18,0.00,2.7978,2.8145,31.0121,72.46,4.54,0.35,2.6428,2.6585,31.5072,72.46,4.54,0.35
145,36,1,19,296.00,304.00,73.00,1,0.0000,0.0000,inf,72.82,0.18,0.00,2.4958,2.5015,32.0360,72.12,0.88,0.70,10.4999,10.5240,19.5564,75.00,2.00,2.18,2.8138,2.8203,30.9942,72.82,0.18,0.00,12.5655,12.5943,17.9965,72.82,0.18,0.00,2.7758,2.7822,31.1123,72.82,0.18,0.00,12.0032,12.0307,18.3942,75.00,2.00,2.18,2.9593,2.9661,30.5563,72.12,0.88,0.70,2.7526,2.7589,31.1854,72.12,0.88,0.70
146,36,2,19,304.00,312.00,74.00,1,0.0000,0.0000,inf,72.12,1.88,0.00,2.3475,2.3506,32.5764,72.12,1.88,0.00,10.4445,10.4581,19.6109,70.09,3.91,2.02,2.2547,2.2576,32.9269,71.43,2.57,0.69,9.1939,9.2059,20.7187,73.53,0.47,1.41,2.2458,2.2487,32.9614,71.43,2.57,0.69,9.0847,9.0966,20.8224,74.26,0.26,2.14,2.3561,2.3591,32.5449,72.12,1.88,0.00,2.2256,2.2285,33.0397,72.12,1.88,0.00
147,36,3,19,312.00,320.00,71.50,1,0.0000,0.0000,inf,72.12,0.62,0.00,2.7094,2.7115,31.3359,71.43,0.07,0.69,13.4256,13.4360,17.4346,72.82,1.32,0.70,2.5776,2.5796,31.7689,71.43,0.07,0.69,9.6182,9.6256,20.3315,72.12,0.62,0.00,2.4920,2.4940,32.0622,71.43,0.07,0.69,8.9195,8.9264,20.9865,71.43,0.07,0.69,2.6454,2.6474,31.5435,70.75,0.75,1.36,2.5562,2.5581,31.8416,71.43,0.07,0.69
148,37,0,19,320.00,328.00,73.00,1,0.0000,0.0000,inf,73.17,0.17,0.00,2.0976,2.0977,33.5652,73.17,0.17,0.00,11.7107,11.7112,18.6279,73.53,0.53,0.36,2.4567,2.4568,32.1925,73.89,0.89,0.72,11.1729,11.1734,19.0363,72.46,0.54,0.71,2.2715,2.2716,32.8732,73.89,0.89,0.72,11.6979,11.6984,18.6374,72.82,0.18,0.36,2.4080,2.4081,32.3663,73.53,0.53,0.36,2.3258,2.3260,32.6680,72.82,0.18,0.36
149,37,1,19,328.00,336.00,73.00,1,0.0000,0.0000,inf,73.17,0.17,0.00,2.1764,2.1788,33.2357,72.82,0.18,0.36,11.8839,11.8970,18.4913,73.17,0.17,0.00,2.4837,2.4865,32.0883,72.82,0.18,0.36,8.8936,8.9034,21.0089,72.82,0.18,0.36,2.4129,2.4156,32.3396,73.17,0.17,0.00,8.7258,8.7354,21.1744,72.12,0.88,1.06,2.5775,2.5803,31.7666,73.17,0.17,0.00,2.3562,2.3588,32.5461,72.46,0.54,0.71
150,37,2,19,336.00,344.00,73.00,1,0.0000,0.0000,inf,73.53,0.53,0.00,2.5265,2.5533,31.8579,72.82,0.18,0.71,10.3725,10.4827,19.5905,74.26,1.26,0.73,2.8527,2.8830,30.8032,73.53,0.53,0.00,10.5025,10.6141,19.4823,73.53,0.53,0.00,2.8314,2.8614,30.8683,72.82,0.18,0.71,10.4309,10.5417,19.5418,72.12,0.88,1.41,2.9725,3.0041,30.4458,72.82,0.18,0.71,2.7436,2.7727,31.1418,72.82,0.18,0.71
151,37,3,19,344.00,352.00,73.50,1,0.0000,0.0000,inf,73.53,0.03,0.00,2.6993,2.7151,31.3242,72.82,0.68,0.71,9.5118,9.5675,20.3841,72.12,1.38,1.41,2.2471,2.2603,32.9168,73.53,0.03,0.00,9.0672,9.1203,20.7998,73.53,0.03,0.00,2.1961,2.2089,33.1163,74.26,0.76,0.73,8.6818,8.7326,21.1771,73.53,0.03,0.00,2.2988,2.3123,32.7192,73.53,0.03,0.00,2.2671,2.2804,32.8398,73.53,0.03,0.00
152,38,0,19,352.00,360.00,73.00,1,0.0000,0.0000,inf,71.77,1.23,0.00,2.4849,2.4851,32.0933,71.77,1.23,0.00,12.6362,12.6370,17.9671,72.82,0.18,1.05,2.8302,2.8304,30.9631,72.46,0.54,0.69,9.3513,9.3519,20.5820,71.77,1.23,0.00,2.8261,2.8263,30.9757,72.12,0.88,0.35,9.2778,9.2784,20.6505,71.43,1.57,0.34,2.8829,2.8831,30.8029,71.43,1.57,0.34,2.7511,2.7513,31.2093,72.12,0.88,0.35
153,38,1,19,360.00,368.00,73.00,1,0.0000,0.0000,inf,74.26,1.26,0.00,1.6815,1.7257,35.2607,74.63,1.63,0.37,9.5436,9.7943,20.1805,74.63,1.63,0.37,1.8396,1.8879,34.4802,74.26,1.26,0.00,8.9082,9.1423,20.7789,74.26,1.26,0.00,1.7755,1.8222,34.7882,73.89,0.89,0.37,8.3487,8.5680,21.3424,74.26,1.26,0.00,1.9805,2.0326,33.8391,74.63,1.63,0.37,1.8300,1.8781,34.5258,75.00,2.00,0.74
154,38,2,19,368.00,376.00,74.00,1,0.0000,0.0000,inf,76.53,2.53,0.00,2.5938,2.7173,31.3173,76.53,2.53,0.00,10.9323,11.4526,18.8219,76.92,2.92,0.39,2.8607,2.9969,30.4665,75.00,1.00,1.53,11.1895,11.7221,18.6199,75.76,1.76,0.77,2.9029,3.0410,30.3396,75.00,1.00,1.53,10.4173,10.9131,19.2410,74.26,0.26,2.27,3.0959,3.2433,29.7803,74.26,0.26,2.27,2.9347,3.0744,30.2448,75.00,1.00,1.53
155,38,3,19,376.00,384.00,74.50,1,0.0000,0.0000,inf,72.82,1.68,0.00,2.6844,2.8010,31.0539,71.43,3.07,1.39,12.8071,13.3631,17.4818,72.82,1.68,0.00,2.8312,2.9541,30.5916,70.75,3.75,2.06,10.0941,10.5323,19.5495,72.82,1.68,0.00,2.7289,2.8474,30.9110,70.75,3.75,2.06,11.1333,11.6167,18.6984,71.43,3.07,1.39,2.9114,3.0378,30.3489,71.43,3.07,1.39,2.7560,2.8756,30.8253,71.43,3.07,1.39
156,39,0,19,384.00,392.00,73.00,1,0.0000,0.0000,inf,76.53,3.53,0.00,2.4056,2.4260,32.3023,77.32,4.32,0.79,12.4770,12.5826,18.0046,77.32,4.32,0.79,2.6445,2.6669,31.4800,78.12,5.12,1.59,9.3265,9.4054,20.5324,77.32,4.32,0.79,2.5968,2.6188,31.6380,78.12,5.12,1.59,8.8531,8.9280,20.9849,77.32,4.32,0.79,2.8599,2.8842,30.7996,78.12,5.12,1.59,2.6434,2.6658,31.4835,77.32,4.32,0.79
157,39,1,19,392.00,400.00,75.50,1,0.0000,0.0000,inf,71.43,4.07,0.00,2.3505,2.3505,32.5766,71.43,4.07,0.00,12.0121,12.0121,18.4076,71.43,4.07,0.00,2.6408,2.6408,31.5654,71.43,4.07,0.00,10.3743,10.3743,19.6808,72.82,2.68,1.39,2.7016,2.7016,31.3675,72.12,3.38,0.69,10.4449,10.4449,19.6219,72.12,3.38,0.69,2.6708,2.6708,31.4672,72.12,3.38,0.69,2.4179,2.4179,32.3313,72.12,3.38,0.69
158,39,2,19,400.00,408.00,72.00,1,0.0000,0.0000,inf,74.26,2.26,0.00,2.4561,2.4562,32.1947,73.53,1.53,0.73,13.8333,13.8338,17.1811,75.38,3.38,1.12,2.4166,2.4167,32.3354,74.26,2.26,0.00,9.8362,9.8366,20.1431,74.63,2.63,0.37,2.3103,2.3104,32.7264,73.89,1.89,0.37,10.1277,10.1281,19.8894,74.63,2.63,0.37,2.4224,2.4225,32.3146,74.26,2.26,0.00,2.2557,2.2558,32.9341,73.89,1.89,0.37
159,39,3,19,408.00,416.00,73.50,1,0.0000,0.0000,inf,73.53,0.03,0.00,2.3571,2.3654,32.5220,73.53,0.03,0.00,10.3793,10.4156,19.6463,72.82,0.68,0.71,2.5737,2.5827,31.7584,73.53,0.03,0.00,11.7264,11.7674,18.5864,72.12,1.38,1.41,2.3997,2.4081,32.3665,74.26,0.76,0.73,11.7758,11.8169,18.5499,73.53,0.03,0.00,2.5363,2.5452,31.8855,73.53,0.03,0.00,2.3950,2.4034,32.3835,73.89,0.39,0.36
160,40,0,19,416.00,424.00,73.00,1,0.0000,0.0000,inf,72.12,0.88,0.00,2.1454,2.1473,33.3623,72.12,0.88,0.00,9.5810,9.5893,20.3643,71.43,1.57,0.69,2.6821,2.6844,31.4229,72.12,0.88,0.00,8.9364,8.9441,20.9692,71.43,1.57,0.69,2.6406,2.6429,31.5584,72.12,0.88,0.00,8.7613,8.7689,21.1411,70.75,2.25,1.36,2.8607,2.8632,30.8631,72.12,0.88,0.00,2.5633,2.5655,31.8166,72.12,0.88,0.00
161,40,1,19,424.00,432.00,73.00,1,0.0000,0.0000,inf,73.53,0.53,0.00,2.0476,2.0519,33.7567,73.53,0.53,0.00,11.7959,11.8211,18.5469,75.00,2.00,1.47,2.2884,2.2933,32.7909,73.53,0.53,0.00,9.0360,9.0553,20.8620,75.00,2.00,1.47,2.1711,2.1758,33.2477,74.26,1.26,0.73,9.2025,9.2221,20.7034,74.26,1.26,0.73,2.2430,2.2478,32.9648,73.53,0.53,0.00,2.2071,2.2118,33.1051,74.26,1.26,0.73
162,40,2,19,432.00,440.00,74.00,1,0.0000,0.0000,inf,72.82,1.18,0.00,2.7077,2.7104,31.3394,72.82,1.18,0.00,13.0480,13.0607,17.6806,73.17,0.83,0.36,2.7512,2.7539,31.2010,73.53,0.47,0.71,10.4299,10.4402,19.6259,73.89,0.11,1.08,2.6275,2.6301,31.6006,73.53,0.47,0.71,9.8140,9.8236,20.1546,73.89,0.11,1.08,2.9610,2.9639,30.5627,73.53,0.47,0.71,2.7359,2.7385,31.2496,73.53,0.47,0.71
163,40,3,19,440.00,448.00,73.00,1,0.0000,0.0000,inf,72.82,0.18,0.00,2.0804,2.0813,33.6335,72.12,0.88,0.70,7.9720,7.9754,21.9650,73.53,0.53,0.71,2.3086,2.3096,32.7292,74.26,1.26,1.44,8.1363,8.1398,21.7877,73.53,0.53,0.71,2.2390,2.2400,32.9952,75.00,2.00,2.18,8.4541,8.4577,21.4549,72.12,0.88,0.70,2.2749,2.2758,32.8571,75.00,2.00,2.18,2.2553,2.2563,32.9321,74.26,1.26,1.44
164,41,0,19,448.00,456.00,73.50,1,0.0000,0.0000,inf,70.75,2.75,0.00,1.7306,1.7368,35.2048,70.09,3.41,0.66,9.1576,9.1907,20.7330,72.12,1.38,1.36,2.0414,2.0488,33.7701,71.43,2.07,0.67,9.4327,9.4668,20.4759,71.43,2.07,0.67,1.8556,1.8623,34.5989,70.75,2.75,0.00,8.2730,8.3029,21.6154,70.75,2.75,0.00,2.1549,2.1627,33.2999,70.75,2.75,0.00,1.8561,1.8628,34.5968,70.75,2.75,0.00
165,41,1,19,456.00,464.00,72.00,1,0.0000,0.0000,inf,75.00,3.00,0.00,2.7246,2.7352,31.2603,73.53,1.53,1.47,11.9817,12.0283,18.3959,75.76,3.76,0.76,2.8188,2.8297,30.9650,73.53,1.53,1.47,9.7655,9.8035,20.1724,75.00,3.00,0.00,2.7316,2.7422,31.2379,74.26,2.26,0.74,9.5454,9.5825,20.3704,75.00,3.00,0.00,2.9101,2.9214,30.6882,74.26,2.26,0.74,2.7196,2.7302,31.2762,73.53,1.53,1.47
166,41,2,19,464.00,472.00,74.50,1,0.0000,0.0000,inf,74.26,0.24,0.00,2.5364,2.5423,31.8956,75.00,0.50,0.74,12.7774,12.8068,17.8512,76.53,2.03,2.27,2.5876,2.5935,31.7222,75.76,1.26,1.50,10.8081,10.8330,19.3050,75.76,1.26,1.50,2.4922,2.4980,32.0482,75.76,1.26,1.50,10.0722,10.0954,19.9175,74.26,0.24,0.00,2.6769,2.6831,31.4274,75.00,0.50,0.74,2.6557,2.6618,31.4965,75.76,1.26,1.50
167,41,3,19,472.00,480.00,74.50,1,0.0000,0.0000,inf,73.17,1.33,0.00,2.3248,2.3275,32.6622,73.53,0.97,0.36,11.2664,11.2796,18.9542,73.53,0.97,0.36,2.4466,2.4494,32.2188,73.17,1.33,0.00,9.1098,9.1205,20.7997,72.82,1.68,0.36,2.3827,2.3855,32.4484,73.17,1.33,0.00,9.0828,9.0934,20.8255,73.53,0.97,0.36,2.5787,2.5817,31.7617,73.17,1.33,0.00,2.4859,2.4888,32.0803,73.53,0.97,0.36
168,42,0,20,32.00,40.00,87.00,1,0.0000,0.0000,inf,87.21,0.21,0.00,2.7642,2.7643,31.1683,87.21,0.21,0.00,12.5261,12.5265,18.0434,86.71,0.29,0.50,1.6409,1.6410,35.6980,87.21,0.21,0.00,10.4260,10.4264,19.6373,86.21,0.79,1.00,1.5185,1.5186,36.3714,87.21,0.21,0.00,10.0467,10.0471,19.9592,86.21,0.79,1.00,1.8227,1.8228,34.7853,87.21,0.21,0.00,1.6001,1.6002,35.9168,87.21,0.21,0.00
169,42,1,20,40.00,48.00,87.00,1,0.0000,0.0000,inf,88.24,1.24,0.00,2.3982,2.4005,32.3941,89.29,2.29,1.05,12.9010,12.9128,17.7796,88.24,1.24,0.00,1.4642,1.4655,36.6800,88.24,1.24,0.00,8.5504,8.5583,21.3523,88.24,1.24,0.00,1.3249,1.3261,37.5485,88.24,1.24,0.00,7.6716,7.6787,22.2943,88.24,1.24,0.00,1.6163,1.6178,35.8215,89.29,2.29,1.05,1.4952,1.4966,36.4980,88.24,1.24,0.00
170,42,2,20,48.00,56.00,88.00,1,0.0000,0.0000,inf,89.29,1.29,0.00,2.6360,2.6375,31.5762,89.29,1.29,0.00,15.4802,15.4890,16.1995,89.82,1.82,0.53,1.5357,1.5365,36.2691,89.29,1.29,0.00,12.1252,12.1322,18.3212,90.36,2.36,1.08,1.4576,1.4585,36.7220,89.29,1.29,0.00,11.4537,11.4602,18.8161,90.36,2.36,1.08,1.7418,1.7428,35.1751,89.29,1.29,0.00,1.4794,1.4803,36.5933,89.29,1.29,0.00
171,42,3,20,56.00,64.00,90.00,1,0.0000,0.0000,inf,89.29,0.71,0.00,2.8162,2.8415,30.9289,90.36,0.36,1.08,16.2497,16.3959,15.7053,90.36,0.36,1.08,1.6009,1.6153,35.8350,90.36,0.36,1.08,10.0810,10.1718,19.8521,89.29,0.71,0.00,1.4928,1.5062,36.4424,90.36,0.36,1.08,10.5688,10.6639,19.4416,90.36,0.36,1.08,1.8411,1.8577,34.6204,89.29,0.71,0.00,1.4799,1.4932,36.5177,89.29,0.71,0.00
172,43,0,20,64.00,72.00,89.50,1,0.0000,0.0000,inf,87.21,2.29,0.00,2.7426,2.7483,31.2186,87.72,1.78,0.51,13.3001,13.3281,17.5046,88.24,1.26,1.03,1.7135,1.7171,35.3039,87.72,1.78,0.51,10.2491,10.2707,19.7680,88.24,1.26,1.03,1.7107,1.7143,35.3183,87.21,2.29,0.00,9.5769,9.5970,20.3573,88.24,1.26,1.03,1.7858,1.7896,34.9450,87.72,1.78,0.51,1.7276,1.7313,35.2326,88.24,1.26,1.03
173,43,1,20,72.00,80.00,87.50,1,0.0000,0.0000,inf,88.24,0.74,0.00,3.0755,3.0759,30.2405,88.24,0.74,0.00,13.4344,13.4364,17.4343,88.24,0.74,0.00,1.6502,1.6504,35.6482,87.21,0.29,1.03,8.8769,8.8782,21.0335,88.24,0.74,0.00,1.4992,1.4995,36.4813,88.24,0.74,0.00,8.9502,8.9515,20.9621,88.24,0.74,0.00,1.8451,1.8454,34.6782,88.24,0.74,0.00,1.5700,1.5702,36.0809,88.24,0.74,0.00
174,43,2,20,80.00,88.00,88.00,1,0.0000,0.0000,inf,90.36,2.36,0.00,2.7895,2.7895,31.0893,89.29,1.29,1.08,14.4469,14.4470,16.8044,90.36,2.36,0.00,1.7543,1.7543,35.1181,89.29,1.29,1.08,11.6392,11.6392,18.6815,89.29,1.29,1.08,1.5800,1.5800,36.0269,89.29,1.29,1.08,10.1991,10.1992,19.8287,90.36,2.36,0.00,1.8578,1.8578,34.6200,89.29,1.29,1.08,1.6279,1.6279,35.7673,89.29,1.29,1.08
175,43,3,20,88.00,96.00,89.00,1,0.0000,0.0000,inf,85.23,3.77,0.00,2.5670,2.5709,31.7982,85.23,3.77,0.00,12.2263,12.2449,18.2409,86.21,2.79,0.98,1.6602,1.6627,35.5835,85.23,3.77,0.00,11.6690,11.6867,18.6462,86.71,2.29,1.48,1.6104,1.6129,35.8481,85.23,3.77,0.00,11.4848,11.5022,18.7843,86.71,2.29,1.48,1.7611,1.7638,35.0710,85.23,3.77,0.00,1.7147,1.7173,35.3029,85.23,3.77,0.00
176,44,0,20,96.00,104.00,87.00,1,0.0000,0.0000,inf,88.76,1.76,0.00,2.0102,2.0196,33.8947,88.76,1.76,0.00,11.8732,11.9286,18.4682,88.24,1.24,0.52,1.5120,1.5190,36.3687,88.24,1.24,0.52,9.5102,9.5546,20.3957,88.76,1.76,0.00,1.4355,1.4422,36.8196,88.24,1.24,0.52,9.1068,9.1492,20.7723,89.29,2.29,0.53,1.5450,1.5522,36.1811,88.24,1.24,0.52,1.4507,1.4575,36.7279,88.24,1.24,0.52
177,44,1,20,104.00,112.00,88.00,1,0.0000,0.0000,inf,88.24,0.24,0.00,2.2341,2.2364,33.0088,88.24,0.24,0.00,12.6536,12.6669,17.9466,88.24,0.24,0.00,1.5488,1.5504,36.1909,87.21,0.79,1.03,9.2901,9.2998,20.6305,88.24,0.24,0.00,1.3295,1.3309,37.5170,88.24,0.24,0.00,8.9941,9.0036,20.9117,88.24,0.24,0.00,1.6222,1.6239,35.7887,87.21,0.79,1.03,1.3675,1.3689,37.2723,88.24,0.24,0.00
178,44,2,20,112.00,120.00,88.00,1,0.0000,0.0000,inf,88.24,0.24,0.00,7.1643,7.1722,22.8870,88.24,0.24,0.00,21.0594,21.0825,13.5216,87.21,0.79,1.03,6.0122,6.0188,24.4098,88.24,0.24,0.00,18.8725,18.8932,14.4739,87.21,0.79,1.03,5.9792,5.9858,24.4576,88.24,0.24,0.00,19.5474,19.5688,14.1687,86.21,1.79,2.03,5.7930,5.7993,24.7325,88.24,0.24,0.00,5.9463,5.9528,24.5055,88.24,0.24,0.00
179,44,3,20,120.00,128.00,88.00,1,0.0000,0.0000,inf,88.24,0.24,0.00,2.5133,2.5140,31.9926,88.24,0.24,0.00,13.6349,13.6388,17.3045,88.24,0.24,0.00,2.1047,2.1053,33.5336,88.24,0.24,0.00,10.5734,10.5765,19.5132,89.29,1.29,1.05,1.9757,1.9763,34.0831,88.24,0.24,0.00,9.8780,9.8809,20.1041,88.24,0.24,0.00,2.1294,2.1300,33.4325,88.24,0.24,0.00,1.8963,1.8969,34.4393,88.24,0.24,0.00
180,45,0,20,128.00,136.00,88.00,1,0.0000,0.0000,inf,87.72,0.28,0.00,2.6758,2.6778,31.4444,88.24,0.24,0.52,12.7262,12.7356,17.8996,87.72,0.28,0.00,1.8862,1.8876,34.4818,87.21,0.79,0.51,9.4348,9.4418,20.4989,88.24,0.24,0.52,1.7500,1.7513,35.1328,87.21,0.79,0.51,9.7829,9.7901,20.1842,87.72,0.28,0.00,1.9653,1.9667,34.1251,87.21,0.79,0.51,1.6934,1.6946,35.4185,87.72,0.28,0.00
181,45,1,20,136.00,144.00,88.00,1,0.0000,0.0000,inf,89.29,1.29,0.00,2.4227,2.4289,32.2918,89.29,1.29,0.00,12.7643,12.7968,17.8579,89.29,1.29,0.00,2.0933,2.0987,33.5611,89.29,1.29,0.00,10.8856,10.9133,19.2409,88.24,0.24,1.05,1.9244,1.9293,34.2920,89.29,1.29,0.00,10.0769,10.1026,19.9114,89.29,1.29,0.00,2.1763,2.1818,33.2237,89.29,1.29,0.00,1.8665,1.8713,34.5572,89.29,1.29,0.00
182,45,2,20,144.00,152.00,88.50,1,0.0000,0.0000,inf,87.21,1.29,0.00,2.4130,2.4259,32.3027,86.71,1.79,0.50,12.8843,12.9531,17.7526,87.21,1.29,0.00,1.5788,1.5872,35.9874,87.21,1.29,0.00,8.0123,8.0550,21.8786,87.21,1.29,0.00,1.5357,1.5439,36.2279,87.21,1.29,0.00,8.0399,8.0828,21.8487,87.21,1.29,0.00,1.6981,1.7072,35.3544,87.21,1.29,0.00,1.4661,1.4739,36.6306,87.21,1.29,0.00
183,45,3,20,152.00,160.00,87.00,1,0.0000,0.0000,inf,88.24,1.24,0.00,2.7247,2.7339,31.2642,87.72,0.72,0.52,12.8850,12.9287,17.7689,87.72,0.72,0.52,1.7970,1.8031,34.8795,88.24,1.24,0.00,9.4479,9.4799,20.4639,88.24,1.24,0.00,1.8746,1.8810,34.5124,88.76,1.76,0.52,9.4767,9.5088,20.4375,87.72,0.72,0.52,2.0433,2.0503,33.7638,88.24,1.24,0.00,1.7858,1.7918,34.9341,88.24,1.24,0.00
184,46,0,20,160.00,168.00,87.50,1,0.0000,0.0000,inf,88.24,0.74,0.00,2.6557,2.6569,31.5126,87.21,0.29,1.03,14.2978,14.3039,16.8909,87.21,0.29,1.03,1.6485,1.6492,35.6546,88.24,0.74,0.00,9.9642,9.9685,20.0274,86.21,1.29,2.03,1.5278,1.5284,36.3151,87.21,0.29,1.03,9.9602,9.9644,20.0309,87.21,0.29,1.03,1.8130,1.8137,34.8285,87.21,0.29,1.03,1.5988,1.5995,35.9203,88.24,0.74,0.00
185,46,1,20,168.00,176.00,87.50,1,0.0000,0.0000,inf,87.21,0.29,0.00,2.4755,2.4765,32.1232,87.72,0.22,0.51,12.5886,12.5936,17.9970,87.21,0.29,0.00,1.4994,1.5000,36.4782,87.72,0.22,0.51,8.9424,8.9459,20.9675,86.71,0.79,0.50,1.4624,1.4630,36.6951,87.21,0.29,0.00,8.7584,8.7619,21.1481,86.71,0.79,0.50,1.5510,1.5516,36.1844,87.72,0.22,0.51,1.4526,1.4532,36.7534,87.21,0.29,0.00
186,46,2,20,176.00,184.00,88.00,1,0.0000,0.0000,inf,89.29,1.29,0.00,2.2290,2.2311,33.0295,89.29,1.29,0.00,12.2181,12.2300,18.2514,88.76,0.76,0.53,1.6661,1.6678,35.5572,89.29,1.29,0.00,9.5873,9.5966,20.3576,89.29,1.29,0.00,1.6351,1.6367,35.7207,89.29,1.29,0.00,9.3523,9.3615,20.5731,88.76,0.76,0.53,1.8264,1.8282,34.7596,89.29,1.29,0.00,1.6654,1.6670,35.5612,88.76,0.76,0.53
187,46,3,20,184.00,192.00,88.00,1,0.0000,0.0000,inf,86.21,1.79,0.00,2.4245,2.4258,32.3027,86.21,1.79,0.00,11.3918,11.3980,18.8634,87.21,0.79,1.00,1.8337,1.8347,34.7287,87.21,0.79,1.00,9.6704,9.6757,20.2863,85.23,2.77,0.98,1.6501,1.6510,35.6453,87.21,0.79,1.00,9.4527,9.4579,20.4841,86.21,1.79,0.00,2.0790,2.0801,33.6383,86.21,1.79,0.00,1.7592,1.7602,35.0890,86.21,1.79,0.00
188,47,0,20,192.00,200.00,87.00,1,0.0000,0.0000,inf,88.24,1.24,0.00,2.8352,2.8353,30.9481,88.24,1.24,0.00,15.3742,15.3749,16.2637,89.29,2.29,1.05,1.3802,1.3802,37.2009,88.24,1.24,0.00,9.4377,9.4381,20.5023,88.24,1.24,0.00,1.3111,1.3111,37.6471,88.24,1.24,0.00,9.4791,9.4795,20.4643,88.24,1.24,0.00,1.6426,1.6427,35.6887,89.29,2.29,1.05,1.4633,1.4633,36.6932,88.24,1.24,0.00
189,47,1,20,200.00,208.00,88.00,1,0.0000,0.0000,inf,88.76,0.76,0.00,2.6201,2.6202,31.6334,89.29,1.29,0.53,13.7664,13.7668,17.2234,89.29,1.29,0.53,1.5176,1.5176,36.3766,88.76,0.76,0.00,9.6717,9.6720,20.2897,88.76,0.76,0.00,1.3337,1.3338,37.4984,89.29,1.29,0.53,8.6008,8.6010,21.3090,88.24,0.24,0.52,1.5558,1.5559,36.1605,89.29,1.29,0.53,1.5827,1.5827,36.0119,88.76,0.76,0.00
190,47,2,20,208.00,216.00,89.00,1,0.0000,0.0000,inf,87.21,1.79,0.00,2.3360,2.3360,32.6306,86.21,2.79,1.00,12.6278,12.6278,17.9734,87.21,1.79,0.00,1.6710,1.6710,35.5405,87.21,1.79,0.00,9.6556,9.6556,20.3044,87.21,1.79,0.00,1.5621,1.5621,36.1256,87.21,1.79,0.00,9.6302,9.6302,20.3273,86.21,2.79,1.00,1.7150,1.7150,35.3148,86.21,2.79,1.00,1.5207,1.5207,36.3589,86.21,2.79,1.00
191,47,3,20,216.00,224.00,87.00,1,0.0000,0.0000,inf,88.24,1.24,0.00,2.2740,2.2796,32.8430,87.21,0.21,1.03,12.5562,12.5871,18.0015,87.72,0.72,0.52,1.4361,1.4397,36.8348,87.21,0.21,1.03,8.8178,8.8395,21.0715,87.21,0.21,1.03,1.4066,1.4100,37.0155,87.21,0.21,1.03,8.3524,8.3729,21.5425,87.21,0.21,1.03,1.5606,1.5644,36.1130,87.21,0.21,1.03,1.5368,1.5405,36.2466,87.21,0.21,1.03
192,48,0,20,224.00,232.00,87.00,1,0.0000,0.0000,inf,88.24,1.24,0.00,2.7141,2.7238,31.2965,88.24,1.24,0.00,14.3468,14.3980,16.8339,88.24,1.24,0.00,1.5386,1.5441,36.2266,88.24,1.24,0.00,9.2884,9.3216,20.6102,88.24,1.24,0.00,1.4756,1.4809,36.5897,88.24,1.24,0.00,8.5191,8.5495,21.3612,87.21,0.21,1.03,1.6592,1.6652,35.5709,88.24,1.24,0.00,1.5687,1.5743,36.0584,88.24,1.24,0.00
193,48,1,20,232.00,240.00,88.00,1,0.0000,0.0000,inf,88.24,0.24,0.00,2.8555,2.8599,30.8731,88.24,0.24,0.00,13.1797,13.1997,17.5887,87.72,0.28,0.52,1.9439,1.9469,34.2132,87.21,0.79,1.03,10.3079,10.3235,19.7234,87.21,0.79,1.03,1.8519,1.8547,34.6347,87.21,0.79,1.03,10.2888,10.3044,19.7395,88.24,0.24,0.00,2.1454,2.1486,33.3569,87.21,0.79,1.03,1.8472,1.8500,34.6564,87.21,0.79,1.03
194,48,2,20,240.00,248.00,88.00,1,0.0000,0.0000,inf,87.21,0.79,0.00,2.7381,2.7458,31.2268,87.21,0.79,0.00,14.2430,14.2830,16.9036,87.21,0.79,0.00,1.5388,1.5432,36.2318,87.21,0.79,0.00,9.9620,9.9900,20.0087,87.21,0.79,0.00,1.4346,1.4386,36.8411,87.21,0.79,0.00,9.5411,9.5679,20.3837,87.21,0.79,0.00,1.6430,1.6477,35.6626,87.21,0.79,0.00,1.4277,1.4318,36.8826,87.21,0.79,0.00
195,48,3,20,248.00,256.00,87.00,1,0.0000,0.0000,inf,87.72,0.72,0.00,2.6536,2.6552,31.5180,88.24,1.24,0.52,12.5452,12.5530,18.0251,87.21,0.21,0.51,1.8247,1.8258,34.7707,87.72,0.72,0.00,9.2869,9.2926,20.6373,87.21,0.21,0.51,1.6765,1.6776,35.5064,87.21,0.21,0.51,9.4447,9.4506,20.4909,87.72,0.72,0.00,1.8135,1.8146,34.8242,87.21,0.21,0.51,1.7094,1.7105,35.3376,88.24,1.24,0.52
196,49,0,20,256.00,264.00,88.00,1,0.0000,0.0000,inf,89.29,1.29,0.00,3.1570,3.1911,29.9212,89.29,1.29,0.00,12.8298,12.9682,17.7424,88.24,0.24,1.05,1.9633,1.9844,34.0473,88.24,0.24,1.05,11.3634,11.4859,18.7967,89.29,1.29,0.00,1.7951,1.8145,34.8250,88.24,0.24,1.05,10.6513,10.7661,19.3588,89.29,1.29,0.00,2.0235,2.0453,33.7849,89.29,1.29,0.00,1.8283,1.8480,34.6659,88.24,0.24,1.05
197,49,1,20,264.00,272.00,89.00,1,0.0000,0.0000,inf,88.24,0.76,0.00,2.8122,2.8137,31.0145,89.29,0.29,1.05,13.4903,13.4974,17.3950,88.24,0.76,0.00,1.7935,1.7945,34.9213,88.24,0.76,0.00,11.7556,11.7618,18.5905,88.24,0.76,0.00,1.6855,1.6864,35.4608,88.24,0.76,0.00,10.6560,10.6616,19.4436,87.21,1.79,1.03,1.9557,1.9568,34.1692,88.24,0.76,0.00,1.6609,1.6618,35.5884,88.24,0.76,0.00
198,49,2,20,272.00,280.00,88.00,1,0.0000,0.0000,inf,87.21,0.79,0.00,1.8709,1.8912,34.4651,87.21,0.79,0.00,12.0530,12.1840,18.2842,87.21,0.79,0.00,1.6541,1.6721,35.5348,86.21,1.79,1.00,8.4340,8.5257,21.3854,86.71,1.29,0.50,1.5884,1.6057,35.8868,87.21,0.79,0.00,8.2982,8.3884,21.5264,86.21,1.79,1.00,1.7456,1.7646,35.0670,87.21,0.79,0.00,1.7654,1.7846,34.9691,87.21,0.79,0.00
199,49,3,20,280.00,288.00,88.00,1,0.0000,0.0000,inf,87.72,0.28,0.00,2.0655,2.0712,33.6754,87.72,0.28,0.00,10.1681,10.1963,19.8312,87.72,0.28,0.00,2.0062,2.0118,33.9283,87.72,0.28,0.00,11.5422,11.5742,18.7302,87.72,0.28,0.00,1.8397,1.8448,34.6812,88.24,0.24,0.52,11.5393,11.5713,18.7323,88.24,0.24,0.52,2.0386,2.0442,33.7894,88.24,0.24,0.52,1.8856,1.8909,34.4668,87.72,0.28,0.00
200,50,0,20,288.00,296.00,88.00,1,0.0000,0.0000,inf,88.24,0.24,0.00,2.6167,2.6199,31.6343,88.24,0.24,0.00,12.6106,12.6260,17.9747,88.24,0.24,0.00,2.0829,2.0854,33.6162,88.24,0.24,0.00,10.1297,10.1421,19.8774,88.24,0.24,0.00,2.0870,2.0895,33.5990,88.24,0.24,0.00,9.1912,9.2024,20.7220,88.24,0.24,0.00,2.3484,2.3513,32.5740,88.24,0.24,0.00,2.1371,2.1397,33.3928,88.24,0.24,0.00
201,50,1,20,296.00,304.00,88.00,1,0.0000,0.0000,inf,89.29,1.29,0.00,2.5655,2.5655,31.8166,88.24,0.24,1.05,14.1203,14.1203,17.0031,88.24,0.24,1.05,1.4970,1.4970,36.4957,88.24,0.24,1.05,10.1539,10.1539,19.8673,89.29,1.29,0.00,1.4497,1.4497,36.7745,88.24,0.24,1.05,9.6001,9.6002,20.3544,89.29,1.29,0.00,1.6300,1.6300,35.7562,89.29,1.29,0.00,1.4846,1.4846,36.5680,88.24,0.24,1.05
202,50,2,20,304.00,312.00,88.00,1,0.0000,0.0000,inf,86.21,1.79,0.00,2.1279,2.1341,33.4157,86.21,1.79,0.00,12.9440,12.9816,17.7335,86.21,1.79,0.00,1.4578,1.4620,36.7011,86.21,1.79,0.00,8.8707,8.8964,21.0157,85.71,2.29,0.49,1.4217,1.4258,36.9187,86.21,1.79,0.00,8.7458,8.7713,21.1388,85.71,2.29,0.49,1.6081,1.6127,35.8488,86.21,1.79,0.00,1.3387,1.3426,37.4411,86.21,1.79,0.00
203,50,3,20,312.00,320.00,87.00,1,0.0000,0.0000,inf,88.24,1.24,0.00,2.8722,2.8796,30.8133,88.24,1.24,0.00,13.2508,13.2851,17.5327,88.24,1.24,0.00,1.6015,1.6056,35.8872,88.24,1.24,0.00,9.8615,9.8869,20.0988,88.24,1.24,0.00,1.3889,1.3925,37.1241,88.24,1.24,0.00,10.0012,10.0271,19.9765,88.24,1.24,0.00,1.6897,1.6940,35.4216,88.24,1.24,0.00,1.4224,1.4261,36.9171,89.29,2.29,1.05
204,51,0,20,320.00,328.00,88.00,1,0.0000,0.0000,inf,89.29,1.29,0.00,2.2375,2.2430,32.9834,88.24,0.24,1.05,15.2784,15.3163,16.2969,88.24,0.24,1.05,1.4985,1.5022,36.4654,89.29,1.29,0.00,10.5765,10.6027,19.4916,88.24,0.24,1.05,1.4069,1.4104,37.0133,88.24,0.24,1.05,9.1799,9.2027,20.7217,89.29,1.29,0.00,1.8227,1.8272,34.7644,88.24,0.24,1.05,1.5171,1.5208,36.3583,88.24,0.24,1.05
205,51,1,20,328.00,336.00,88.00,1,0.0000,0.0000,inf,87.21,0.79,0.00,2.5474,2.5481,31.8757,87.72,0.28,0.51,13.5031,13.5070,17.3888,88.24,0.24,1.03,2.1487,2.1494,33.3539,87.72,0.28,0.51,10.1665,10.1694,19.8541,87.72,0.28,0.51,2.1247,2.1253,33.4517,88.24,0.24,1.03,9.9073,9.9101,20.0784,88.24,0.24,1.03,2.3266,2.3272,32.6632,87.72,0.28,0.51,2.2235,2.2242,33.0567,88.24,0.24,1.03
206,51,2,20,336.00,344.00,88.00,1,0.0000,0.0000,inf,88.24,0.24,0.00,2.1909,2.1924,33.1817,88.24,0.24,0.00,11.5594,11.5671,18.7355,87.72,0.28,0.52,1.5423,1.5433,36.2310,87.72,0.28,0.52,10.0148,10.0214,19.9814,88.76,0.76,0.52,1.4638,1.4647,36.6848,88.24,0.24,0.00,9.7274,9.7338,20.2343,88.24,0.24,0.00,1.7405,1.7416,35.1808,88.24,0.24,0.00,1.3710,1.3719,37.2535,88.24,0.24,0.00
207,51,3,20,344.00,352.00,87.00,1,0.0000,0.0000,inf,86.21,0.79,0.00,1.8286,1.8408,34.6996,86.21,0.79,0.00,13.3834,13.4729,17.4108,86.21,0.79,0.00,1.8634,1.8759,34.5359,86.21,0.79,0.00,10.0736,10.1411,19.8783,86.21,0.79,0.00,1.7627,1.7745,35.0185,86.21,0.79,0.00,10.1535,10.2215,19.8097,86.21,0.79,0.00,1.9479,1.9609,34.1509,86.21,0.79,0.00,1.9419,1.9549,34.1776,86.21,0.79,0.00
208,52,0,20,352.00,360.00,87.00,1,0.0000,0.0000,inf,89.29,2.29,0.00,2.5127,2.5192,31.9747,89.29,2.29,0.00,14.6993,14.7373,16.6316,89.29,2.29,0.00,1.6366,1.6408,35.6989,89.29,2.29,0.00,10.4698,10.4969,19.5788,86.21,0.79,3.08,1.5284,1.5324,36.2926,88.24,1.24,1.05,10.6818,10.7094,19.4047,89.29,2.29,0.00,1.7567,1.7612,35.0838,89.29,2.29,0.00,1.5224,1.5263,36.3270,89.29,2.29,0.00
209,52,1,20,360.00,368.00,89.00,1,0.0000,0.0000,inf,89.29,0.29,0.00,2.7891,2.7897,31.0888,89.29,0.29,0.00,13.1706,13.1733,17.6061,88.76,0.24,0.53,1.7728,1.7732,35.0251,89.82,0.82,0.53,10.1326,10.1347,19.8838,88.24,0.76,1.05,1.6652,1.6655,35.5691,89.82,0.82,0.53,10.2395,10.2416,19.7927,87.72,1.28,1.57,1.7838,1.7842,34.9711,89.29,0.29,0.00,1.6843,1.6846,35.4699,89.29,0.29,0.00
210,52,2,20,368.00,376.00,88.00,1,0.0000,0.0000,inf,89.29,1.29,0.00,2.8590,2.8600,30.8727,88.76,0.76,0.53,13.4747,13.4795,17.4065,89.29,1.29,0.00,2.0552,2.0559,33.7400,89.29,1.29,0.00,10.9536,10.9575,19.2058,88.24,0.24,1.05,2.0049,2.0056,33.9550,89.29,1.29,0.00,10.2745,10.2782,19.7617,89.29,1.29,0.00,2.3432,2.3441,32.6006,88.24,0.24,1.05,2.0896,2.0903,33.5958,88.24,0.24,1.05
211,52,3,20,376.00,384.00,89.00,1,0.0000,0.0000,inf,89.29,0.29,0.00,2.3495,2.3500,32.5787,88.24,0.76,1.05,13.1729,13.1754,17.6047,88.24,0.76,1.05,1.8731,1.8735,34.5470,88.24,0.76,1.05,9.7389,9.7408,20.2281,88.24,0.76,1.05,1.7304,1.7307,35.2356,89.29,0.29,0.00,9.4325,9.4343,20.5058,88.24,0.76,1.05,2.0895,2.0899,33.5975,88.76,0.24,0.53,1.7410,1.7413,35.1823,89.29,0.29,0.00
212,53,0,20,384.00,392.00,87.50,1,0.0000,0.0000,inf,86.71,0.79,0.00,2.7342,2.7343,31.2631,86.71,0.79,0.00,11.6567,11.6572,18.6681,86.21,1.29,0.50,1.5380,1.5381,36.2603,86.71,0.79,0.00,8.9773,8.9777,20.9367,85.71,1.79,0.99,1.3959,1.3959,37.1026,86.71,0.79,0.00,9.2566,9.2570,20.6706,85.71,1.79,0.99,1.7017,1.7018,35.3818,86.71,0.79,0.00,1.5539,1.5540,36.1709,86.21,1.29,0.50
213,53,1,20,392.00,400.00,86.50,1,0.0000,0.0000,inf,88.24,1.74,0.00,2.8302,2.8302,30.9635,88.24,1.74,0.00,11.9066,11.9066,18.4843,89.29,2.79,1.05,2.2046,2.2046,33.1335,88.24,1.74,0.00,10.2142,10.2142,19.8159,88.24,1.74,0.00,2.1024,2.1024,33.5456,88.24,1.74,0.00,10.2939,10.2939,19.7484,88.24,1.74,0.00,2.3147,2.3147,32.7101,89.29,2.79,1.05,2.1680,2.1680,33.2789,88.24,1.74,0.00
214,53,2,20,400.00,408.00,88.00,1,0.0000,0.0000,inf,88.24,0.24,0.00,2.3152,2.3399,32.6161,88.24,0.24,0.00,12.3442,12.4758,18.0786,88.76,0.76,0.52,2.3011,2.3257,32.6690,89.29,1.29,1.05,11.9893,12.1171,18.3320,89.29,1.29,1.05,2.1566,2.1796,33.2326,89.29,1.29,1.05,11.9556,12.0831,18.3564,88.24,0.24,0.00,2.3159,2.3406,32.6134,88.24,0.24,0.00,2.2570,2.2811,32.8372,88.24,0.24,0.00
215,53,3,20,408.00,416.00,88.00,1,0.0000,0.0000,inf,88.24,0.24,0.00,2.2497,2.2498,32.9573,88.24,0.24,0.00,10.8040,10.8045,19.3279,88.76,0.76,0.52,1.7578,1.7578,35.1004,89.29,1.29,1.05,8.6246,8.6250,21.2848,88.24,0.24,0.00,1.6805,1.6806,35.4908,89.29,1.29,1.05,8.3660,8.3663,21.5493,89.29,1.29,1.05,1.8728,1.8728,34.5500,88.24,0.24,0.00,1.6170,1.6171,35.8255,88.24,0.24,0.00
216,54,0,20,416.00,424.00,88.00,1,0.0000,0.0000,inf,88.24,0.24,0.00,2.5979,2.6174,31.6427,88.76,0.76,0.52,12.3413,12.4337,18.1080,88.76,0.76,0.52,2.1574,2.1736,33.2564,89.29,1.29,1.05,8.6971,8.7623,21.1477,89.29,1.29,1.05,2.2236,2.2402,32.9942,89.29,1.29,1.05,8.3255,8.3879,21.5269,88.76,0.76,0.52,2.3124,2.3297,32.6540,89.29,1.29,1.05,2.2210,2.2377,33.0041,88.76,0.76,0.52
217,54,1,20,424.00,432.00,88.00,1,0.0000,0.0000,inf,88.76,0.76,0.00,2.5538,2.5617,31.8294,89.29,1.29,0.53,12.1574,12.1948,18.2765,89.29,1.29,0.53,1.8135,1.8191,34.8028,89.29,1.29,0.53,9.8794,9.9098,20.0787,88.24,0.24,0.52,1.7240,1.7293,35.2424,89.29,1.29,0.53,9.4501,9.4792,20.4646,88.24,0.24,0.52,1.9853,1.9914,34.0168,89.29,1.29,0.53,1.6534,1.6585,35.6059,89.29,1.29,0.53
218,54,2,20,432.00,440.00,89.50,1,0.0000,0.0000,inf,88.24,1.26,0.00,2.4901,2.4902,32.0754,88.24,1.26,0.00,13.8189,13.8194,17.1902,89.29,0.21,1.05,1.5688,1.5688,36.0884,89.29,0.21,1.05,10.9893,10.9897,19.1803,89.29,0.21,1.05,1.4178,1.4179,36.9672,89.29,0.21,1.05,10.5992,10.5996,19.4942,89.29,0.21,1.05,1.7454,1.7455,35.1616,89.29,0.21,1.05,1.3844,1.3844,37.1746,89.29,0.21,1.05
219,54,3,20,440.00,448.00,88.50,1,0.0000,0.0000,inf,88.24,0.26,0.00,1.7954,1.7961,34.9133,88.24,0.26,0.00,12.8325,12.8375,17.8304,88.24,0.26,0.00,1.4163,1.4169,36.9732,88.24,0.26,0.00,8.8939,8.8974,21.0148,88.24,0.26,0.00,1.3782,1.3788,37.2102,88.24,0.26,0.00,8.0253,8.0285,21.9074,87.21,1.29,1.03,1.5749,1.5755,36.0517,88.24,0.26,0.00,1.4270,1.4275,36.9083,88.24,0.26,0.00
220,55,0,20,448.00,456.00,88.00,1,0.0000,0.0000,inf,89.29,1.29,0.00,2.4962,2.5177,31.9799,89.29,1.29,0.00,14.5325,14.6575,16.6788,89.29,1.29,0.00,1.4448,1.4572,36.7296,89.29,1.29,0.00,11.1009,11.1963,19.0185,89.29,1.29,0.00,1.3658,1.3775,37.2179,89.29,1.29,0.00,10.8975,10.9913,19.1790,89.29,1.29,0.00,1.4548,1.4673,36.6695,89.29,1.29,0.00,1.4757,1.4884,36.5457,89.29,1.29,0.00
221,55,1,20,456.00,464.00,89.00,1,0.0000,0.0000,inf,87.21,1.79,0.00,2.9303,2.9500,30.6034,87.21,1.79,0.00,13.1206,13.2089,17.5826,87.21,1.79,0.00,1.8680,1.8806,34.5140,87.72,1.28,0.51,10.3965,10.4665,19.6040,87.21,1.79,0.00,1.7425,1.7542,35.1182,87.72,1.28,0.51,9.4428,9.5064,20.4397,87.21,1.79,0.00,1.9411,1.9542,34.1805,87.21,1.79,0.00,1.7198,1.7314,35.2323,87.21,1.79,0.00
222,55,2,20,464.00,472.00,87.00,1,0.0000,0.0000,inf,88.24,1.24,0.00,3.0042,3.0070,30.4374,87.21,0.21,1.03,13.8006,13.8134,17.1940,88.24,1.24,0.00,1.6242,1.6257,35.7791,87.21,0.21,1.03,8.4428,8.4506,21.4622,88.24,1.24,0.00,1.4618,1.4631,36.6943,88.24,1.24,0.00,8.4995,8.5074,21.4041,87.21,0.21,1.03,1.7369,1.7386,35.1962,88.24,1.24,0.00,1.3851,1.3863,37.1626,88.24,1.24,0.00
223,55,3,20,472.00,480.00,88.00,1,0.0000,0.0000,inf,88.24,0.24,0.00,2.6794,2.6984,31.3777,88.24,0.24,0.00,13.4711,13.5667,17.3505,89.29,1.29,1.05,2.2142,2.2299,33.0342,89.29,1.29,1.05,11.1185,11.1975,19.0176,89.29,1.29,1.05,2.1102,2.1252,33.4520,89.29,1.29,1.05,10.4255,10.4995,19.5766,89.29,1.29,1.05,2.2211,2.2369,33.0071,88.24,0.24,0.00,2.1062,2.1212,33.4685,89.29,1.29,1.05
224,56,0,21,32.00,40.00,121.50,1,0.0000,0.0000,inf,122.95,1.45,0.00,5.5890,5.5973,25.0404,122.95,1.45,0.00,38.9733,39.0312,8.1718,122.95,1.45,0.00,2.9973,3.0017,30.4526,122.95,1.45,0.00,17.5447,17.5707,15.1042,122.95,1.45,0.00,2.5269,2.5307,31.9353,123.97,2.47,1.02,18.5597,18.5873,14.6157,125.00,3.50,2.05,3.1614,3.1661,29.9894,122.95,1.45,0.00,2.6551,2.6590,31.5056,122.95,1.45,0.00
225,56,1,21,40.00,48.00,124.00,1,0.0000,0.0000,inf,122.95,1.05,0.00,4.0440,4.0599,27.8296,122.95,1.05,0.00,35.3972,35.5369,8.9864,122.95,1.05,0.00,2.3659,2.3752,32.4858,122.95,1.05,0.00,19.5113,19.5883,14.1601,125.00,1.00,2.05,1.6412,1.6477,35.6624,122.95,1.05,0.00,19.2284,19.3043,14.2869,122.95,1.05,0.00,2.3526,2.3619,32.5349,122.95,1.05,0.00,1.8960,1.9035,34.4088,122.95,1.05,0.00
226,56,2,21,48.00,56.00,122.00,1,0.0000,0.0000,inf,122.95,0.95,0.00,4.0473,4.0497,27.8516,122.95,0.95,0.00,37.3218,37.3439,8.5556,122.95,0.95,0.00,2.0953,2.0965,33.5700,122.95,0.95,0.00,18.3964,18.4073,14.7002,122.95,0.95,0.00,1.8569,1.8580,34.6191,122.95,0.95,0.00,21.8950,21.9080,13.1880,122.95,0.95,0.00,2.0982,2.0995,33.5577,122.95,0.95,0.00,1.9244,1.9255,34.3089,122.95,0.95,0.00
227,56,3,21,56.00,64.00,122.00,1,0.0000,0.0000,inf,122.95,0.95,0.00,3.8442,3.8445,28.3032,122.95,0.95,0.00,37.4428,37.4457,8.5320,122.95,0.95,0.00,1.9601,1.9602,34.1539,122.95,0.95,0.00,18.6786,18.6800,14.5724,122.95,0.95,0.00,1.6458,1.6459,35.6717,122.95,0.95,0.00,20.7554,20.7570,13.6567,122.95,0.95,0.00,1.9220,1.9221,34.3244,122.95,0.95,0.00,1.7450,1.7452,35.1633,122.95,0.95,0.00
228,57,0,21,64.00,72.00,124.00,1,0.0000,0.0000,inf,122.95,1.05,0.00,4.6180,4.6181,26.7107,122.95,1.05,0.00,36.8487,36.8493,8.6714,122.95,1.05,0.00,2.2836,2.2836,32.8275,122.95,1.05,0.00,21.0012,21.0016,13.5550,122.95,1.05,0.00,1.8629,1.8629,34.5962,122.95,1.05,0.00,22.8059,22.8062,12.8389,125.00,1.00,2.05,2.3671,2.3672,32.5155,122.95,1.05,0.00,1.9955,1.9955,33.9990,122.95,1.05,0.00
229,57,1,21,72.00,80.00,123.00,1,0.0000,0.0000,inf,122.95,0.05,0.00,4.2297,4.2335,27.4660,122.95,0.05,0.00,36.2916,36.3239,8.7962,122.95,0.05,0.00,2.5339,2.5362,31.9165,122.95,0.05,0.00,20.4256,20.4438,13.7888,122.95,0.05,0.00,2.0646,2.0664,33.6957,122.95,0.05,0.00,22.3922,22.4121,12.9903,123.97,0.97,1.02,2.6589,2.6613,31.4982,122.95,0.05,0.00,2.2762,2.2783,32.8479,122.95,0.05,0.00
230,57,2,21,80.00,88.00,124.00,1,0.0000,0.0000,inf,125.00,1.00,0.00,3.8757,3.8796,28.2242,125.00,1.00,0.00,35.0221,35.0578,9.1043,125.00,1.00,0.00,2.1301,2.1323,33.4230,125.00,1.00,0.00,22.6913,22.7143,12.8740,125.00,1.00,0.00,1.5693,1.5709,36.0769,125.00,1.00,0.00,23.7890,23.8132,12.4636,125.00,1.00,0.00,2.1051,2.1072,33.5259,125.00,1.00,0.00,1.7568,1.7586,35.0969,125.00,1.00,0.00
231,57,3,21,88.00,96.00,125.00,1,0.0000,0.0000,inf,125.00,0.00,0.00,3.7882,3.7913,28.4241,125.00,0.00,0.00,35.3058,35.3348,9.0359,125.00,0.00,0.00,1.9520,1.9536,34.1835,125.00,0.00,0.00,23.7283,23.7478,12.4875,125.00,0.00,0.00,1.6298,1.6312,35.7500,125.00,0.00,0.00,25.0711,25.0917,12.0094,125.00,0.00,0.00,1.8188,1.8203,34.7972,125.00,0.00,0.00,1.6700,1.6714,35.5383,125.00,0.00,0.00
232,58,0,21,96.00,104.00,124.00,1,0.0000,0.0000,inf,122.95,1.05,0.00,4.5903,4.5905,26.7629,122.95,1.05,0.00,36.6597,36.6606,8.7160,122.95,1.05,0.00,1.9612,1.9613,34.1492,120.97,3.03,1.98,17.8787,17.8791,14.9531,122.95,1.05,0.00,1.6569,1.6569,35.6139,122.95,1.05,0.00,21.8991,21.8997,13.1913,122.95,1.05,0.00,1.9407,1.9407,34.2407,122.95,1.05,0.00,1.8111,1.8112,34.8408,122.95,1.05,0.00
233,58,1,21,104.00,112.00,122.00,1,0.0000,0.0000,inf,125.00,3.00,0.00,4.3070,4.3083,27.3138,123.97,1.97,1.03,36.2831,36.2945,8.8032,125.00,3.00,0.00,2.2618,2.2625,32.9084,125.00,3.00,0.00,20.4006,20.4070,13.8044,125.00,3.00,0.00,1.8705,1.8711,34.5581,125.00,3.00,0.00,21.9198,21.9267,13.1805,125.00,3.00,0.00,2.2752,2.2759,32.8570,125.00,3.00,0.00,1.9998,2.0004,33.9777,125.00,3.00,0.00
234,58,2,21,112.00,120.00,124.00,1,0.0000,0.0000,inf,125.00,1.00,0.00,4.5518,4.5529,26.8342,122.95,1.05,2.05,36.6852,36.6939,8.7081,122.95,1.05,2.05,2.2673,2.2678,32.8878,122.95,1.05,2.05,17.6109,17.6151,15.0823,125.00,1.00,0.00,1.9524,1.9528,34.1867,122.95,1.05,2.05,21.4511,21.4562,13.3689,125.00,1.00,0.00,2.2411,2.2416,32.9889,122.95,1.05,2.05,2.2222,2.2227,33.0624,122.95,1.05,2.05
235,58,3,21,120.00,128.00,124.00,1,0.0000,0.0000,inf,122.95,1.05,0.00,3.8234,3.8286,28.3393,125.00,1.00,2.05,35.5087,35.5568,8.9816,125.00,1.00,2.05,1.8703,1.8728,34.5501,122.95,1.05,0.00,20.8900,20.9183,13.5895,123.97,0.03,1.02,1.5985,1.6007,35.9137,122.95,1.05,0.00,21.7900,21.8195,13.2231,122.95,1.05,0.00,1.8414,1.8438,34.6855,122.95,1.05,0.00,1.6597,1.6620,35.5874,122.95,1.05,0.00
236,59,0,21,128.00,136.00,123.00,1,0.0000,0.0000,inf,122.95,0.05,0.00,4.2066,4.2228,27.4880,122.95,0.05,0.00,31.9270,32.0500,9.8834,122.95,0.05,0.00,2.7705,2.7812,31.1154,122.95,0.05,0.00,16.6886,16.7528,15.5182,122.95,0.05,0.00,2.5895,2.5995,31.7022,122.95,0.05,0.00,19.9989,20.0759,13.9465,122.95,0.05,0.00,3.0015,3.0130,30.4200,122.95,0.05,0.00,2.8861,2.8972,30.7604,122.95,0.05,0.00
237,59,1,21,136.00,144.00,124.00,1,0.0000,0.0000,inf,122.95,1.05,0.00,3.0702,3.0780,30.2347,122.95,1.05,0.00,23.2599,23.3188,12.6459,122.95,1.05,0.00,2.3101,2.3159,32.7055,122.95,1.05,0.00,13.1288,13.1620,17.6135,125.00,1.00,2.05,2.1282,2.1336,33.4178,122.95,1.05,0.00,12.9175,12.9502,17.7545,122.95,1.05,0.00,2.1489,2.1543,33.3338,122.95,1.05,0.00,2.2079,2.2135,33.0984,122.95,1.05,0.00
238,59,2,21,144.00,152.00,122.50,1,0.0000,0.0000,inf,120.97,1.53,0.00,4.9982,5.0422,25.9475,120.97,1.53,0.00,27.8316,28.0769,11.0330,120.97,1.53,0.00,4.1191,4.1554,27.6277,120.97,1.53,0.00,23.1752,23.3795,12.6233,120.97,1.53,0.00,3.7442,3.7772,28.4566,120.97,1.53,0.00,24.2793,24.4934,12.2190,122.95,0.45,1.98,4.4164,4.4553,27.0225,120.97,1.53,0.00,3.9028,3.9372,28.0962,120.97,1.53,0.00
239,59,3,21,152.00,160.00,123.00,1,0.0000,0.0000,inf,122.95,0.05,0.00,5.0030,5.0702,25.8995,125.00,2.00,2.05,32.9227,33.3652,9.5341,122.95,0.05,0.00,4.7232,4.7867,26.3993,122.95,0.05,0.00,26.5327,26.8894,11.4084,125.00,2.00,2.05,4.9133,4.9793,26.0566,123.97,0.97,1.02,26.9241,27.2860,11.2812,123.97,0.97,1.02,5.2299,5.3002,25.5142,125.00,2.00,2.05,5.2918,5.3630,25.4119,123.97,0.97,1.02
240,60,0,21,160.00,168.00,124.00,1,0.0000,0.0000,inf,122.95,1.05,0.00,3.4691,3.4692,29.1953,122.95,1.05,0.00,33.2560,33.2572,9.5623,125.00,1.00,2.05,2.0012,2.0012,33.9740,122.95,1.05,0.00,23.8466,23.8475,12.4512,125.00,1.00,2.05,1.5700,1.5701,36.0816,122.95,1.05,0.00,24.9137,24.9147,12.0709,122.95,1.05,0.00,1.8084,1.8085,34.8537,122.95,1.05,0.00,1.6845,1.6846,35.4703,125.00,1.00,2.05
241,60,1,21,168.00,176.00,124.00,1,0.0000,0.0000,inf,125.00,1.00,0.00,3.2018,3.2175,29.8496,125.00,1.00,0.00,24.8857,25.0081,12.0384,125.00,1.00,0.00,2.2539,2.2649,32.8989,125.00,1.00,0.00,15.2900,15.3652,16.2692,125.00,1.00,0.00,2.0518,2.0619,33.7147,125.00,1.00,0.00,15.9148,15.9931,15.9214,125.00,1.00,0.00,2.4051,2.4169,32.3349,125.00,1.00,0.00,2.3656,2.3772,32.4787,125.00,1.00,0.00
242,60,2,21,176.00,184.00,124.00,1,0.0000,0.0000,inf,122.95,1.05,0.00,4.0483,4.0592,27.8312,122.95,1.05,0.00,32.7590,32.8473,9.6700,122.95,1.05,0.00,3.1217,3.1301,30.0889,122.95,1.05,0.00,18.4415,18.4912,14.6607,122.95,1.05,0.00,2.7981,2.8057,31.0393,122.95,1.05,0.00,19.8907,19.9444,14.0036,122.95,1.05,0.00,3.0008,3.0089,30.4318,122.95,1.05,0.00,2.8188,2.8264,30.9753,122.95,1.05,0.00
243,60,3,21,184.00,192.00,123.00,1,0.0000,0.0000,inf,122.95,0.05,0.00,4.3834,4.3906,27.1496,122.95,0.05,0.00,34.6166,34.6735,9.2000,122.95,0.05,0.00,2.2584,2.2621,32.9096,122.95,0.05,0.00,20.5671,20.6010,13.7223,122.95,0.05,0.00,2.0035,2.0068,33.9500,122.95,0.05,0.00,22.5939,22.6311,12.9059,122.95,0.05,0.00,2.1235,2.1270,33.4447,122.95,0.05,0.00,2.0484,2.0517,33.7576,122.95,0.05,0.00
244,61,0,21,192.00,200.00,122.00,1,0.0000,0.0000,inf,122.95,0.95,0.00,3.3886,3.3895,29.3972,122.95,0.95,0.00,32.6781,32.6870,9.7125,122.95,0.95,0.00,2.2318,2.2325,33.0244,122.95,0.95,0.00,18.6340,18.6391,14.5915,122.95,0.95,0.00,1.7530,1.7535,35.1221,122.95,0.95,0.00,19.9529,19.9583,13.9975,122.95,0.95,0.00,2.4450,2.4456,32.2322,122.95,0.95,0.00,1.8817,1.8822,34.5066,122.95,0.95,0.00
245,61,1,21,200.00,208.00,122.00,1,0.0000,0.0000,inf,122.95,0.95,0.00,3.9314,3.9443,28.0805,122.95,0.95,0.00,33.0852,33.1939,9.5788,120.97,1.03,1.98,1.9575,1.9639,34.1375,122.95,0.95,0.00,18.5218,18.5826,14.6179,122.95,0.95,0.00,1.8185,1.8245,34.7772,122.95,0.95,0.00,20.7294,20.7975,13.6398,120.97,1.03,1.98,1.8423,1.8483,34.6645,122.95,0.95,0.00,1.8695,1.8757,34.5368,122.95,0.95,0.00
246,61,2,21,208.00,216.00,122.00,1,0.0000,0.0000,inf,122.95,0.95,0.00,4.3348,4.3596,27.2111,120.97,1.03,1.98,35.8815,36.0865,8.8531,122.95,0.95,0.00,2.1513,2.1636,33.2966,120.97,1.03,1.98,16.8309,16.9272,15.4283,122.95,0.95,0.00,1.7635,1.7735,35.0232,120.97,1.03,1.98,20.3311,20.4473,13.7873,120.97,1.03,1.98,2.1181,2.1302,33.4316,120.97,1.03,1.98,1.8620,1.8727,34.5508,122.95,0.95,0.00
247,61,3,21,216.00,224.00,122.00,1,0.0000,0.0000,inf,122.95,0.95,0.00,4.2485,4.2534,27.4254,122.95,0.95,0.00,35.8100,35.8510,8.9100,120.97,1.03,1.98,2.2261,2.2287,33.0390,122.95,0.95,0.00,16.0150,16.0333,15.8995,122.95,0.95,0.00,1.9460,1.9482,34.2072,122.95,0.95,0.00,17.9746,17.9952,14.8969,122.95,0.95,0.00,2.2648,2.2674,32.8895,122.95,0.95,0.00,2.1050,2.1074,33.5252,122.95,0.95,0.00
248,62,0,21,224.00,232.00,122.00,1,0.0000,0.0000,inf,120.97,1.03,0.00,3.4261,3.4287,29.2973,121.95,0.05,0.98,29.3556,29.3777,10.6396,120.97,1.03,0.00,2.0959,2.0975,33.5661,122.95,0.95,1.98,16.9984,17.0112,15.3853,122.95,0.95,1.98,2.2961,2.2978,32.7737,121.95,0.05,0.98,17.7359,17.7493,15.0164,120.97,1.03,0.00,2.2522,2.2539,32.9412,122.95,0.95,1.98,2.3148,2.3166,32.7031,120.97,1.03,0.00
249,62,1,21,232.00,240.00,123.00,1,0.0000,0.0000,inf,121.95,1.05,0.00,3.2180,3.2210,29.8401,120.97,2.03,0.98,16.3407,16.3562,15.7263,120.97,2.03,0.98,2.6769,2.6794,31.4393,121.95,1.05,0.00,15.5274,15.5421,16.1698,113.64,9.36,8.31,2.4989,2.5012,32.0369,121.95,1.05,0.00,15.0532,15.0675,16.4392,119.05,3.95,2.90,3.1629,3.1659,29.9899,121.95,1.05,0.00,2.7620,2.7647,31.1671,120.97,2.03,0.98
250,62,2,21,240.00,248.00,123.00,1,0.0000,0.0000,inf,122.95,0.05,0.00,3.9659,3.9669,28.0309,122.95,0.05,0.00,28.2950,28.3028,10.9634,122.95,0.05,0.00,2.5136,2.5143,31.9916,122.95,0.05,0.00,19.2056,19.2109,14.3290,125.00,2.00,2.05,2.1517,2.1523,33.3421,122.95,0.05,0.00,20.4103,20.4159,13.8006,122.95,0.05,0.00,2.4423,2.4430,32.2415,122.95,0.05,0.00,2.2739,2.2745,32.8624,122.95,0.05,0.00
251,62,3,21,248.00,256.00,124.00,1,0.0000,0.0000,inf,125.00,1.00,0.00,4.0673,4.0741,27.7994,125.00,1.00,0.00,31.8081,31.8609,9.9348,125.00,1.00,0.00,2.7164,2.7209,31.3058,125.00,1.00,0.00,20.1675,20.2010,13.8925,127.12,3.12,2.12,2.1799,2.1836,33.2167,125.00,1.00,0.00,22.3471,22.3842,13.0012,127.12,3.12,2.12,2.7491,2.7537,31.2017,125.00,1.00,0.00,2.2699,2.2737,32.8653,125.00,1.00,0.00
252,63,0,21,256.00,264.00,126.00,1,0.0000,0.0000,inf,125.00,1.00,0.00,4.7954,4.8475,26.2897,125.00,1.00,0.00,33.9665,34.3355,9.2851,125.00,1.00,0.00,2.5654,2.5933,31.7231,122.95,3.05,2.05,19.1108,19.3183,14.2806,125.00,1.00,0.00,2.3161,2.3413,32.6109,122.95,3.05,2.05,21.0089,21.2372,13.4581,122.95,3.05,2.05,2.6798,2.7089,31.3440,122.95,3.05,2.05,2.4792,2.5061,32.0200,122.95,3.05,2.05
253,63,1,21,264.00,272.00,123.00,1,0.0000,0.0000,inf,122.95,0.05,0.00,3.8494,3.8633,28.2609,122.95,0.05,0.00,31.9669,32.0819,9.8748,122.95,0.05,0.00,2.5552,2.5644,31.8203,122.95,0.05,0.00,18.9958,19.0642,14.3956,120.97,2.03,1.98,2.2329,2.2410,32.9913,122.95,0.05,0.00,18.8635,18.9314,14.4564,120.97,2.03,1.98,2.5218,2.5309,31.9345,122.95,0.05,0.00,2.1096,2.1172,33.4848,122.95,0.05,0.00
254,63,2,21,272.00,280.00,124.00,1,0.0000,0.0000,inf,125.00,1.00,0.00,2.9493,2.9531,30.5945,125.00,1.00,0.00,20.4460,20.4722,13.7767,129.31,5.31,4.31,3.5280,3.5326,29.0382,125.00,1.00,0.00,25.5300,25.5628,11.8478,122.95,1.05,2.05,4.0851,4.0904,27.7647,123.97,0.03,1.03,24.7785,24.8103,12.1074,127.12,3.12,2.12,3.7082,3.7129,28.6057,125.00,1.00,0.00,3.7034,3.7082,28.6168,125.00,1.00,0.00
255,63,3,21,280.00,288.00,126.00,1,0.0000,0.0000,inf,125.00,1.00,0.00,2.6313,2.6335,31.5894,125.00,1.00,0.00,22.5261,22.5450,12.9390,125.00,1.00,0.00,2.6583,2.6605,31.5007,125.00,1.00,0.00,14.0331,14.0449,17.0496,126.05,0.05,1.05,2.6426,2.6448,31.5521,127.12,1.12,2.12,13.7513,13.7629,17.2258,125.00,1.00,0.00,3.2670,3.2697,29.7098,125.00,1.00,0.00,2.5852,2.5874,31.7427,125.00,1.00,0.00
256,64,0,21,288.00,296.00,126.00,1,0.0000,0.0000,inf,125.00,1.00,0.00,3.4446,3.4465,29.2524,125.00,1.00,0.00,24.5190,24.5326,12.2051,125.00,1.00,0.00,2.3724,2.3737,32.4914,125.00,1.00,0.00,17.8779,17.8878,14.9488,127.12,1.12,2.12,2.1232,2.1244,33.4553,125.00,1.00,0.00,17.3458,17.3554,15.2113,125.00,1.00,0.00,2.6010,2.6025,31.6922,125.00,1.00,0.00,2.0564,2.0575,33.7332,125.00,1.00,0.00
257,64,1,21,296.00,304.00,126.00,1,0.0000,0.0000,inf,127.12,1.12,0.00,3.6515,3.6552,28.7417,127.12,1.12,0.00,26.9537,26.9814,11.3787,127.12,1.12,0.00,2.5985,2.6012,31.6966,127.12,1.12,0.00,24.6429,24.6682,12.1572,125.00,1.00,2.12,2.1989,2.2011,33.1471,127.12,1.12,0.00,23.7326,23.7570,12.4842,125.00,1.00,2.12,2.4348,2.4373,32.2617,127.12,1.12,0.00,2.2999,2.3023,32.7568,127.12,1.12,0.00
258,64,2,21,304.00,312.00,126.00,1,0.0000,0.0000,inf,126.05,0.05,0.00,3.1777,3.1785,29.9554,126.05,0.05,0.00,29.1727,29.1806,10.6981,127.12,1.12,1.07,2.3106,2.3112,32.7233,126.05,0.05,0.00,21.1016,21.1073,13.5113,125.00,1.00,1.05,1.9127,1.9133,34.3645,126.05,0.05,0.00,23.9313,23.9378,12.4183,125.00,1.00,1.05,2.2595,2.2601,32.9174,126.05,0.05,0.00,2.1410,2.1416,33.3853,126.05,0.05,0.00
259,64,3,21,312.00,320.00,126.00,1,0.0000,0.0000,inf,125.00,1.00,0.00,3.6301,3.6342,28.7918,125.00,1.00,0.00,28.5366,28.5686,10.8822,126.05,0.05,1.05,2.6498,2.6527,31.5261,126.05,0.05,1.05,19.0358,19.0571,14.3989,125.00,1.00,0.00,2.3987,2.4013,32.3909,127.12,1.12,2.12,18.4521,18.4728,14.6693,125.00,1.00,0.00,2.6342,2.6372,31.5773,126.05,0.05,1.05,2.5175,2.5203,31.9708,127.12,1.12,2.12
260,65,0,21,320.00,328.00,126.00,1,0.0000,0.0000,inf,127.12,1.12,0.00,3.2073,3.2085,29.8740,125.00,1.00,2.12,30.4399,30.4506,10.3281,127.12,1.12,0.00,2.0344,2.0351,33.8282,125.00,1.00,2.12,22.5083,22.5162,12.9501,125.00,1.00,2.12,1.7050,1.7056,35.3624,127.12,1.12,0.00,25.2484,25.2573,11.9523,125.00,1.00,2.12,2.0698,2.0705,33.6783,127.12,1.12,0.00,1.8909,1.8915,34.4638,125.00,1.00,2.12
261,65,1,21,328.00,336.00,126.00,1,0.0000,0.0000,inf,127.12,1.12,0.00,3.7087,3.7220,28.5846,125.00,1.00,2.12,32.2450,32.3605,9.7997,127.12,1.12,0.00,2.7675,2.7774,31.1272,125.00,1.00,2.12,22.1249,22.2042,13.0713,125.00,1.00,2.12,2.2850,2.2932,32.7912,127.12,1.12,0.00,23.4114,23.4953,12.5804,127.12,1.12,0.00,2.8887,2.8991,30.7548,125.00,1.00,2.12,2.4261,2.4347,32.2709,125.00,1.00,2.12
262,65,2,21,336.00,344.00,126.00,1,0.0000,0.0000,inf,127.12,1.12,0.00,3.6162,3.6165,28.8342,127.12,1.12,0.00,30.9279,30.9308,10.1922,125.00,1.00,2.12,2.2044,2.2046,33.1332,127.12,1.12,0.00,21.8290,21.8310,13.2185,125.00,1.00,2.12,1.9110,1.9112,34.3738,127.12,1.12,0.00,22.4022,22.4043,12.9934,125.00,1.00,2.12,2.1222,2.1224,33.4636,127.12,1.12,0.00,2.0284,2.0286,33.8561,127.12,1.12,0.00
263,65,3,21,344.00,352.00,126.00,1,0.0000,0.0000,inf,125.00,1.00,0.00,3.4457,3.4464,29.2526,125.00,1.00,0.00,30.9811,30.9877,10.1762,126.05,0.05,1.05,2.2648,2.2653,32.8976,125.00,1.00,0.00,19.6415,19.6458,14.1346,125.00,1.00,0.00,1.9285,1.9289,34.2939,125.00,1.00,0.00,19.0103,19.0144,14.4184,126.05,0.05,1.05,2.3447,2.3452,32.5965,126.05,0.05,1.05,2.1318,2.1323,33.4230,125.00,1.00,0.00
264,66,0,21,352.00,360.00,126.00,1,0.0000,0.0000,inf,125.00,1.00,0.00,3.9569,3.9582,28.0501,125.00,1.00,0.00,34.1579,34.1687,9.3274,125.00,1.00,0.00,2.3516,2.3523,32.5701,125.00,1.00,0.00,20.3276,20.3341,13.8355,125.00,1.00,0.00,2.1004,2.1011,33.5512,125.00,1.00,0.00,20.7905,20.7971,13.6399,125.00,1.00,0.00,2.3562,2.3570,32.5529,125.00,1.00,0.00,1.9651,1.9657,34.1295,125.00,1.00,0.00
265,66,1,21,360.00,368.00,125.00,1,0.0000,0.0000,inf,125.00,0.00,0.00,3.7043,3.7120,28.6078,125.00,0.00,0.00,27.6641,27.7213,11.1437,125.00,0.00,0.00,2.4941,2.4992,32.0438,125.00,0.00,0.00,25.2552,25.3074,11.9350,125.00,0.00,0.00,2.1425,2.1469,33.3636,125.00,0.00,0.00,22.8965,22.9439,12.7866,125.00,0.00,0.00,2.7299,2.7355,31.2592,125.00,0.00,0.00,2.3083,2.3131,32.7161,125.00,0.00,0.00
266,66,2,21,368.00,376.00,124.00,1,0.0000,0.0000,inf,122.95,1.05,0.00,3.5973,3.5977,28.8795,122.95,1.05,0.00,30.8931,30.8965,10.2018,125.00,1.00,2.05,2.4124,2.4126,32.3502,125.00,1.00,2.05,23.5488,23.5514,12.5597,125.00,1.00,2.05,2.1829,2.1831,33.2185,122.95,1.05,0.00,25.2003,25.2031,11.9709,123.97,0.03,1.02,2.6830,2.6833,31.4266,122.95,1.05,0.00,2.4131,2.4134,32.3475,122.95,1.05,0.00
267,66,3,21,376.00,384.00,124.00,1,0.0000,0.0000,inf,125.00,1.00,0.00,3.2250,3.2351,29.8022,125.00,1.00,0.00,28.3708,28.4602,10.9153,125.00,1.00,0.00,1.8480,1.8538,34.6387,122.95,1.05,2.05,21.0161,21.0823,13.5216,125.00,1.00,0.00,1.5342,1.5391,36.2548,125.00,1.00,0.00,22.1937,22.2636,13.0481,125.00,1.00,0.00,1.9683,1.9745,34.0909,125.00,1.00,0.00,1.5947,1.5997,35.9194,122.95,1.05,2.05
268,67,0,21,384.00,392.00,124.00,1,0.0000,0.0000,inf,125.00,1.00,0.00,2.8607,2.8612,30.8690,125.00,1.00,0.00,29.6372,29.6428,10.5616,125.00,1.00,0.00,2.2235,2.2239,33.0575,125.00,1.00,0.00,20.3545,20.3583,13.8252,125.00,1.00,0.00,1.8777,1.8780,34.5260,125.00,1.00,0.00,20.7505,20.7544,13.6578,123.97,0.03,1.03,2.2196,2.2200,33.0729,125.00,1.00,0.00,1.9544,1.9547,34.1782,125.00,1.00,0.00
269,67,1,21,392.00,400.00,124.00,1,0.0000,0.0000,inf,125.00,1.00,0.00,2.8992,2.9170,30.7013,125.00,1.00,0.00,29.8202,30.0027,10.4568,125.00,1.00,0.00,2.0663,2.0790,33.6430,125.00,1.00,0.00,22.6947,22.8336,12.8285,125.00,1.00,0.00,1.8494,1.8607,34.6063,125.00,1.00,0.00,24.7134,24.8646,12.0884,125.00,1.00,0.00,1.9506,1.9625,34.1436,125.00,1.00,0.00,1.8985,1.9101,34.3790,125.00,1.00,0.00
270,67,2,21,400.00,408.00,125.00,1,0.0000,0.0000,inf,125.00,0.00,0.00,2.9693,2.9697,30.5456,125.00,0.00,0.00,27.8108,27.8148,11.1145,125.00,0.00,0.00,2.2523,2.2526,32.9462,125.00,0.00,0.00,24.1125,24.1160,12.3539,125.00,0.00,0.00,1.8172,1.8175,34.8107,125.00,0.00,0.00,26.7993,26.8032,11.4363,125.00,0.00,0.00,2.2083,2.2086,33.1176,125.00,0.00,0.00,1.8700,1.8703,34.5618,125.00,0.00,0.00
271,67,3,21,408.00,416.00,125.00,1,0.0000,0.0000,inf,126.05,1.05,0.00,3.0730,3.0731,30.2486,127.12,2.12,1.07,31.2442,31.2452,10.1043,127.12,2.12,1.07,2.2449,2.2450,32.9758,125.00,0.00,1.05,21.2882,21.2889,13.4369,125.00,0.00,1.05,1.8381,1.8381,34.7124,125.00,0.00,1.05,20.9880,20.9887,13.5603,125.00,0.00,1.05,2.2668,2.2669,32.8913,126.05,1.05,0.00,2.0563,2.0564,33.7379,127.12,2.12,1.07
272,68,0,21,416.00,424.00,126.00,1,0.0000,0.0000,inf,125.00,1.00,0.00,3.1753,3.1753,29.9643,126.05,0.05,1.05,31.1284,31.1287,10.1368,125.00,1.00,0.00,2.4260,2.4261,32.3020,125.00,1.00,0.00,21.7888,21.7890,13.2353,126.05,0.05,1.05,2.0664,2.0664,33.6957,125.00,1.00,0.00,21.7992,21.7994,13.2311,125.00,1.00,0.00,2.3737,2.3737,32.4916,125.00,1.00,0.00,2.1187,2.1187,33.4785,125.00,1.00,0.00
273,68,1,21,424.00,432.00,126.00,1,0.0000,0.0000,inf,127.12,1.12,0.00,3.6693,3.6693,28.7082,127.12,1.12,0.00,32.6555,32.6558,9.7208,127.12,1.12,0.00,2.3593,2.3594,32.5441,127.12,1.12,0.00,22.3503,22.3505,13.0143,125.00,1.00,2.12,2.3496,2.3496,32.5800,127.12,1.12,0.00,25.4483,25.4486,11.8867,125.00,1.00,2.12,2.5210,2.5210,31.9686,127.12,1.12,0.00,2.4282,2.4282,32.2943,127.12,1.12,0.00
274,68,2,21,432.00,440.00,127.00,1,0.0000,0.0000,inf,127.12,0.12,0.00,4.0505,4.0646,27.8197,127.12,0.12,0.00,33.1316,33.2463,9.5651,127.12,0.12,0.00,2.4052,2.4135,32.3469,127.12,0.12,0.00,21.5260,21.6005,13.3107,128.21,1.21,1.09,2.1215,2.1288,33.4371,127.12,0.12,0.00,24.5363,24.6212,12.1738,127.12,0.12,0.00,2.4377,2.4461,32.2304,127.12,0.12,0.00,2.1526,2.1601,33.3106,127.12,0.12,0.00
275,68,3,21,440.00,448.00,128.00,1,0.0000,0.0000,inf,127.12,0.88,0.00,2.9249,2.9495,30.6049,127.12,0.88,0.00,26.0181,26.2369,11.6218,127.12,0.88,0.00,1.9089,1.9249,34.3118,127.12,0.88,0.00,14.6029,14.7257,16.6385,125.00,3.00,2.12,1.9194,1.9356,34.2638,127.12,0.88,0.00,15.9829,16.1173,15.8542,127.12,0.88,0.00,2.1343,2.1522,33.3422,127.12,0.88,0.00,1.9825,1.9992,33.9828,127.12,0.88,0.00
276,69,0,21,448.00,456.00,127.50,1,0.0000,0.0000,inf,127.12,0.38,0.00,4.0010,4.0276,27.8990,127.12,0.38,0.00,32.7273,32.9450,9.6442,129.31,1.81,2.19,3.0954,3.1160,30.1280,127.12,0.38,0.00,22.0836,22.2305,13.0610,127.12,0.38,0.00,2.9548,2.9744,30.5319,127.12,0.38,0.00,24.0985,24.2588,12.3026,127.12,0.38,0.00,3.5585,3.5822,28.9171,127.12,0.38,0.00,3.0699,3.0904,30.1998,127.12,0.38,0.00
277,69,1,21,456.00,464.00,128.00,1,0.0000,0.0000,inf,127.12,0.88,0.00,2.7047,2.7066,31.3515,129.31,1.31,2.19,28.8555,28.8761,10.7892,129.31,1.31,2.19,2.9593,2.9614,30.5700,128.21,0.21,1.09,22.5176,22.5337,12.9433,128.21,0.21,1.09,3.0016,3.0037,30.4468,128.21,0.21,1.09,23.3671,23.3838,12.6217,129.31,1.31,2.19,3.3772,3.3796,29.4228,127.12,0.88,0.00,2.9118,2.9139,30.7105,128.21,0.21,1.09
278,69,2,21,464.00,472.00,129.00,1,0.0000,0.0000,inf,129.31,0.31,0.00,2.8765,2.8782,30.8176,129.31,0.31,0.00,29.3472,29.3644,10.6436,129.31,0.31,0.00,2.4956,2.4971,32.0513,129.31,0.31,0.00,22.6191,22.6323,12.9054,128.21,0.79,1.11,1.9912,1.9924,34.0124,128.21,0.79,1.11,21.7540,21.7668,13.2441,129.31,0.31,0.00,2.3680,2.3694,32.5072,129.31,0.31,0.00,2.1557,2.1569,33.3233,129.31,0.31,0.00
279,69,3,21,472.00,480.00,128.00,1,0.0000,0.0000,inf,127.12,0.88,0.00,2.7993,2.8012,31.0532,127.12,0.88,0.00,23.3743,23.3899,12.6194,127.12,0.88,0.00,2.8132,2.8150,31.0103,127.12,0.88,0.00,22.9905,23.0059,12.7632,128.21,0.21,1.09,2.4470,2.4487,32.2214,127.12,0.88,0.00,22.3972,22.4122,12.9903,127.12,0.88,0.00,2.7772,2.7790,31.1221,127.12,0.88,0.00,2.5576,2.5593,31.8377,127.12,0.88,0.00
280,70,0,22,32.00,40.00,80.50,1,0.0000,0.0000,inf,79.37,1.13,0.00,2.8805,2.8805,30.8107,79.79,0.71,0.42,14.0408,14.0409,17.0521,79.79,0.71,0.42,2.8205,2.8205,30.9934,79.79,0.71,0.42,16.3689,16.3690,15.7195,80.21,0.29,0.85,2.6870,2.6870,31.4147,79.79,0.71,0.42,15.9947,15.9948,15.9204,81.52,1.02,2.16,2.8446,2.8446,30.9195,79.79,0.71,0.42,2.7275,2.7275,31.2847,79.79,0.71,0.42
281,70,1,22,40.00,48.00,83.00,1,0.0000,0.0000,inf,89.29,6.29,0.00,4.6458,4.6461,26.6583,89.29,6.29,0.00,23.7406,23.7421,12.4896,88.24,5.24,1.05,2.4389,2.4391,32.2555,89.29,6.29,0.00,18.4118,18.4130,14.6975,88.76,5.76,0.53,2.4934,2.4936,32.0635,89.29,6.29,0.00,18.8393,18.8405,14.4982,89.29,6.29,0.00,2.6608,2.6610,31.4991,89.29,6.29,0.00,2.6148,2.6150,31.6506,89.29,6.29,0.00
282,70,2,22,48.00,56.00,89.00,1,0.0000,0.0000,inf,89.29,0.29,0.00,4.6978,4.6993,26.5593,88.76,0.24,0.53,18.3624,18.3684,14.7186,88.76,0.24,0.53,2.5937,2.5945,31.7188,89.29,0.29,0.00,13.7601,13.7645,17.2248,89.29,0.29,0.00,2.4974,2.4982,32.0475,88.24,0.76,1.05,12.3971,12.4011,18.1308,89.29,0.29,0.00,2.5776,2.5785,31.7728,88.76,0.24,0.53,2.5331,2.5339,31.9243,88.76,0.24,0.53
283,70,3,22,56.00,64.00,88.50,1,0.0000,0.0000,inf,87.21,1.29,0.00,4.0801,4.0818,27.7829,87.21,1.29,0.00,17.9717,17.9794,14.9045,87.21,1.29,0.00,2.5302,2.5313,31.9331,87.21,1.29,0.00,13.7057,13.7115,17.2583,87.21,1.29,0.00,2.3538,2.3548,32.5610,86.71,1.79,0.50,13.6079,13.6137,17.3205,87.21,1.29,0.00,2.5218,2.5228,31.9622,87.21,1.29,0.00,2.5019,2.5030,32.0309,87.21,1.29,0.00
284,71,0,22,64.00,72.00,87.00,1,0.0000,0.0000,inf,87.21,0.21,0.00,4.3063,4.3082,27.3141,87.21,0.21,0.00,19.2346,19.2428,14.3146,87.21,0.21,0.00,2.0744,2.0752,33.6586,86.21,0.79,1.00,14.2758,14.2819,16.9043,87.21,0.21,0.00,1.9406,1.9414,34.2376,86.21,0.79,1.00,13.7904,13.7963,17.2047,86.21,0.79,1.00,2.0713,2.0722,33.6712,87.21,0.21,0.00,1.9116,1.9124,34.3685,86.21,0.79,1.00
285,71,1,22,72.00,80.00,85.50,1,0.0000,0.0000,inf,83.33,2.17,0.00,2.8957,2.8989,30.7555,83.80,1.70,0.47,19.2917,19.3130,14.2830,83.33,2.17,0.00,2.0340,2.0363,33.8233,83.80,1.70,0.47,13.3622,13.3770,17.4728,83.33,2.17,0.00,1.9458,1.9479,34.2085,83.80,1.70,0.47,13.5106,13.5255,17.3769,83.33,2.17,0.00,1.9908,1.9930,34.0099,83.33,2.17,0.00,1.9836,1.9858,34.0414,83.80,1.70,0.47
286,71,2,22,80.00,88.00,84.00,1,0.0000,0.0000,inf,85.23,1.23,0.00,2.4618,2.4619,32.1745,85.23,1.23,0.00,18.7451,18.7460,14.5418,85.23,1.23,0.00,2.3482,2.3483,32.5850,85.23,1.23,0.00,15.0988,15.0996,16.4207,84.75,0.75,0.48,2.3923,2.3925,32.4231,85.23,1.23,0.00,15.3160,15.3167,16.2967,84.75,0.75,0.48,2.4656,2.4657,32.1611,85.23,1.23,0.00,2.5361,2.5362,31.9164,85.23,1.23,0.00
287,71,3,22,88.00,96.00,83.50,1,0.0000,0.0000,inf,81.97,1.53,0.00,2.9918,2.9919,30.4810,82.42,1.08,0.45,18.2319,18.2330,14.7829,81.97,1.53,0.00,2.5622,2.5623,31.8274,82.42,1.08,0.45,12.9205,12.9212,17.7739,82.42,1.08,0.45,2.4099,2.4101,32.3595,82.42,1.08,0.45,12.8313,12.8321,17.8341,82.42,1.08,0.45,2.4252,2.4254,32.3045,82.42,1.08,0.45,2.4504,2.4505,32.2147,82.42,1.08,0.45
288,72,0,22,96.00,104.00,83.00,1,0.0000,0.0000,inf,82.42,0.58,0.00,2.6438,2.6442,31.5542,83.33,0.33,0.92,17.9663,17.9692,14.9094,82.87,0.13,0.46,2.1607,2.1611,33.3066,83.33,0.33,0.92,12.9564,12.9586,17.7489,82.42,0.58,0.00,2.1100,2.1103,33.5131,83.33,0.33,0.92,12.5939,12.5960,17.9954,82.42,0.58,0.00,2.2048,2.2051,33.1313,83.33,0.33,0.92,2.0792,2.0796,33.6406,82.42,0.58,0.00
289,72,1,22,104.00,112.00,83.00,1,0.0000,0.0000,inf,81.52,1.48,0.00,2.4298,2.4298,32.2886,81.08,1.92,0.44,17.7716,17.7717,15.0054,81.52,1.48,0.00,2.1942,2.1942,33.1745,81.52,1.48,0.00,12.6493,12.6494,17.9586,81.08,1.92,0.44,2.1350,2.1350,33.4122,81.52,1.48,0.00,12.1809,12.1809,18.2864,81.52,1.48,0.00,2.2537,2.2537,32.9421,81.52,1.48,0.00,2.1478,2.1478,33.3601,81.52,1.48,0.00
290,72,2,22,112.00,120.00,81.00,1,0.0000,0.0000,inf,81.52,0.52,0.00,2.4203,2.4206,32.3215,81.52,0.52,0.00,19.3634,19.3659,14.2593,81.52,0.52,0.00,2.1215,2.1218,33.4660,81.52,0.52,0.00,13.1251,13.1267,17.6369,81.52,0.52,0.00,2.0798,2.0800,33.6386,81.52,0.52,0.00,13.4635,13.4652,17.4157,81.52,0.52,0.00,2.3208,2.3211,32.6860,81.52,0.52,0.00,2.0722,2.0725,33.6703,81.52,0.52,0.00
291,72,3,22,120.00,128.00,81.00,1,0.0000,0.0000,inf,78.95,2.05,0.00,2.6743,2.6771,31.4468,78.95,2.05,0.00,17.6251,17.6433,15.0684,78.95,2.05,0.00,2.4086,2.4111,32.3557,78.95,2.05,0.00,12.6045,12.6176,17.9805,78.95,2.05,0.00,2.1568,2.1590,33.3149,78.95,2.05,0.00,12.9791,12.9926,17.7261,78.12,2.88,0.82,2.3796,2.3821,32.4608,78.95,2.05,0.00,2.2081,2.2103,33.1108,78.95,2.05,0.00
292,73,0,22,128.00,136.00,79.00,1,0.0000,0.0000,inf,80.65,1.65,0.00,2.3868,2.3919,32.4253,80.65,1.65,0.00,18.5240,18.5636,14.6267,80.65,1.65,0.00,2.0780,2.0825,33.6284,80.21,1.21,0.43,13.7510,13.7804,17.2148,80.21,1.21,0.43,1.9621,1.9663,34.1272,80.21,1.21,0.43,14.0988,14.1289,16.9978,80.21,1.21,0.43,2.0877,2.0922,33.5880,80.65,1.65,0.00,1.9690,1.9732,34.0965,80.65,1.65,0.00
293,73,1,22,136.00,144.00,81.00,1,0.0000,0.0000,inf,79.79,1.21,0.00,3.5149,3.5159,29.0793,79.79,1.21,0.00,20.0558,20.0615,13.9527,79.79,1.21,0.00,2.6842,2.6849,31.4213,80.21,0.79,0.43,13.4360,13.4399,17.4321,80.65,0.35,0.86,2.5919,2.5927,31.7251,80.21,0.79,0.43,13.3233,13.3271,17.5053,80.65,0.35,0.86,2.5685,2.5692,31.8040,79.79,1.21,0.00,2.5900,2.5908,31.7315,79.79,1.21,0.00
294,73,2,22,144.00,152.00,79.00,1,0.0000,0.0000,inf,76.53,2.47,0.00,2.7624,2.7638,31.1700,76.53,2.47,0.00,18.6323,18.6415,14.5904,77.32,1.68,0.79,2.0313,2.0323,33.8401,77.32,1.68,0.79,11.8242,11.8300,18.5403,77.32,1.68,0.79,1.9709,1.9719,34.1024,77.32,1.68,0.79,11.5762,11.5819,18.7244,77.32,1.68,0.79,2.0904,2.0915,33.5909,76.53,2.47,0.00,1.9854,1.9864,34.0386,76.53,2.47,0.00
295,73,3,22,152.00,160.00,77.00,1,0.0000,0.0000,inf,76.53,0.47,0.00,2.8385,2.8389,30.9369,76.53,0.47,0.00,18.2063,18.2092,14.7942,77.32,0.32,0.79,2.0542,2.0545,33.7457,77.32,0.32,0.79,10.7716,10.7733,19.3530,78.12,1.12,1.59,1.8009,1.8012,34.8888,77.32,0.32,0.79,10.5130,10.5147,19.5641,76.53,0.47,0.00,1.9002,1.9005,34.4224,76.53,0.47,0.00,1.9894,1.9897,34.0241,76.53,0.47,0.00
296,74,0,22,160.00,168.00,78.00,1,0.0000,0.0000,inf,79.79,1.79,0.00,3.1254,3.1257,30.1012,79.79,1.79,0.00,19.7858,19.7876,14.0722,79.79,1.79,0.00,2.6414,2.6416,31.5625,79.37,1.37,0.42,13.6797,13.6809,17.2777,79.79,1.79,0.00,2.4600,2.4602,32.1806,79.37,1.37,0.42,14.1868,14.1881,16.9615,78.95,0.95,0.84,2.6034,2.6036,31.6885,79.37,1.37,0.42,2.5438,2.5440,31.8897,79.37,1.37,0.42
297,74,1,22,168.00,176.00,79.50,1,0.0000,0.0000,inf,80.21,0.71,0.00,3.1765,3.1776,29.9580,80.65,1.15,0.43,20.4435,20.4506,13.7859,80.65,1.15,0.43,2.5831,2.5840,31.7543,80.65,1.15,0.43,13.6904,13.6951,17.2687,80.65,1.15,0.43,2.6107,2.6116,31.6620,80.65,1.15,0.43,13.9435,13.9483,17.1096,80.21,0.71,0.00,2.7784,2.7794,31.1211,80.65,1.15,0.43,2.5491,2.5500,31.8693,80.65,1.15,0.43
298,74,2,22,176.00,184.00,80.00,1,0.0000,0.0000,inf,77.32,2.68,0.00,2.7040,2.7044,31.3585,77.32,2.68,0.00,19.1846,19.1878,14.3395,77.32,2.68,0.00,2.0924,2.0927,33.5857,77.32,2.68,0.00,12.9788,12.9810,17.7338,78.12,1.88,0.81,2.1409,2.1412,33.3867,77.32,2.68,0.00,13.1124,13.1146,17.6449,77.32,2.68,0.00,2.2749,2.2753,32.8594,78.12,1.88,0.81,2.0745,2.0748,33.6603,78.12,1.88,0.81
299,74,3,22,184.00,192.00,78.00,1,0.0000,0.0000,inf,79.79,1.79,0.00,2.6068,2.6074,31.6757,80.21,2.21,0.43,19.3210,19.3260,14.2771,79.79,1.79,0.00,1.9958,1.9964,33.9952,80.65,2.65,0.86,13.5216,13.5252,17.3772,79.37,1.37,0.42,1.9198,1.9203,34.3325,79.79,1.79,0.00,13.5481,13.5516,17.3602,79.79,1.79,0.00,2.2329,2.2335,33.0203,80.21,2.21,0.43,1.9682,1.9687,34.1163,80.21,2.21,0.43
300,75,0,22,192.00,200.00,80.00,1,0.0000,0.0000,inf,78.95,1.05,0.00,2.6650,2.6656,31.4842,79.79,0.21,0.84,18.9289,18.9326,14.4558,79.79,0.21,0.84,1.9299,1.9303,34.2877,79.79,0.21,0.84,13.6669,13.6696,17.2849,79.79,0.21,0.84,1.8810,1.8814,34.5104,79.79,0.21,0.84,13.4343,13.4369,17.4340,79.79,0.21,0.84,2.1641,2.1646,33.2926,79.79,0.21,0.84,1.9031,1.9034,34.4092,78.95,1.05,0.00
301,75,1,22,200.00,208.00,80.00,1,0.0000,0.0000,inf,81.97,1.97,0.00,3.1122,3.1133,30.1356,81.08,1.08,0.89,19.0167,19.0233,14.4143,81.97,1.97,0.00,2.4832,2.4840,32.0968,81.52,1.52,0.45,14.3524,14.3574,16.8585,81.52,1.52,0.45,2.4270,2.4278,32.2957,81.52,1.52,0.45,14.3825,14.3875,16.8403,81.08,1.08,0.89,2.4967,2.4976,32.0497,81.52,1.52,0.45,2.4098,2.4106,32.3574,81.08,1.08,0.89
302,75,2,22,208.00,216.00,82.00,1,0.0000,0.0000,inf,81.52,0.48,0.00,2.9554,2.9683,30.5498,81.52,0.48,0.00,20.1839,20.2724,13.8619,81.08,0.92,0.44,2.0251,2.0340,33.8331,81.52,0.48,0.00,14.2456,14.3081,16.8884,81.52,0.48,0.00,1.9018,1.9101,34.3787,81.52,0.48,0.00,14.0327,14.0943,17.0191,81.52,0.48,0.00,1.9737,1.9823,34.0565,81.52,0.48,0.00,1.9429,1.9514,34.1931,81.52,0.48,0.00
303,75,3,22,216.00,224.00,82.00,1,0.0000,0.0000,inf,84.27,2.27,0.00,2.5370,2.5445,31.8879,83.33,1.33,0.94,19.4225,19.4802,14.2081,83.80,1.80,0.47,1.9312,1.9369,34.2577,84.27,2.27,0.00,13.9852,14.0267,17.0609,83.33,1.33,0.94,1.8548,1.8603,34.6084,83.80,1.80,0.47,14.1131,14.1550,16.9818,83.33,1.33,0.94,2.0313,2.0373,33.8187,84.27,2.27,0.00,1.8691,1.8747,34.5416,83.33,1.33,0.94
304,76,0,22,224.00,232.00,84.00,1,0.0000,0.0000,inf,83.33,0.67,0.00,2.5662,2.5663,31.8138,82.87,1.13,0.46,18.3207,18.3215,14.7408,83.33,0.67,0.00,1.9170,1.9170,34.3474,82.87,1.13,0.46,14.4069,14.4076,16.8282,82.42,1.58,0.92,1.8114,1.8115,34.8392,83.33,0.67,0.00,13.7397,13.7403,17.2401,82.87,1.13,0.46,1.9044,1.9045,34.4043,83.33,0.67,0.00,1.8727,1.8727,34.5505,82.42,1.58,0.92
305,76,1,22,232.00,240.00,81.00,1,0.0000,0.0000,inf,79.37,1.63,0.00,2.8624,2.8633,30.8627,79.37,1.63,0.00,18.9076,18.9131,14.4647,79.79,1.21,0.42,2.2121,2.2128,33.1013,79.37,1.63,0.00,13.7345,13.7386,17.2412,79.79,1.21,0.42,2.1377,2.1383,33.3987,79.79,1.21,0.42,13.5644,13.5684,17.3495,78.95,2.05,0.42,2.2955,2.2962,32.7798,79.79,1.21,0.42,2.1527,2.1533,33.3379,79.79,1.21,0.42
306,76,2,22,240.00,248.00,80.00,1,0.0000,0.0000,inf,81.52,1.52,0.00,2.8562,2.8579,30.8791,82.42,2.42,0.90,20.2029,20.2150,13.8865,82.42,2.42,0.90,2.0925,2.0938,33.5813,81.52,1.52,0.00,13.9711,13.9796,17.0901,82.42,2.42,0.90,2.1523,2.1536,33.3368,81.52,1.52,0.00,13.2760,13.2840,17.5334,81.52,1.52,0.00,2.4055,2.4069,32.3708,81.52,1.52,0.00,2.0990,2.1002,33.5546,81.52,1.52,0.00
307,76,3,22,248.00,256.00,82.00,1,0.0000,0.0000,inf,80.65,1.35,0.00,3.4911,3.4912,29.1406,80.65,1.35,0.00,21.4294,21.4295,13.3798,80.65,1.35,0.00,2.0424,2.0424,33.7973,79.79,2.21,0.86,14.1451,14.1452,16.9878,80.65,1.35,0.00,1.9530,1.9530,34.1858,80.65,1.35,0.00,13.8910,13.8910,17.1453,80.65,1.35,0.00,1.9319,1.9319,34.2801,80.65,1.35,0.00,1.9652,1.9652,34.1319,80.65,1.35,0.00
308,77,0,22,256.00,264.00,81.00,1,0.0000,0.0000,inf,84.75,3.75,0.00,2.9133,2.9136,30.7115,83.80,2.80,0.95,19.6473,19.6487,14.1333,84.27,3.27,0.48,2.1792,2.1793,33.2336,84.27,3.27,0.48,13.2630,13.2640,17.5465,84.27,3.27,0.48,2.4355,2.4357,32.2677,84.27,3.27,0.48,14.0307,14.0318,17.0577,83.33,2.33,1.41,2.6749,2.6751,31.4533,84.27,3.27,0.48,2.3668,2.3670,32.5160,84.27,3.27,0.48
309,77,1,22,264.00,272.00,83.00,1,0.0000,0.0000,inf,78.95,4.05,0.00,2.8273,2.8273,30.9726,78.95,4.05,0.00,17.5175,17.5177,15.1305,78.95,4.05,0.00,2.6544,2.6545,31.5205,78.95,4.05,0.00,12.8347,12.8348,17.8322,78.95,4.05,0.00,2.5690,2.5691,31.8045,79.79,3.21,0.84,12.2981,12.2982,18.2032,78.95,4.05,0.00,2.8224,2.8224,30.9876,79.79,3.21,0.84,2.6629,2.6629,31.4928,78.95,4.05,0.00
310,77,2,22,272.00,280.00,79.00,1,0.0000,0.0000,inf,79.79,0.79,0.00,2.8465,2.8465,30.9139,79.79,0.79,0.00,18.6719,18.6720,14.5762,79.37,0.37,0.42,2.2618,2.2618,32.9108,78.95,0.05,0.84,13.0304,13.0305,17.7008,79.37,0.37,0.42,2.0440,2.0440,33.7905,79.37,0.37,0.42,12.8594,12.8594,17.8156,79.37,0.37,0.42,2.1296,2.1296,33.4341,79.79,0.79,0.00,2.1340,2.1340,33.4160,79.37,0.37,0.42
311,77,3,22,280.00,288.00,81.00,1,0.0000,0.0000,inf,81.08,0.08,0.00,3.1261,3.1334,30.0797,80.65,0.35,0.44,20.6494,20.6974,13.6817,81.52,0.52,0.44,2.1440,2.1489,33.3555,80.65,0.35,0.44,13.7994,13.8315,17.1826,81.52,0.52,0.44,2.1116,2.1166,33.4874,80.65,0.35,0.44,13.7988,13.8309,17.1830,81.52,0.52,0.44,2.3732,2.3787,32.4731,80.65,0.35,0.44,2.0940,2.0989,33.5602,80.65,0.35,0.44
312,78,0,22,288.00,296.00,80.00,1,0.0000,0.0000,inf,78.95,1.05,0.00,2.8580,2.8602,30.8722,78.95,1.05,0.00,20.0591,20.0744,13.9472,79.79,0.21,0.84,2.3051,2.3069,32.7395,78.12,1.88,0.82,14.1653,14.1762,16.9688,78.12,1.88,0.82,2.2824,2.2841,32.8256,78.95,1.05,0.00,14.2080,14.2188,16.9427,78.95,1.05,0.00,2.5937,2.5957,31.7150,78.95,1.05,0.00,2.4360,2.4378,32.2600,78.95,1.05,0.00
313,78,1,22,296.00,304.00,80.50,1,0.0000,0.0000,inf,86.21,5.71,0.00,3.5494,3.5501,28.9951,86.21,5.71,0.00,20.7359,20.7400,13.6638,86.21,5.71,0.00,2.8500,2.8506,30.9012,85.23,4.73,0.98,15.1953,15.1983,16.3641,85.23,4.73,0.98,2.8472,2.8478,30.9099,86.21,5.71,0.00,14.4980,14.5009,16.7721,85.23,4.73,0.98,3.0009,3.0015,30.4531,86.21,5.71,0.00,2.9749,2.9755,30.5287,86.21,5.71,0.00
314,78,2,22,304.00,312.00,85.00,1,0.0000,0.0000,inf,82.42,2.58,0.00,2.8402,2.8405,30.9321,82.42,2.58,0.00,19.9928,19.9945,13.9818,82.42,2.58,0.00,2.3035,2.3037,32.7515,82.42,2.58,0.00,13.6058,13.6070,17.3248,82.42,2.58,0.00,2.2710,2.2712,32.8748,82.42,2.58,0.00,12.7881,12.7893,17.8631,82.42,2.58,0.00,2.5086,2.5088,32.0107,82.42,2.58,0.00,2.3902,2.3904,32.4305,82.42,2.58,0.00
315,78,3,22,312.00,320.00,82.50,1,0.0000,0.0000,inf,80.65,1.85,0.00,3.1789,3.1796,29.9524,80.65,1.85,0.00,21.1840,21.1887,13.4779,80.65,1.85,0.00,2.1865,2.1870,33.2032,80.65,1.85,0.00,13.6319,13.6349,17.3069,81.52,0.98,0.88,2.2165,2.2170,33.0846,80.65,1.85,0.00,13.4912,13.4942,17.3971,81.52,0.98,0.88,2.4920,2.4925,32.0672,80.65,1.85,0.00,2.2417,2.2422,32.9866,80.65,1.85,0.00
316,79,0,22,320.00,328.00,81.00,1,0.0000,0.0000,inf,81.52,0.52,0.00,2.8192,2.8276,30.9715,81.52,0.52,0.00,18.7313,18.7876,14.5226,82.42,1.42,0.90,2.0102,2.0163,33.9090,82.42,1.42,0.90,14.2814,14.3243,16.8785,81.52,0.52,0.00,1.8096,1.8150,34.8224,81.52,0.52,0.00,14.0470,14.0892,17.0223,81.52,0.52,0.00,1.9624,1.9683,34.1183,81.52,0.52,0.00,1.7777,1.7830,34.9770,81.52,0.52,0.00
317,79,1,22,328.00,336.00,81.00,1,0.0000,0.0000,inf,81.08,0.08,0.00,3.5012,3.5052,29.1057,80.65,0.35,0.44,17.9895,18.0100,14.8897,81.52,0.52,0.44,2.3149,2.3176,32.6993,80.65,0.35,0.44,13.4642,13.4795,17.4065,80.65,0.35,0.44,2.1927,2.1952,33.1706,81.08,0.08,0.00,13.6426,13.6581,17.2922,81.08,0.08,0.00,2.3729,2.3756,32.4845,81.52,0.52,0.44,2.2029,2.2054,33.1304,81.08,0.08,0.00
318,79,2,22,336.00,344.00,82.00,1,0.0000,0.0000,inf,82.42,0.42,0.00,3.2164,3.2165,29.8525,81.97,0.03,0.45,19.1359,19.1363,14.3628,82.42,0.42,0.00,2.4074,2.4074,32.3690,81.97,0.03,0.45,15.3556,15.3559,16.2745,81.97,0.03,0.45,2.3872,2.3872,32.4421,81.97,0.03,0.45,14.9023,14.9026,16.5348,81.97,0.03,0.45,2.4289,2.4290,32.2916,81.97,0.03,0.45,2.4777,2.4777,32.1190,81.97,0.03,0.45
319,79,3,22,344.00,352.00,81.50,1,0.0000,0.0000,inf,79.79,1.71,0.00,2.6931,2.6932,31.3945,79.79,1.71,0.00,17.4603,17.4609,15.1586,79.79,1.71,0.00,2.1191,2.1192,33.4766,79.37,2.13,0.42,11.6242,11.6246,18.6924,79.79,1.71,0.00,2.0468,2.0469,33.7781,79.37,2.13,0.42,11.4812,11.4817,18.7999,79.37,2.13,0.42,2.1194,2.1194,33.4756,79.37,2.13,0.42,2.0533,2.0534,33.7507,79.37,2.13,0.42
320,80,0,22,352.00,360.00,80.50,1,0.0000,0.0000,inf,84.27,3.77,0.00,3.1550,3.1551,30.0198,84.27,3.77,0.00,21.5387,21.5395,13.3353,84.27,3.77,0.00,2.7668,2.7669,31.1602,84.27,3.77,0.00,14.3959,14.3964,16.8349,84.27,3.77,0.00,2.6695,2.6696,31.4711,84.27,3.77,0.00,14.5492,14.5497,16.7429,83.33,2.83,0.94,2.7438,2.7439,31.2325,84.27,3.77,0.00,2.7855,2.7856,31.1016,84.75,4.25,0.48
321,80,1,22,360.00,368.00,83.50,1,0.0000,0.0000,inf,80.65,2.85,0.00,2.9465,2.9495,30.6051,79.79,3.71,0.86,18.0182,18.0365,14.8769,80.65,2.85,0.00,2.0774,2.0796,33.6406,80.65,2.85,0.00,13.0166,13.0299,17.7012,80.21,3.29,0.43,1.9627,1.9647,34.1341,80.65,2.85,0.00,13.1148,13.1282,17.6359,80.65,2.85,0.00,2.0816,2.0837,33.6233,80.65,2.85,0.00,2.0695,2.0716,33.6739,80.21,3.29,0.43
322,80,2,22,368.00,376.00,81.00,1,0.0000,0.0000,inf,82.42,1.42,0.00,2.6113,2.6120,31.6604,82.42,1.42,0.00,20.8696,20.8752,13.6074,82.42,1.42,0.00,2.3170,2.3177,32.6990,82.87,1.87,0.46,14.3767,14.3806,16.8445,82.42,1.42,0.00,2.4659,2.4666,32.1581,82.87,1.87,0.46,13.4338,13.4375,17.4337,83.33,2.33,0.92,2.7723,2.7731,31.1408,82.87,1.87,0.46,2.3802,2.3809,32.4652,82.42,1.42,0.00
323,80,3,22,376.00,384.00,82.00,1,0.0000,0.0000,inf,80.65,1.35,0.00,3.8466,3.8482,28.2947,80.65,1.35,0.00,19.2741,19.2821,14.2969,80.65,1.35,0.00,2.3117,2.3127,32.7177,80.65,1.35,0.00,12.9376,12.9430,17.7593,79.79,2.21,0.86,2.1471,2.1480,33.3592,80.65,1.35,0.00,12.8809,12.8862,17.7975,79.79,2.21,0.86,2.1815,2.1824,33.2213,80.65,1.35,0.00,2.1883,2.1892,33.1944,80.65,1.35,0.00
324,81,0,22,384.00,392.00,80.00,1,0.0000,0.0000,inf,80.65,0.65,0.00,3.4443,3.4446,29.2573,80.65,0.65,0.00,18.7123,18.7139,14.5567,80.65,0.65,0.00,2.2311,2.2313,33.0288,80.65,0.65,0.00,13.6118,13.6130,17.3209,80.65,0.65,0.00,2.1091,2.1093,33.5173,79.79,0.21,0.86,13.7827,13.7839,17.2126,80.21,0.21,0.43,2.2974,2.2976,32.7746,80.21,0.21,0.43,2.1652,2.1654,33.2894,80.21,0.21,0.43
325,81,1,22,392.00,400.00,81.00,1,0.0000,0.0000,inf,78.95,2.05,0.00,2.7430,2.7434,31.2341,78.95,2.05,0.00,19.1220,19.1250,14.3680,79.37,1.63,0.42,2.0781,2.0784,33.6453,79.37,1.63,0.42,13.1801,13.1822,17.6003,79.37,1.63,0.42,1.9032,1.9035,34.4089,79.37,1.63,0.42,12.9411,12.9431,17.7592,79.79,1.21,0.84,2.0181,2.0184,33.8997,79.37,1.63,0.42,2.0379,2.0382,33.8149,79.37,1.63,0.42
326,81,2,22,400.00,408.00,79.50,1,0.0000,0.0000,inf,80.65,1.15,0.00,2.9247,2.9260,30.6744,79.79,0.29,0.86,19.7108,19.7196,14.1020,79.79,0.29,0.86,2.1614,2.1624,33.3013,79.79,0.29,0.86,12.3327,12.3383,18.1749,80.65,1.15,0.00,2.1128,2.1138,33.4989,79.79,0.29,0.86,12.6600,12.6657,17.9474,79.79,0.29,0.86,2.2066,2.2075,33.1218,79.79,0.29,0.86,2.1697,2.1707,33.2681,79.79,0.29,0.86
327,81,3,22,408.00,416.00,81.00,1,0.0000,0.0000,inf,80.65,0.35,0.00,3.1659,3.1664,29.9886,80.65,0.35,0.00,20.3622,20.3657,13.8220,80.65,0.35,0.00,2.3688,2.3692,32.5080,80.65,0.35,0.00,16.5203,16.5231,15.6382,81.08,0.08,0.44,2.4331,2.4335,32.2755,79.79,1.21,0.86,16.5779,16.5807,15.6080,81.08,0.08,0.44,2.5465,2.5469,31.8798,79.79,1.21,0.86,2.4494,2.4498,32.2173,79.79,1.21,0.86
328,82,0,22,416.00,424.00,81.00,1,0.0000,0.0000,inf,93.75,12.75,0.00,3.5467,3.5625,28.9649,94.94,13.94,1.19,19.7580,19.8461,14.0465,92.59,11.59,1.16,2.6337,2.6454,31.5501,94.94,13.94,1.19,15.2610,15.3291,16.2897,96.15,15.15,2.40,2.5474,2.5588,31.8393,94.94,13.94,1.19,14.9316,14.9982,16.4792,97.40,16.40,3.65,2.6456,2.6574,31.5107,94.94,13.94,1.19,2.5300,2.5412,31.8991,94.94,13.94,1.19
329,82,1,22,424.00,432.00,92.00,1,0.0000,0.0000,inf,80.65,11.35,0.00,3.5910,3.6292,28.8039,80.65,11.35,0.00,20.9429,21.1655,13.4874,80.65,11.35,0.00,2.6495,2.6777,31.4449,80.65,11.35,0.00,15.1119,15.2725,16.3218,80.21,11.79,0.43,2.6228,2.6507,31.5329,80.21,11.79,0.43,15.4967,15.6614,16.1034,80.21,11.79,0.43,2.9205,2.9515,30.5990,80.21,11.79,0.43,2.5619,2.5891,31.7370,80.65,11.35,0.00
330,82,2,22,432.00,440.00,80.00,1,0.0000,0.0000,inf,79.79,0.21,0.00,2.6960,2.6989,31.3763,79.79,0.21,0.00,19.6415,19.6625,14.1272,79.79,0.21,0.00,1.8934,1.8954,34.4458,79.79,0.21,0.00,12.8903,12.9041,17.7854,78.95,1.05,0.84,1.8911,1.8931,34.4565,79.79,0.21,0.00,12.9661,12.9800,17.7345,79.37,0.63,0.42,2.1313,2.1336,33.4176,79.79,0.21,0.00,1.8872,1.8892,34.4743,79.79,0.21,0.00
331,82,3,22,440.00,448.00,80.00,1,0.0000,0.0000,inf,83.33,3.33,0.00,3.2119,3.2138,29.8597,82.87,2.87,0.46,19.1580,19.1692,14.3479,81.52,1.52,1.81,2.3680,2.3693,32.5075,82.87,2.87,0.46,14.3654,14.3738,16.8486,83.33,3.33,0.00,2.2757,2.2771,32.8525,83.33,3.33,0.00,13.5917,13.5997,17.3294,82.42,2.42,0.92,2.6377,2.6392,31.5704,83.33,3.33,0.00,2.1789,2.1801,33.2303,83.33,3.33,0.00
332,83,0,22,448.00,456.00,84.00,1,0.0000,0.0000,inf,81.97,2.03,0.00,2.6615,2.6663,31.4817,81.97,2.03,0.00,19.5007,19.5361,14.1833,82.42,1.58,0.45,2.2956,2.2997,32.7664,81.97,2.03,0.00,13.7486,13.7735,17.2191,82.87,1.13,0.91,2.1787,2.1826,33.2204,81.97,2.03,0.00,13.9561,13.9814,17.0890,82.42,1.58,0.45,2.3712,2.3755,32.4851,81.97,2.03,0.00,2.3132,2.3174,32.7000,81.97,2.03,0.00
333,83,1,22,456.00,464.00,81.00,1,0.0000,0.0000,inf,79.79,1.21,0.00,2.9440,2.9494,30.6053,79.79,1.21,0.00,18.5206,18.5549,14.6308,79.79,1.21,0.00,1.9476,1.9512,34.1941,79.79,1.21,0.00,12.1876,12.2102,18.2656,78.95,2.05,0.84,1.7813,1.7846,34.9690,79.79,1.21,0.00,11.9287,11.9508,18.4521,79.79,1.21,0.00,1.9053,1.9089,34.3846,79.79,1.21,0.00,1.8421,1.8455,34.6776,78.95,2.05,0.84
334,83,2,22,464.00,472.00,80.00,1,0.0000,0.0000,inf,79.37,0.63,0.00,3.3283,3.3338,29.5413,78.95,1.05,0.42,19.6234,19.6556,14.1303,78.95,1.05,0.42,2.3745,2.3784,32.4745,78.53,1.47,0.83,13.1871,13.2087,17.5828,78.53,1.47,0.83,2.3482,2.3520,32.5712,78.95,1.05,0.42,13.7837,13.8063,17.1985,78.95,1.05,0.42,2.3992,2.4032,32.3844,78.95,1.05,0.42,2.3475,2.3514,32.5735,79.37,0.63,0.00
335,83,3,22,472.00,480.00,79.00,1,0.0000,0.0000,inf,82.87,3.87,0.00,2.8421,2.8424,30.9262,82.42,3.42,0.46,20.1825,20.1849,13.8995,82.87,3.87,0.00,2.0741,2.0743,33.6626,82.87,3.87,0.00,14.0965,14.0982,17.0168,82.42,3.42,0.46,1.9407,1.9409,34.2399,82.87,3.87,0.00,14.4649,14.4666,16.7927,82.87,3.87,0.00,2.0795,2.0797,33.6398,83.33,4.33,0.46,1.9320,1.9323,34.2786,82.87,3.87,0.00
336,84,0,23,32.00,40.00,67.00,1,0.0000,0.0000,inf,64.10,2.90,0.00,2.4630,2.4809,32.1077,64.10,2.90,0.00,14.3618,14.4662,16.7929,64.10,2.90,0.00,2.6633,2.6827,31.4286,64.66,2.34,0.55,14.1044,14.2069,16.9500,65.79,1.21,1.69,2.3483,2.3654,32.5221,64.10,2.90,0.00,13.2478,13.3441,17.4942,64.94,2.06,0.83,2.6866,2.7061,31.3531,64.10,2.90,0.00,2.2997,2.3164,32.7036,64.10,2.90,0.00
337,84,1,23,40.00,48.00,64.50,1,0.0000,0.0000,inf,63.03,1.47,0.00,2.1302,2.1471,33.3630,63.03,1.47,0.00,15.9922,16.1189,15.8533,63.03,1.47,0.00,1.5032,1.5151,36.3914,63.03,1.47,0.00,12.9358,13.0382,17.6956,63.03,1.47,0.00,1.2040,1.2135,38.3190,63.03,1.47,0.00,14.0324,14.1435,16.9889,63.29,1.21,0.27,1.5124,1.5244,36.3380,63.03,1.47,0.00,1.2263,1.2360,38.1597,63.03,1.47,0.00
338,84,2,23,48.00,56.00,63.00,1,0.0000,0.0000,inf,62.50,0.50,0.00,1.9240,1.9243,34.3146,62.50,0.50,0.00,16.9437,16.9459,15.4187,62.50,0.50,0.00,1.5413,1.5415,36.2414,61.98,1.02,0.52,13.3437,13.3453,17.4934,62.50,0.50,0.00,1.0560,1.0561,39.5256,61.98,1.02,0.52,14.8073,14.8091,16.5894,61.98,1.02,0.52,1.4102,1.4104,37.0133,62.50,0.50,0.00,1.1882,1.1883,38.5013,62.50,0.50,0.00
339,84,3,23,56.00,64.00,68.00,1,0.0000,0.0000,inf,61.48,6.52,0.00,2.2495,2.2505,32.9545,61.48,6.52,0.00,17.9730,17.9811,14.9037,61.98,6.02,0.51,1.1814,1.1819,38.5484,61.48,6.52,0.00,14.6166,14.6232,16.6992,75.00,7.00,13.52,0.9795,0.9799,40.1760,61.48,6.52,0.00,13.4254,13.4315,17.4375,61.48,6.52,0.00,1.3135,1.3141,37.6273,61.48,6.52,0.00,1.0322,1.0327,39.7209,61.48,6.52,0.00
340,85,0,23,64.00,72.00,70.00,1,0.0000,0.0000,inf,61.98,8.02,0.00,5.0591,5.0728,25.8951,61.98,8.02,0.00,18.3156,18.3652,14.7201,61.98,8.02,0.00,3.5576,3.5672,28.9534,61.98,8.02,0.00,15.8761,15.9191,15.9616,62.24,7.76,0.26,3.4699,3.4793,29.1701,61.98,8.02,0.00,16.7038,16.7490,15.5202,78.12,8.12,16.14,3.3167,3.3256,29.5625,61.98,8.02,0.00,3.3819,3.3911,29.3932,61.98,8.02,0.00
341,85,1,23,72.00,80.00,67.00,1,0.0000,0.0000,inf,60.98,6.02,0.00,4.3841,4.3944,27.1419,61.48,5.52,0.50,17.1459,17.1863,15.2963,61.48,5.52,0.50,3.7792,3.7881,28.4315,60.98,6.02,0.00,16.6480,16.6873,15.5523,63.56,3.44,2.58,3.7469,3.7558,28.5060,61.22,5.78,0.25,16.2637,16.3021,15.7551,60.98,6.02,0.00,3.8829,3.8921,28.1963,61.48,5.52,0.50,3.5178,3.5261,29.0541,61.22,5.78,0.25
342,85,2,23,80.00,88.00,62.00,1,0.0000,0.0000,inf,61.98,0.02,0.00,3.3716,3.4021,29.3651,61.98,0.02,0.00,18.2245,18.3890,14.7088,61.98,0.02,0.00,2.0431,2.0615,33.7163,61.98,0.02,0.00,14.9546,15.0897,16.4264,62.50,0.50,0.52,1.7668,1.7828,34.9780,61.98,0.02,0.00,14.1827,14.3108,16.8867,62.50,0.50,0.52,1.9598,1.9775,34.0777,61.98,0.02,0.00,1.9078,1.9250,34.3114,61.98,0.02,0.00
343,85,3,23,88.00,96.00,78.00,1,0.0000,0.0000,inf,61.98,16.02,0.00,3.4096,3.4123,29.3390,61.98,16.02,0.00,16.0918,16.1044,15.8611,62.50,15.50,0.52,1.6055,1.6068,35.8808,61.98,16.02,0.00,16.5987,16.6117,15.5917,61.98,16.02,0.00,1.5669,1.5681,36.0924,61.98,16.02,0.00,15.7170,15.7293,16.0658,62.50,15.50,0.52,1.8134,1.8148,34.8235,61.98,16.02,0.00,1.6204,1.6217,35.8006,61.98,16.02,0.00
344,86,0,23,96.00,104.00,73.00,1,0.0000,0.0000,inf,67.57,5.43,0.00,2.6775,2.7120,31.3342,67.87,5.13,0.31,14.0509,14.2318,16.9348,63.03,9.97,4.54,2.5962,2.6296,31.6022,67.26,5.74,0.30,14.9721,15.1649,16.3832,61.48,11.52,6.09,2.6520,2.6862,31.4173,67.57,5.43,0.00,15.2384,15.4346,16.2301,62.76,10.24,4.81,2.8469,2.8835,30.8016,67.57,5.43,0.00,2.6390,2.6729,31.4602,67.87,5.13,0.31
345,86,1,23,104.00,112.00,63.00,1,0.0000,0.0000,inf,63.03,0.03,0.00,2.9138,2.9258,30.6751,63.03,0.03,0.00,16.1976,16.2642,15.7754,65.22,2.22,2.19,2.3645,2.3742,32.4896,63.03,0.03,0.00,16.4016,16.4690,15.6666,65.22,2.22,2.19,2.2966,2.3060,32.7428,63.29,0.29,0.27,15.8233,15.8883,15.9785,81.52,18.52,18.50,2.5279,2.5383,31.9090,63.29,0.29,0.27,2.3690,2.3787,32.4730,63.29,0.29,0.27
346,86,2,23,112.00,120.00,63.00,1,0.0000,0.0000,inf,63.56,0.56,0.00,3.4749,3.4753,29.1802,64.10,1.10,0.54,15.3322,15.3336,16.2871,63.56,0.56,0.00,2.8976,2.8979,30.7585,63.56,0.56,0.00,16.1082,16.1097,15.8583,63.83,0.83,0.27,2.8793,2.8795,30.8135,63.56,0.56,0.00,16.2520,16.2535,15.7811,62.50,0.50,1.06,3.2202,3.2205,29.8415,63.56,0.56,0.00,3.2571,3.2574,29.7426,63.03,0.03,0.53
347,86,3,23,120.00,128.00,62.00,1,0.0000,0.0000,inf,60.98,1.02,0.00,1.8548,1.8548,34.6340,60.98,1.02,0.00,19.4472,19.4472,14.2228,60.98,1.02,0.00,1.2424,1.2424,38.1145,60.98,1.02,0.00,13.3794,13.3795,17.4712,60.98,1.02,0.00,1.2248,1.2248,38.2389,60.98,1.02,0.00,15.0047,15.0047,16.4754,60.73,1.27,0.25,1.3987,1.3987,37.0857,60.98,1.02,0.00,1.2544,1.2544,38.0315,60.98,1.02,0.00
348,87,0,23,128.00,136.00,61.00,1,0.0000,0.0000,inf,60.98,0.02,0.00,1.5750,1.5762,36.0477,60.98,0.02,0.00,18.6914,18.7057,14.5605,60.48,0.52,0.49,1.5662,1.5674,36.0966,60.98,0.02,0.00,12.7023,12.7120,17.9157,60.98,0.02,0.00,1.1870,1.1879,38.5045,60.98,0.02,0.00,14.3305,14.3414,16.8682,60.98,0.02,0.00,1.6831,1.6844,35.4713,60.98,0.02,0.00,1.1770,1.1779,38.5777,60.98,0.02,0.00
349,87,1,23,136.00,144.00,61.00,1,0.0000,0.0000,inf,61.48,0.48,0.00,2.1440,2.1443,33.3742,61.48,0.48,0.00,18.9729,18.9755,14.4361,61.48,0.48,0.00,1.3487,1.3489,37.4003,60.98,0.02,0.50,14.8110,14.8131,16.5871,61.48,0.48,0.00,1.1154,1.1155,39.0505,61.48,0.48,0.00,14.7656,14.7677,16.6137,61.48,0.48,0.00,1.2241,1.2243,38.2421,61.48,0.48,0.00,1.1844,1.1845,38.5291,61.48,0.48,0.00
350,87,2,23,144.00,152.00,62.00,1,0.0000,0.0000,inf,61.98,0.02,0.00,3.1354,3.1356,30.0735,61.98,0.02,0.00,18.7741,18.7756,14.5281,61.98,0.02,0.00,1.3607,1.3608,37.3242,61.98,0.02,0.00,14.4563,14.4575,16.7982,62.50,0.50,0.52,1.2138,1.2139,38.3164,61.98,0.02,0.00,15.0273,15.0285,16.4617,62.76,0.76,0.78,1.3127,1.3128,37.6361,61.98,0.02,0.00,1.2470,1.2471,38.0821,61.98,0.02,0.00
351,87,3,23,152.00,160.00,62.00,1,0.0000,0.0000,inf,61.73,0.27,0.00,3.8263,3.8277,28.3413,61.98,0.02,0.26,16.7947,16.8009,15.4934,61.73,0.27,0.00,3.6871,3.6885,28.6631,61.48,0.52,0.25,14.6096,14.6150,16.7040,63.03,1.03,1.30,3.8455,3.8470,28.2977,61.73,0.27,0.00,14.2897,14.2949,16.8963,61.48,0.52,0.25,4.1917,4.1932,27.5490,61.73,0.27,0.00,3.7969,3.7983,28.4082,61.73,0.27,0.00
352,88,0,23,160.00,168.00,62.00,1,0.0000,0.0000,inf,62.76,0.76,0.00,2.4574,2.4581,32.1879,62.76,0.76,0.00,12.3026,12.3061,18.1976,79.37,17.37,16.60,2.7778,2.7786,31.1234,62.76,0.76,0.00,14.8023,14.8065,16.5910,79.37,17.37,16.60,2.7706,2.7713,31.1462,62.76,0.76,0.00,14.9904,14.9947,16.4812,82.42,20.42,19.66,2.8528,2.8537,30.8920,62.76,0.76,0.00,2.6978,2.6985,31.3775,63.03,1.03,0.26
353,88,1,23,168.00,176.00,62.00,1,0.0000,0.0000,inf,61.98,0.02,0.00,2.4693,2.4702,32.1454,61.98,0.02,0.00,17.3518,17.3580,15.2100,61.98,0.02,0.00,1.6981,1.6987,35.3976,61.98,0.02,0.00,13.7436,13.7485,17.2349,62.50,0.50,0.52,1.2817,1.2822,37.8411,61.98,0.02,0.00,15.1141,15.1195,16.4093,62.50,0.50,0.52,1.5489,1.5494,36.1965,61.98,0.02,0.00,1.3244,1.3249,37.5564,61.98,0.02,0.00
354,88,2,23,176.00,184.00,62.00,1,0.0000,0.0000,inf,61.98,0.02,0.00,3.0687,3.0687,30.2610,61.98,0.02,0.00,19.9116,19.9117,14.0179,61.98,0.02,0.00,1.4397,1.4397,36.8344,61.98,0.02,0.00,15.2192,15.2192,16.3522,62.50,0.50,0.52,1.2474,1.2474,38.0800,61.98,0.02,0.00,14.6234,14.6234,16.6990,119.05,57.05,57.06,1.3821,1.3821,37.1890,61.98,0.02,0.00,1.2634,1.2634,37.9692,61.98,0.02,0.00
355,88,3,23,184.00,192.00,62.00,1,0.0000,0.0000,inf,61.98,0.02,0.00,2.2706,2.2765,32.8547,61.98,0.02,0.00,16.5804,16.6232,15.5857,61.98,0.02,0.00,1.4641,1.4678,36.6664,61.98,0.02,0.00,14.0053,14.0415,17.0518,62.50,0.50,0.52,1.3650,1.3685,37.2749,61.98,0.02,0.00,13.1747,13.2088,17.5828,61.48,0.52,0.51,1.5649,1.5690,36.0876,61.98,0.02,0.00,1.5024,1.5063,36.4417,61.98,0.02,0.00
356,89,0,23,192.00,200.00,62.00,1,0.0000,0.0000,inf,61.48,0.52,0.00,1.9686,1.9706,34.1079,61.48,0.52,0.00,18.6396,18.6590,14.5822,61.48,0.52,0.00,1.4661,1.4676,36.6676,61.48,0.52,0.00,13.6994,13.7137,17.2569,61.98,0.02,0.51,1.2308,1.2321,38.1871,61.48,0.52,0.00,14.1972,14.2120,16.9469,120.00,58.00,58.52,1.3386,1.3400,37.4582,61.48,0.52,0.00,1.4180,1.4195,36.9575,61.48,0.52,0.00
357,89,1,23,200.00,208.00,67.00,1,0.0000,0.0000,inf,61.48,5.52,0.00,2.1675,2.1677,33.2799,61.48,5.52,0.00,18.6810,18.6828,14.5712,61.48,5.52,0.00,1.6044,1.6045,35.8931,61.48,5.52,0.00,13.5129,13.5143,17.3842,61.73,5.27,0.25,1.0724,1.0725,39.3920,61.48,5.52,0.00,14.2611,14.2625,16.9161,61.48,5.52,0.00,1.5537,1.5539,36.1718,61.48,5.52,0.00,1.1407,1.1409,38.8554,61.48,5.52,0.00
358,89,2,23,208.00,216.00,67.00,1,0.0000,0.0000,inf,60.48,6.52,0.00,1.6704,1.6705,35.5428,60.98,6.02,0.49,18.7828,18.7844,14.5241,60.48,6.52,0.00,1.1522,1.1523,38.7688,60.48,6.52,0.00,12.7800,12.7811,17.8686,60.73,6.27,0.24,1.0604,1.0605,39.4901,60.98,6.02,0.49,13.3724,13.3735,17.4751,61.22,5.78,0.74,1.2895,1.2896,37.7911,60.98,6.02,0.49,1.0981,1.0982,39.1867,60.98,6.02,0.49
359,89,3,23,216.00,224.00,62.00,1,0.0000,0.0000,inf,60.98,1.02,0.00,3.3324,3.3325,29.5446,60.98,1.02,0.00,21.7961,21.7968,13.2322,61.22,0.78,0.25,3.3767,3.3768,29.4299,60.48,1.52,0.49,26.2271,26.2279,11.6247,61.22,0.78,0.25,3.3596,3.3597,29.4740,60.73,1.27,0.25,26.0667,26.0674,11.6780,104.17,42.17,43.19,3.7257,3.7258,28.5756,60.73,1.27,0.25,3.2666,3.2667,29.7178,60.98,1.02,0.00
360,90,0,23,224.00,232.00,62.00,1,0.0000,0.0000,inf,61.48,0.52,0.00,2.7389,2.7391,31.2478,61.48,0.52,0.00,18.9179,18.9193,14.4619,61.48,0.52,0.00,1.3174,1.3175,37.6051,61.48,0.52,0.00,14.1486,14.1496,16.9851,61.48,0.52,0.00,1.0326,1.0327,39.7206,61.48,0.52,0.00,14.7319,14.7330,16.6342,61.98,0.02,0.51,1.3256,1.3257,37.5509,61.98,0.02,0.51,1.0822,1.0823,39.3130,61.48,0.52,0.00
361,90,1,23,232.00,240.00,62.00,1,0.0000,0.0000,inf,61.48,0.52,0.00,2.7652,2.8343,30.9511,61.73,0.27,0.25,15.0199,15.3955,16.2521,62.24,0.24,0.77,2.2878,2.3450,32.5970,61.98,0.02,0.51,10.9013,11.1739,19.0359,61.48,0.52,0.00,2.2474,2.3036,32.7519,61.98,0.02,0.51,13.2801,13.6122,17.3214,61.48,0.52,0.00,2.5987,2.6637,31.4903,61.73,0.27,0.25,2.2152,2.2706,32.8774,61.98,0.02,0.51
362,90,2,23,240.00,248.00,67.50,1,0.0000,0.0000,inf,61.98,5.52,0.00,2.7084,2.8991,30.7548,62.50,5.00,0.52,14.5127,15.5346,16.1740,62.50,5.00,0.52,3.4833,3.7286,28.5691,62.50,5.00,0.52,15.7442,16.8528,15.4665,62.50,5.00,0.52,3.2753,3.5059,29.1040,62.50,5.00,0.52,18.7885,20.1116,13.9311,82.42,14.92,20.43,3.4091,3.6492,28.7561,62.50,5.00,0.52,3.1793,3.4032,29.3623,62.50,5.00,0.52
363,90,3,23,248.00,256.00,69.00,1,0.0000,0.0000,inf,62.50,6.50,0.00,2.3122,2.3127,32.7176,63.03,5.97,0.53,10.8353,10.8377,19.3012,63.03,5.97,0.53,2.7103,2.7109,31.3378,63.03,5.97,0.53,11.3515,11.3540,18.8970,62.76,6.24,0.26,2.3334,2.3339,32.6384,63.03,5.97,0.53,11.1957,11.1982,19.0170,63.03,5.97,0.53,2.3660,2.3665,32.5177,63.03,5.97,0.53,2.1382,2.1387,33.3972,62.50,6.50,0.00
364,91,0,23,256.00,264.00,63.00,1,0.0000,0.0000,inf,63.56,0.56,0.00,2.4663,2.4698,32.1466,63.56,0.56,0.00,17.7283,17.7535,15.0143,63.03,0.03,0.53,1.6983,1.7007,35.3874,63.56,0.56,0.00,14.1617,14.1818,16.9654,64.66,1.66,1.10,1.3521,1.3541,37.3672,63.29,0.29,0.27,13.4060,13.4250,17.4417,64.10,1.10,0.54,1.6342,1.6365,35.7214,63.29,0.29,0.27,1.3991,1.4011,37.0709,63.29,0.29,0.27
365,91,1,23,264.00,272.00,63.00,1,0.0000,0.0000,inf,63.03,0.03,0.00,2.4922,2.4929,32.0659,63.29,0.29,0.27,18.9487,18.9540,14.4460,63.03,0.03,0.00,1.5843,1.5847,36.0009,63.03,0.03,0.00,14.4082,14.4123,16.8254,62.76,0.24,0.26,1.6159,1.6163,35.8294,63.03,0.03,0.00,15.1985,15.2028,16.3615,63.03,0.03,0.00,1.5585,1.5590,36.1433,63.03,0.03,0.00,1.6145,1.6149,35.8369,63.03,0.03,0.00
366,91,2,23,272.00,280.00,63.00,1,0.0000,0.0000,inf,62.50,0.50,0.00,2.6539,2.6539,31.5225,62.50,0.50,0.00,18.2641,18.2642,14.7680,62.50,0.50,0.00,1.3870,1.3870,37.1587,62.50,0.50,0.00,14.1542,14.1542,16.9823,62.76,0.24,0.26,1.0277,1.0277,39.7624,62.50,0.50,0.00,14.2953,14.2953,16.8961,61.98,1.02,0.52,1.3699,1.3699,37.2663,62.50,0.50,0.00,1.1497,1.1497,38.7882,62.50,0.50,0.00
367,91,3,23,280.00,288.00,62.00,1,0.0000,0.0000,inf,61.98,0.02,0.00,2.5869,2.5897,31.7352,61.98,0.02,0.00,18.1153,18.1347,14.8298,61.98,0.02,0.00,1.4771,1.4787,36.6024,61.98,0.02,0.00,13.9593,13.9743,17.0934,62.50,0.50,0.52,1.0893,1.0905,39.2476,61.98,0.02,0.00,15.5586,15.5753,16.1513,61.98,0.02,0.00,1.3985,1.4000,37.0773,61.98,0.02,0.00,1.2205,1.2218,38.2600,61.98,0.02,0.00
368,92,0,23,288.00,296.00,63.00,1,0.0000,0.0000,inf,63.56,0.56,0.00,2.5201,2.5260,31.9514,63.56,0.56,0.00,16.8634,16.9024,15.4411,63.56,0.56,0.00,1.3868,1.3900,37.1399,63.56,0.56,0.00,12.2925,12.3209,18.1871,63.03,0.03,0.53,1.2372,1.2401,38.1309,63.56,0.56,0.00,12.5121,12.5410,18.0334,63.29,0.29,0.27,1.4675,1.4709,36.6484,63.83,0.83,0.27,1.2551,1.2580,38.0067,63.56,0.56,0.00
369,92,1,23,296.00,304.00,64.00,1,0.0000,0.0000,inf,63.56,0.44,0.00,2.4461,2.4464,32.2295,63.56,0.44,0.00,17.9218,17.9242,14.9312,63.56,0.44,0.00,1.7766,1.7768,35.0072,63.56,0.44,0.00,13.2211,13.2229,17.5735,63.83,0.17,0.27,1.4640,1.4642,36.6882,63.56,0.44,0.00,13.2364,13.2382,17.5634,64.10,0.10,0.54,1.6507,1.6509,35.6457,63.56,0.44,0.00,1.5976,1.5978,35.9297,63.56,0.44,0.00
370,92,2,23,304.00,312.00,63.50,1,0.0000,0.0000,inf,63.03,0.47,0.00,2.7195,2.7310,31.2735,63.03,0.47,0.00,20.1232,20.2087,13.8892,63.29,0.21,0.27,1.4059,1.4118,37.0044,63.03,0.47,0.00,15.0380,15.1019,16.4194,63.83,0.33,0.80,1.4336,1.4397,36.8345,63.03,0.47,0.00,16.2426,16.3116,15.7501,63.56,0.06,0.53,1.5007,1.5071,36.4372,63.03,0.47,0.00,1.2869,1.2924,37.7724,63.03,0.47,0.00
371,92,3,23,312.00,320.00,63.00,1,0.0000,0.0000,inf,63.56,0.56,0.00,2.5038,2.5065,32.0186,63.56,0.56,0.00,21.0470,21.0697,13.5268,63.56,0.56,0.00,1.3540,1.3555,37.3582,63.56,0.56,0.00,13.1884,13.2026,17.5868,120.00,57.00,56.44,1.1447,1.1459,38.8171,63.56,0.56,0.00,12.8698,12.8836,17.7992,85.23,22.23,21.67,1.3937,1.3952,37.1073,63.56,0.56,0.00,1.2294,1.2308,38.1966,63.56,0.56,0.00
372,93,0,23,320.00,328.00,63.00,1,0.0000,0.0000,inf,63.03,0.03,0.00,2.8453,2.8464,30.9141,63.03,0.03,0.00,19.1522,19.1597,14.3522,63.03,0.03,0.00,1.4338,1.4344,36.8666,63.03,0.03,0.00,14.0167,14.0222,17.0637,62.50,0.50,0.53,1.0176,1.0180,39.8449,63.03,0.03,0.00,14.2166,14.2222,16.9407,63.03,0.03,0.00,1.4697,1.4703,36.6521,63.03,0.03,0.00,1.1249,1.1253,38.9746,63.03,0.03,0.00
373,93,1,23,328.00,336.00,63.00,1,0.0000,0.0000,inf,62.50,0.50,0.00,2.6516,2.6532,31.5247,62.50,0.50,0.00,17.8613,17.8719,14.9566,62.50,0.50,0.00,1.1888,1.1895,38.4929,62.50,0.50,0.00,15.7187,15.7280,16.0666,62.50,0.50,0.00,1.0882,1.0888,39.2610,62.50,0.50,0.00,15.2306,15.2396,16.3405,62.50,0.50,0.00,1.3907,1.3916,37.1300,62.50,0.50,0.00,1.1544,1.1551,38.7479,62.50,0.50,0.00
374,93,2,23,336.00,344.00,63.00,1,0.0000,0.0000,inf,63.56,0.56,0.00,2.5484,2.5495,31.8709,63.56,0.56,0.00,19.6164,19.6248,14.1439,63.56,0.56,0.00,1.6167,1.6174,35.8236,63.56,0.56,0.00,13.0113,13.0169,17.7099,64.38,1.38,0.82,1.1000,1.1004,39.1688,63.56,0.56,0.00,13.2388,13.2445,17.5593,65.79,2.79,2.23,1.3466,1.3472,37.4115,63.56,0.56,0.00,1.1339,1.1343,38.9051,63.56,0.56,0.00
375,93,3,23,344.00,352.00,63.00,1,0.0000,0.0000,inf,62.50,0.50,0.00,3.1098,3.1100,30.1447,61.98,1.02,0.52,18.7995,18.8008,14.5165,61.98,1.02,0.52,1.1706,1.1707,38.6309,62.50,0.50,0.00,14.5916,14.5926,16.7174,61.98,1.02,0.52,1.0087,1.0088,39.9238,61.98,1.02,0.52,14.4786,14.4795,16.7849,62.50,0.50,0.00,1.1997,1.1998,38.4178,61.98,1.02,0.52,1.1662,1.1662,38.6644,61.98,1.02,0.52
376,94,0,23,352.00,360.00,63.00,1,0.0000,0.0000,inf,63.03,0.03,0.00,2.7811,2.7814,31.1147,63.56,0.56,0.53,18.4177,18.4195,14.6944,63.03,0.03,0.00,1.6243,1.6245,35.7857,63.03,0.03,0.00,13.4168,13.4181,17.4462,84.27,21.27,21.24,1.3681,1.3682,37.2768,63.03,0.03,0.00,13.6115,13.6129,17.3210,83.33,20.33,20.31,1.5847,1.5849,36.0000,63.03,0.03,0.00,1.3285,1.3287,37.5316,63.03,0.03,0.00
377,94,1,23,360.00,368.00,69.00,1,0.0000,0.0000,inf,63.56,5.44,0.00,3.2100,3.2118,29.8649,63.56,5.44,0.00,21.1981,21.2100,13.4692,63.56,5.44,0.00,1.4454,1.4462,36.7953,63.56,5.44,0.00,13.6961,13.7038,17.2632,64.10,4.90,0.54,1.3011,1.3019,37.7088,63.56,5.44,0.00,14.4086,14.4167,16.8227,64.10,4.90,0.54,1.5920,1.5929,35.9564,63.56,5.44,0.00,1.3204,1.3211,37.5810,64.10,4.90,0.54
378,94,2,23,368.00,376.00,65.00,1,0.0000,0.0000,inf,63.83,1.17,0.00,3.4868,3.4879,29.1487,64.10,0.90,0.27,21.8725,21.8798,13.1991,64.10,0.90,0.27,1.2817,1.2822,37.8411,63.83,1.17,0.00,13.5599,13.5644,17.3520,64.10,0.90,0.27,1.2008,1.2012,38.4080,63.83,1.17,0.00,12.7376,12.7419,17.8953,64.66,0.34,0.83,1.3580,1.3584,37.3393,63.83,1.17,0.00,1.3355,1.3359,37.4842,63.56,1.44,0.27
379,94,3,23,376.00,384.00,64.00,1,0.0000,0.0000,inf,63.56,0.44,0.00,2.5502,2.5517,31.8635,63.03,0.97,0.53,19.2332,19.2445,14.3139,63.56,0.44,0.00,1.1797,1.1804,38.5597,63.56,0.44,0.00,14.2237,14.2321,16.9346,64.66,0.66,1.10,1.0698,1.0704,39.4088,63.56,0.44,0.00,14.9832,14.9920,16.4828,63.03,0.97,0.53,1.3622,1.3630,37.3101,63.56,0.44,0.00,1.2291,1.2298,38.2032,63.56,0.44,0.00
380,95,0,23,384.00,392.00,63.00,1,0.0000,0.0000,inf,62.50,0.50,0.00,2.8437,2.8474,30.9109,62.50,0.50,0.00,19.4820,19.5074,14.1960,63.03,0.03,0.53,1.4974,1.4993,36.4821,62.50,0.50,0.00,14.6030,14.6220,16.6999,63.83,0.83,1.33,1.1576,1.1592,38.7172,62.50,0.50,0.00,14.9062,14.9256,16.5214,64.38,1.38,1.88,1.4520,1.4539,36.7493,62.76,0.24,0.26,1.2258,1.2274,38.2202,62.50,0.50,0.00
381,95,1,23,392.00,400.00,63.00,1,0.0000,0.0000,inf,64.10,1.10,0.00,2.6357,2.6370,31.5777,64.10,1.10,0.00,19.2068,19.2163,14.3266,64.10,1.10,0.00,1.3542,1.3549,37.3621,64.66,1.66,0.55,13.2381,13.2446,17.5592,120.97,57.97,56.87,1.1903,1.1909,38.4826,64.10,1.10,0.00,13.0001,13.0065,17.7168,65.22,2.22,1.11,1.3964,1.3971,37.0956,64.10,1.10,0.00,1.2862,1.2868,37.8097,64.10,1.10,0.00
382,95,2,23,400.00,408.00,63.00,1,0.0000,0.0000,inf,63.03,0.03,0.00,2.8302,2.8311,30.9610,63.03,0.03,0.00,19.0216,19.0271,14.4126,63.03,0.03,0.00,1.4783,1.4788,36.6020,63.03,0.03,0.00,15.3297,15.3342,16.2868,64.10,1.10,1.08,1.3316,1.3320,37.5102,63.03,0.03,0.00,14.8114,14.8157,16.5856,122.95,59.95,59.93,1.3491,1.3495,37.3968,63.03,0.03,0.00,1.3373,1.3377,37.4731,63.03,0.03,0.00
383,95,3,23,408.00,416.00,63.00,1,0.0000,0.0000,inf,63.56,0.56,0.00,2.7816,2.7822,31.1122,63.03,0.03,0.53,19.2217,19.2259,14.3223,63.03,0.03,0.53,1.5666,1.5670,36.0989,63.56,0.56,0.00,14.1428,14.1459,16.9874,62.76,0.24,0.80,1.2400,1.2403,38.1296,63.56,0.56,0.00,14.3121,14.3152,16.8840,83.80,20.80,20.24,1.4548,1.4551,36.7419,63.56,0.56,0.00,1.2163,1.2166,38.2969,63.56,0.56,0.00
384,96,0,23,416.00,424.00,63.00,1,0.0000,0.0000,inf,63.03,0.03,0.00,2.7351,2.7352,31.2603,63.03,0.03,0.00,18.4264,18.4273,14.6908,63.03,0.03,0.00,1.2126,1.2126,38.3253,62.50,0.50,0.53,15.1315,15.1323,16.4019,63.29,0.29,0.27,1.1060,1.1061,39.1242,63.03,0.03,0.00,15.3656,15.3663,16.2686,63.03,0.03,0.00,1.3161,1.3161,37.6140,62.50,0.50,0.53,1.1343,1.1344,38.9049,63.03,0.03,0.00
385,96,1,23,424.00,432.00,64.00,1,0.0000,0.0000,inf,64.10,0.10,0.00,2.5751,2.5759,31.7814,64.10,0.10,0.00,19.4330,19.4391,14.2265,64.10,0.10,0.00,1.2960,1.2964,37.7449,64.10,0.10,0.00,13.7049,13.7092,17.2598,117.19,53.19,53.08,1.0765,1.0768,39.3573,64.10,0.10,0.00,12.7811,12.7851,17.8659,115.38,51.38,51.28,1.4634,1.4639,36.6900,64.10,0.10,0.00,1.1956,1.1960,38.4457,64.10,0.10,0.00
386,96,2,23,432.00,440.00,64.00,1,0.0000,0.0000,inf,63.03,0.97,0.00,2.7229,2.7239,31.2962,63.03,0.97,0.00,18.3861,18.3924,14.7072,63.03,0.97,0.00,1.4599,1.4604,36.7104,63.03,0.97,0.00,14.0566,14.0614,17.0394,63.56,0.44,0.53,0.9765,0.9769,40.2032,63.03,0.97,0.00,14.3987,14.4037,16.8305,63.03,0.97,0.00,1.3213,1.3218,37.5770,63.03,0.97,0.00,1.1530,1.1534,38.7601,63.03,0.97,0.00
387,96,3,23,440.00,448.00,63.00,1,0.0000,0.0000,inf,63.56,0.56,0.00,2.9835,2.9852,30.5007,63.29,0.29,0.27,19.3225,19.3329,14.2741,63.56,0.56,0.00,1.3384,1.3392,37.4634,63.56,0.56,0.00,13.7928,13.8002,17.2023,120.97,57.97,57.41,1.0818,1.0824,39.3123,63.29,0.29,0.27,14.3345,14.3422,16.8677,121.95,58.95,58.39,1.2878,1.2885,37.7986,63.56,0.56,0.00,1.1718,1.1724,38.6182,63.29,0.29,0.27
388,97,0,23,448.00,456.00,63.00,1,0.0000,0.0000,inf,63.03,0.03,0.00,2.6473,2.6478,31.5423,63.03,0.03,0.00,19.0139,19.0177,14.4169,63.03,0.03,0.00,1.4161,1.4164,36.9762,63.56,0.56,0.53,14.7711,14.7740,16.6100,123.97,60.97,60.94,1.2171,1.2174,38.2915,63.03,0.03,0.00,14.2233,14.2262,16.9382,119.05,56.05,56.02,1.4433,1.4436,36.8110,63.03,0.03,0.00,1.2842,1.2844,37.8258,63.03,0.03,0.00
389,97,1,23,456.00,464.00,63.00,1,0.0000,0.0000,inf,62.50,0.50,0.00,2.5342,2.5348,31.9212,62.50,0.50,0.00,19.0500,19.0543,14.4001,62.50,0.50,0.00,1.4247,1.4250,36.9235,62.50,0.50,0.00,14.9849,14.9882,16.4850,62.50,0.50,0.00,1.0341,1.0344,39.7066,62.50,0.50,0.00,15.2223,15.2257,16.3484,62.76,0.24,0.26,1.3352,1.3355,37.4868,62.50,0.50,0.00,1.1377,1.1379,38.8778,62.50,0.50,0.00
390,97,2,23,464.00,472.00,62.00,1,0.0000,0.0000,inf,62.76,0.76,0.00,2.5523,2.5539,31.8558,62.76,0.76,0.00,19.2432,19.2556,14.3089,63.03,1.03,0.26,1.5493,1.5503,36.1918,62.50,0.50,0.26,15.5451,15.5551,16.1626,63.56,1.56,0.80,1.3031,1.3039,37.6949,62.50,0.50,0.26,16.7907,16.8015,15.4930,115.38,53.38,52.62,1.6345,1.6355,35.7269,62.50,0.50,0.26,1.2586,1.2594,37.9965,62.76,0.76,0.00
391,97,3,23,472.00,480.00,63.00,1,0.0000,0.0000,inf,62.50,0.50,0.00,2.7920,2.7921,31.0812,62.50,0.50,0.00,18.8610,18.8617,14.4884,62.50,0.50,0.00,1.1075,1.1075,39.1131,62.50,0.50,0.00,14.4981,14.4986,16.7735,114.50,51.50,52.00,1.0219,1.0219,39.8117,62.50,0.50,0.00,16.1992,16.1998,15.8098,114.50,51.50,52.00,1.3632,1.3632,37.3085,62.50,0.50,0.00,1.2204,1.2204,38.2699,62.50,0.50,0.00
392,98,0,31,32.00,40.00,85.00,1,0.0000,0.0000,inf,85.23,0.23,0.00,1.6969,1.6989,35.3968,85.23,0.23,0.00,9.9870,9.9985,20.0013,85.23,0.23,0.00,1.7505,1.7525,35.1268,85.23,0.23,0.00,7.8240,7.8329,22.1215,84.75,0.25,0.48,1.6109,1.6128,35.8484,85.23,0.23,0.00,7.7810,7.7899,22.1693,84.75,0.25,0.48,1.7563,1.7583,35.0979,85.23,0.23,0.00,1.5340,1.5358,36.2736,85.23,0.23,0.00
393,98,1,31,40.00,48.00,85.00,1,0.0000,0.0000,inf,85.23,0.23,0.00,1.4672,1.4676,36.6679,85.23,0.23,0.00,9.5366,9.5391,20.4098,85.23,0.23,0.00,1.7367,1.7372,35.2031,85.23,0.23,0.00,7.8694,7.8715,22.0788,85.23,0.23,0.00,1.6678,1.6683,35.5547,85.23,0.23,0.00,8.1743,8.1765,21.7487,84.75,0.25,0.48,1.9065,1.9070,34.3931,84.75,0.25,0.48,1.8864,1.8869,34.4851,85.23,0.23,0.00
394,98,2,31,48.00,56.00,84.00,1,0.0000,0.0000,inf,83.80,0.20,0.00,1.2880,1.2892,37.7938,84.27,0.27,0.47,9.6261,9.6352,20.3228,84.27,0.27,0.47,1.5778,1.5792,36.0311,84.27,0.27,0.47,7.4270,7.4340,22.5756,85.23,1.23,1.43,1.4255,1.4268,36.9125,84.27,0.27,0.47,7.0863,7.0929,22.9835,83.33,0.67,0.47,1.8139,1.8156,34.8198,84.27,0.27,0.47,1.3910,1.3923,37.1253,84.27,0.27,0.47
395,98,3,31,56.00,64.00,84.00,1,0.0000,0.0000,inf,83.33,0.67,0.00,1.2876,1.2877,37.8037,83.80,0.20,0.47,9.7006,9.7014,20.2633,83.80,0.20,0.47,1.2179,1.2180,38.2868,83.80,0.20,0.47,7.2903,7.2909,22.7443,83.33,0.67,0.00,1.1955,1.1956,38.4483,83.80,0.20,0.47,7.5602,7.5608,22.4286,82.87,1.13,0.46,1.3716,1.3717,37.2545,83.33,0.67,0.00,1.2072,1.2073,38.3635,84.27,0.27,0.94
396,99,0,31,64.00,72.00,85.00,1,0.0000,0.0000,inf,84.27,0.73,0.00,1.1550,1.1551,38.7473,85.23,0.23,0.96,9.6628,9.6637,20.2971,84.75,0.25,0.48,1.6934,1.6936,35.4239,84.27,0.73,0.00,7.4587,7.4595,22.5458,84.75,0.25,0.48,1.6024,1.6025,35.9039,84.75,0.25,0.48,7.4501,7.4509,22.5559,84.75,0.25,0.48,1.8117,1.8118,34.8376,84.75,0.25,0.48,1.5378,1.5380,36.2611,84.75,0.25,0.48
397,99,1,31,72.00,80.00,85.00,1,0.0000,0.0000,inf,86.21,1.21,0.00,3.0995,3.1015,30.1686,86.21,1.21,0.00,11.1857,11.1928,19.0212,86.21,1.21,0.00,2.1426,2.1439,33.3758,86.21,1.21,0.00,8.5153,8.5207,21.3905,86.21,1.21,0.00,2.1144,2.1157,33.4909,86.21,1.21,0.00,8.4375,8.4429,21.4701,86.21,1.21,0.00,2.1437,2.1450,33.3713,86.21,1.21,0.00,2.0055,2.0068,33.9500,86.21,1.21,0.00
398,99,2,31,80.00,88.00,84.50,1,0.0000,0.0000,inf,84.75,0.25,0.00,1.4993,1.5001,36.4779,84.75,0.25,0.00,10.9665,10.9721,19.1942,84.27,0.23,0.48,1.5659,1.5667,36.1003,85.23,0.73,0.48,7.8857,7.8897,22.0588,84.75,0.25,0.00,1.5637,1.5645,36.1124,85.23,0.73,0.48,8.0550,8.0591,21.8743,84.27,0.23,0.48,1.6078,1.6086,35.8708,85.23,0.73,0.48,1.4536,1.4544,36.7465,85.23,0.73,0.48
399,99,3,31,88.00,96.00,85.00,1,0.0000,0.0000,inf,84.75,0.25,0.00,1.4694,1.4698,36.6547,84.27,0.73,0.48,10.5310,10.5338,19.5483,84.75,0.25,0.00,1.5024,1.5028,36.4622,84.75,0.25,0.00,7.5667,7.5687,22.4195,83.33,1.67,1.41,1.4482,1.4486,36.7809,84.75,0.25,0.00,7.5585,7.5605,22.4290,84.27,0.73,0.48,1.8006,1.8011,34.8892,84.75,0.25,0.00,1.4096,1.4100,37.0159,85.23,0.23,0.48
400,100,0,31,96.00,104.00,85.00,1,0.0000,0.0000,inf,84.75,0.25,0.00,1.3858,1.3871,37.1577,84.27,0.73,0.48,12.3469,12.3587,18.1605,84.75,0.25,0.00,1.7303,1.7320,35.2293,85.23,0.23,0.48,7.9099,7.9174,22.0283,84.27,0.73,0.48,1.6635,1.6651,35.5711,84.75,0.25,0.00,8.0917,8.0994,21.8309,84.27,0.73,0.48,1.7663,1.7680,35.0503,84.27,0.73,0.48,1.7528,1.7544,35.1173,85.23,0.23,0.48
401,100,1,31,104.00,112.00,84.00,1,0.0000,0.0000,inf,83.80,0.20,0.00,1.6296,1.6318,35.7467,84.27,0.27,0.47,11.9095,11.9252,18.4707,84.27,0.27,0.47,1.5459,1.5479,36.2051,84.27,0.27,0.47,7.8984,7.9088,22.0378,84.27,0.27,0.47,1.4730,1.4749,36.6248,83.80,0.20,0.00,8.0149,8.0255,21.9106,83.80,0.20,0.00,1.8050,1.8073,34.8592,83.80,0.20,0.00,1.4776,1.4796,36.5972,84.27,0.27,0.47
402,100,2,31,112.00,120.00,84.00,1,0.0000,0.0000,inf,83.80,0.20,0.00,1.8691,1.8699,34.5638,84.27,0.27,0.47,10.8149,10.8194,19.3159,83.80,0.20,0.00,1.4588,1.4594,36.7164,83.33,0.67,0.47,8.0729,8.0763,21.8558,84.27,0.27,0.47,1.3650,1.3656,37.2938,83.80,0.20,0.00,8.3111,8.3146,21.6032,84.27,0.27,0.47,1.5366,1.5372,36.2654,83.33,0.67,0.47,1.4017,1.4022,37.0635,83.33,0.67,0.47
403,100,3,31,120.00,128.00,84.00,1,0.0000,0.0000,inf,84.27,0.27,0.00,1.4097,1.4098,37.0170,84.27,0.27,0.00,10.9090,10.9095,19.2439,84.27,0.27,0.00,1.6159,1.6159,35.8315,84.27,0.27,0.00,8.7478,8.7482,21.1616,84.27,0.27,0.00,1.5567,1.5568,36.1552,84.75,0.75,0.48,8.3140,8.3144,21.6034,84.27,0.27,0.00,1.8183,1.8184,34.8064,84.27,0.27,0.00,1.4957,1.4958,36.5024,84.27,0.27,0.00
404,101,0,31,128.00,136.00,84.00,1,0.0000,0.0000,inf,84.27,0.27,0.00,1.5462,1.5463,36.2140,84.27,0.27,0.00,11.0766,11.0774,19.1112,84.27,0.27,0.00,1.3347,1.3348,37.4917,84.27,0.27,0.00,7.0332,7.0337,23.0564,83.80,0.20,0.47,1.2110,1.2111,38.3366,84.75,0.75,0.48,7.5052,7.5057,22.4921,83.33,0.67,0.94,1.4424,1.4425,36.8174,84.27,0.27,0.00,1.3039,1.3040,37.6942,84.27,0.27,0.00
405,101,1,31,136.00,144.00,84.50,1,0.0000,0.0000,inf,84.27,0.23,0.00,1.3854,1.3855,37.1682,84.27,0.23,0.00,11.2142,11.2142,19.0046,84.75,0.25,0.48,1.3953,1.3953,37.1069,84.27,0.23,0.00,7.9189,7.9189,22.0267,84.27,0.23,0.00,1.4430,1.4430,36.8145,84.27,0.23,0.00,7.8741,7.8741,22.0760,84.27,0.23,0.00,1.5740,1.5740,36.0601,84.27,0.23,0.00,1.4499,1.4499,36.7730,84.27,0.23,0.00
406,101,2,31,144.00,152.00,86.00,1,0.0000,0.0000,inf,85.71,0.29,0.00,2.0144,2.0154,33.9128,85.23,0.77,0.49,10.5619,10.5670,19.5210,85.23,0.77,0.49,1.5233,1.5240,36.3402,85.71,0.29,0.00,7.6104,7.6141,22.3676,85.23,0.77,0.49,1.4462,1.4469,36.7913,85.23,0.77,0.49,7.1830,7.1865,22.8697,84.75,1.25,0.97,1.6745,1.6753,35.5180,85.23,0.77,0.49,1.4914,1.4921,36.5239,85.23,0.77,0.49
407,101,3,31,152.00,160.00,87.00,1,0.0000,0.0000,inf,87.21,0.21,0.00,2.1494,2.1503,33.3499,87.21,0.21,0.00,9.2817,9.2857,20.6437,88.24,1.24,1.03,1.6513,1.6520,35.6399,88.24,1.24,1.03,9.0831,9.0870,20.8316,87.21,0.21,0.00,1.5740,1.5746,36.0564,87.21,0.21,0.00,9.1173,9.1212,20.7989,86.21,0.79,1.00,1.6750,1.6758,35.5157,88.24,1.24,1.03,1.5911,1.5918,35.9622,86.71,0.29,0.50
408,102,0,31,160.00,168.00,84.00,1,0.0000,0.0000,inf,84.27,0.27,0.00,1.5368,1.5379,36.2613,84.27,0.27,0.00,10.7608,10.7688,19.3567,84.27,0.27,0.00,1.2329,1.2338,38.1748,84.75,0.75,0.48,8.0827,8.0887,21.8424,84.27,0.27,0.00,1.2377,1.2386,38.1416,84.27,0.27,0.00,8.0304,8.0363,21.8989,84.27,0.27,0.00,1.3107,1.3117,37.6433,84.27,0.27,0.00,1.1612,1.1620,38.6958,84.27,0.27,0.00
409,102,1,31,168.00,176.00,82.50,1,0.0000,0.0000,inf,81.97,0.53,0.00,1.2637,1.2638,37.9667,81.97,0.53,0.00,10.4971,10.4978,19.5780,81.52,0.98,0.45,1.2566,1.2567,38.0155,81.97,0.53,0.00,6.6686,6.6690,23.5187,81.97,0.53,0.00,1.2676,1.2676,37.9400,81.97,0.53,0.00,6.6559,6.6564,23.5352,81.52,0.98,0.45,1.6068,1.6069,35.8802,81.52,0.98,0.45,1.2592,1.2592,37.9978,81.52,0.98,0.45
410,102,2,31,176.00,184.00,82.00,1,0.0000,0.0000,inf,81.52,0.48,0.00,1.3225,1.3229,37.5692,81.97,0.03,0.45,9.8963,9.8997,20.0876,81.97,0.03,0.45,1.2362,1.2366,38.1556,81.52,0.48,0.00,7.1937,7.1961,22.8581,81.52,0.48,0.00,1.1676,1.1680,38.6508,81.52,0.48,0.00,8.1684,8.1712,21.7543,82.42,0.42,0.90,1.4067,1.4071,37.0332,81.97,0.03,0.45,1.2064,1.2068,38.3673,81.52,0.48,0.00
411,102,3,31,184.00,192.00,83.00,1,0.0000,0.0000,inf,83.33,0.33,0.00,1.2459,1.2460,38.0895,83.33,0.33,0.00,9.7619,9.7628,20.2085,83.33,0.33,0.00,1.2003,1.2004,38.4137,83.33,0.33,0.00,6.9918,6.9925,23.1074,83.33,0.33,0.00,1.2005,1.2006,38.4120,83.33,0.33,0.00,7.3854,7.3861,22.6316,83.33,0.33,0.00,1.3087,1.3088,37.6623,83.33,0.33,0.00,1.1905,1.1906,38.4847,83.33,0.33,0.00
412,103,0,31,192.00,200.00,83.50,1,0.0000,0.0000,inf,83.33,0.17,0.00,1.2133,1.2137,38.3181,83.33,0.17,0.00,9.9111,9.9136,20.0754,83.33,0.17,0.00,1.2987,1.2990,37.7277,83.33,0.17,0.00,7.3592,7.3611,22.6612,83.80,0.30,0.47,1.2055,1.2058,38.3746,83.33,0.17,0.00,7.4537,7.4556,22.5504,83.33,0.17,0.00,1.3790,1.3794,37.2064,83.33,0.17,0.00,1.2514,1.2517,38.0500,83.33,0.17,0.00
413,103,1,31,200.00,208.00,84.00,1,0.0000,0.0000,inf,83.33,0.67,0.00,1.0448,1.0448,39.6191,83.33,0.67,0.00,9.9984,9.9988,20.0010,83.33,0.67,0.00,1.4369,1.4369,36.8512,83.33,0.67,0.00,7.5293,7.5296,22.4645,83.33,0.67,0.00,1.3463,1.3463,37.4169,83.33,0.67,0.00,7.0534,7.0537,23.0316,83.33,0.67,0.00,1.4900,1.4900,36.5360,83.33,0.67,0.00,1.3846,1.3847,37.1729,83.33,0.67,0.00
414,103,2,31,208.00,216.00,83.00,1,0.0000,0.0000,inf,82.42,0.58,0.00,1.2175,1.2178,38.2887,82.42,0.58,0.00,11.3383,11.3411,18.9069,82.87,0.13,0.46,1.3524,1.3527,37.3761,82.87,0.13,0.46,6.9349,6.9366,23.1770,81.97,1.03,0.45,1.2641,1.2644,37.9623,82.42,0.58,0.00,7.0384,7.0401,23.0484,82.42,0.58,0.00,1.3675,1.3678,37.2795,82.42,0.58,0.00,1.3103,1.3106,37.6505,82.87,0.13,0.46
415,103,3,31,216.00,224.00,83.00,1,0.0000,0.0000,inf,83.33,0.33,0.00,1.2874,1.2879,37.8027,83.33,0.33,0.00,10.2298,10.2337,19.7994,83.33,0.33,0.00,1.2475,1.2480,38.0756,83.33,0.33,0.00,7.2323,7.2350,22.8112,83.33,0.33,0.00,1.1782,1.1786,38.5726,83.33,0.33,0.00,7.5732,7.5761,22.4111,83.33,0.33,0.00,1.4039,1.4044,37.0500,83.33,0.33,0.00,1.1805,1.1809,38.5555,83.33,0.33,0.00
416,104,0,31,224.00,232.00,83.00,1,0.0000,0.0000,inf,83.33,0.33,0.00,1.5628,1.5633,36.1194,83.33,0.33,0.00,9.7294,9.7325,20.2355,83.33,0.33,0.00,1.1724,1.1728,38.6156,83.33,0.33,0.00,6.7565,6.7586,23.4029,83.33,0.33,0.00,1.1396,1.1399,38.8624,83.33,0.33,0.00,7.6209,7.6233,22.3571,83.33,0.33,0.00,1.2577,1.2581,38.0059,83.33,0.33,0.00,1.1396,1.1400,38.8620,83.33,0.33,0.00
417,104,1,31,232.00,240.00,83.00,1,0.0000,0.0000,inf,82.87,0.13,0.00,2.6449,2.6452,31.5509,82.42,0.58,0.46,11.9023,11.9037,18.4864,82.42,0.58,0.46,1.4386,1.4388,36.8399,82.42,0.58,0.46,7.0973,7.0981,22.9771,82.87,0.13,0.00,1.3705,1.3707,37.2615,82.42,0.58,0.46,7.3609,7.3618,22.6603,82.42,0.58,0.46,1.6043,1.6045,35.8935,82.87,0.13,0.00,1.4920,1.4921,36.5239,82.42,0.58,0.46
418,104,2,31,240.00,248.00,84.00,1,0.0000,0.0000,inf,83.33,0.67,0.00,2.5191,2.5217,31.9662,83.33,0.67,0.00,11.8558,11.8681,18.5124,83.33,0.67,0.00,1.3961,1.3975,37.0929,83.33,0.67,0.00,7.5795,7.5874,22.3982,83.80,0.20,0.47,1.2958,1.2971,37.7405,83.33,0.67,0.00,7.5894,7.5973,22.3869,83.33,0.67,0.00,1.5318,1.5334,36.2868,83.33,0.67,0.00,1.3296,1.3310,37.5167,83.33,0.67,0.00
419,104,3,31,248.00,256.00,83.00,1,0.0000,0.0000,inf,82.42,0.58,0.00,1.2647,1.2661,37.9506,82.42,0.58,0.00,10.4446,10.4560,19.6127,82.42,0.58,0.00,1.2164,1.2178,38.2888,82.42,0.58,0.00,8.2035,8.2125,21.7105,81.52,1.48,0.90,1.2010,1.2023,38.3994,82.42,0.58,0.00,8.0834,8.0922,21.8387,83.33,0.33,0.92,1.3914,1.3930,37.1213,82.42,0.58,0.00,1.2356,1.2369,38.1531,82.42,0.58,0.00
420,105,0,31,256.00,264.00,82.50,1,0.0000,0.0000,inf,83.33,0.83,0.00,1.2303,1.2306,38.1978,83.33,0.83,0.00,10.5713,10.5735,19.5156,83.33,0.83,0.00,1.3098,1.3101,37.6542,83.33,0.83,0.00,7.8973,7.8990,22.0486,83.33,0.83,0.00,1.2086,1.2089,38.3523,83.33,0.83,0.00,7.7234,7.7250,22.2420,83.33,0.83,0.00,1.6645,1.6648,35.5726,83.33,0.83,0.00,1.2498,1.2501,38.0611,83.33,0.83,0.00
421,105,1,31,264.00,272.00,83.00,1,0.0000,0.0000,inf,82.42,0.58,0.00,1.1811,1.1811,38.5540,82.42,0.58,0.00,10.6542,10.6544,19.4494,82.42,0.58,0.00,1.1864,1.1864,38.5154,82.42,0.58,0.00,8.2178,8.2179,21.7047,82.42,0.58,0.00,1.1293,1.1293,38.9440,82.42,0.58,0.00,7.8852,7.8853,22.0636,82.87,0.13,0.46,1.7772,1.7772,35.0053,82.42,0.58,0.00,1.1272,1.1272,38.9601,82.42,0.58,0.00
422,105,2,31,272.00,280.00,84.00,1,0.0000,0.0000,inf,83.33,0.67,0.00,1.4440,1.4445,36.8054,83.33,0.67,0.00,10.2508,10.2548,19.7814,83.80,0.20,0.47,1.2369,1.2373,38.1502,83.80,0.20,0.47,7.2875,7.2904,22.7450,83.80,0.20,0.47,1.1695,1.1700,38.6364,83.33,0.67,0.00,7.6206,7.6235,22.3569,83.33,0.67,0.00,1.4473,1.4478,36.7855,83.33,0.67,0.00,1.1741,1.1746,38.6023,83.33,0.67,0.00
423,105,3,31,280.00,288.00,84.00,1,0.0000,0.0000,inf,83.80,0.20,0.00,1.2183,1.2199,38.2734,83.80,0.20,0.00,10.5510,10.5648,19.5228,83.33,0.67,0.47,1.3378,1.3395,37.4610,83.80,0.20,0.00,7.8027,7.8129,22.1438,83.33,0.67,0.47,1.3198,1.3215,37.5787,83.33,0.67,0.47,7.8708,7.8811,22.0683,84.27,0.27,0.47,1.4413,1.4432,36.8134,83.33,0.67,0.47,1.2468,1.2485,38.0726,83.33,0.67,0.47
424,106,0,31,288.00,296.00,83.00,1,0.0000,0.0000,inf,82.87,0.13,0.00,1.3245,1.3282,37.5348,83.33,0.33,0.46,10.7467,10.7770,19.3501,82.87,0.13,0.00,1.4548,1.4589,36.7194,83.33,0.33,0.46,7.6780,7.6996,22.2706,82.42,0.58,0.46,1.4060,1.4100,37.0157,83.33,0.33,0.46,7.6839,7.7055,22.2640,82.42,0.58,0.46,1.6662,1.6708,35.5413,83.33,0.33,0.46,1.4591,1.4632,36.6941,83.33,0.33,0.46
425,106,1,31,296.00,304.00,83.00,1,0.0000,0.0000,inf,83.33,0.33,0.00,1.1520,1.1559,38.7417,83.33,0.33,0.00,10.5330,10.5682,19.5200,83.33,0.33,0.00,1.3659,1.3704,37.2628,83.33,0.33,0.00,7.9710,7.9976,21.9408,83.33,0.33,0.00,1.2982,1.3025,37.7041,83.33,0.33,0.00,7.8133,7.8395,22.1143,82.42,0.58,0.92,1.4329,1.4377,36.8467,83.33,0.33,0.00,1.3402,1.3447,37.4275,83.33,0.33,0.00
426,106,2,31,304.00,312.00,83.00,1,0.0000,0.0000,inf,82.87,0.13,0.00,1.1542,1.1551,38.7473,82.87,0.13,0.00,10.2836,10.2919,19.7501,83.33,0.33,0.46,1.1926,1.1936,38.4631,82.42,0.58,0.46,7.4071,7.4130,22.6001,82.87,0.13,0.00,1.0587,1.0595,39.4979,82.87,0.13,0.00,7.2933,7.2991,22.7346,82.87,0.13,0.00,1.2563,1.2573,38.0109,83.33,0.33,0.46,1.0276,1.0285,39.7563,82.87,0.13,0.00
427,106,3,31,312.00,320.00,83.50,1,0.0000,0.0000,inf,83.33,0.17,0.00,1.2062,1.2069,38.3663,83.33,0.17,0.00,10.4879,10.4944,19.5808,83.33,0.17,0.00,1.4129,1.4138,36.9921,83.33,0.17,0.00,8.3105,8.3157,21.6020,83.80,0.30,0.47,1.3769,1.3778,37.2165,83.33,0.17,0.00,8.6540,8.6594,21.2503,83.33,0.17,0.00,1.5033,1.5043,36.4535,83.33,0.17,0.00,1.3917,1.3926,37.1235,83.33,0.17,0.00
428,107,0,31,320.00,328.00,84.00,1,0.0000,0.0000,inf,83.33,0.67,0.00,1.7733,1.7734,35.0237,83.33,0.67,0.00,11.4029,11.4038,18.8590,83.80,0.20,0.47,1.3551,1.3552,37.3601,83.33,0.67,0.00,8.3057,8.3064,21.6117,83.80,0.20,0.47,1.3988,1.3989,37.0841,83.33,0.67,0.00,8.4927,8.4934,21.4184,82.87,1.13,0.46,1.4780,1.4781,36.6058,83.33,0.67,0.00,1.4675,1.4676,36.6680,83.80,0.20,0.47
429,107,1,31,328.00,336.00,83.00,1,0.0000,0.0000,inf,83.80,0.80,0.00,1.7117,1.7119,35.3304,83.80,0.80,0.00,10.6807,10.6820,19.4270,83.33,0.33,0.47,1.4876,1.4877,36.5495,83.33,0.33,0.47,7.1870,7.1879,22.8680,83.80,0.80,0.00,1.5389,1.5391,36.2545,83.80,0.80,0.00,7.2671,7.2679,22.7718,83.80,0.80,0.00,1.6566,1.6568,35.6148,83.33,0.33,0.47,1.5091,1.5093,36.4246,83.80,0.80,0.00
430,107,2,31,336.00,344.00,83.00,1,0.0000,0.0000,inf,82.42,0.58,0.00,1.2027,1.2029,38.3954,82.42,0.58,0.00,10.7569,10.7591,19.3645,82.42,0.58,0.00,1.1934,1.1937,38.4622,82.42,0.58,0.00,7.4071,7.4086,22.6053,82.42,0.58,0.00,1.1659,1.1662,38.6647,82.42,0.58,0.00,7.2022,7.2037,22.8489,83.33,0.33,0.92,1.4843,1.4846,36.5680,82.42,0.58,0.00,1.1626,1.1628,38.6899,82.42,0.58,0.00
431,107,3,31,344.00,352.00,83.00,1,0.0000,0.0000,inf,82.42,0.58,0.00,1.3874,1.3874,37.1560,82.42,0.58,0.00,10.9568,10.9570,19.2061,83.33,0.33,0.92,1.3834,1.3834,37.1810,82.42,0.58,0.00,8.2136,8.2138,21.7091,83.80,0.80,1.38,1.3405,1.3405,37.4544,82.42,0.58,0.00,8.0718,8.0720,21.8603,83.80,0.80,1.38,1.6637,1.6637,35.5784,82.42,0.58,0.00,1.2726,1.2726,37.9058,82.42,0.58,0.00
432,108,0,31,352.00,360.00,83.00,1,0.0000,0.0000,inf,82.42,0.58,0.00,1.6222,1.6224,35.7966,82.42,0.58,0.00,10.9652,10.9667,19.1985,82.42,0.58,0.00,1.5695,1.5697,36.0839,83.33,0.33,0.92,9.1462,9.1474,20.7740,82.42,0.58,0.00,1.5441,1.5442,36.2257,83.33,0.33,0.92,8.5427,8.5438,21.3670,81.97,1.03,0.45,1.8168,1.8170,34.8128,82.42,0.58,0.00,1.5338,1.5340,36.2832,82.42,0.58,0.00
433,108,1,31,360.00,368.00,83.00,1,0.0000,0.0000,inf,83.33,0.33,0.00,1.6724,1.6726,35.5323,83.33,0.33,0.00,11.1865,11.1875,19.0254,83.33,0.33,0.00,1.3456,1.3457,37.4212,83.33,0.33,0.00,8.1008,8.1015,21.8287,82.87,0.13,0.46,1.2795,1.2796,37.8582,83.33,0.33,0.00,8.0706,8.0713,21.8611,82.87,0.13,0.46,1.7195,1.7197,35.2910,83.33,0.33,0.00,1.3859,1.3861,37.1643,83.33,0.33,0.00
434,108,2,31,368.00,376.00,82.00,1,0.0000,0.0000,inf,81.52,0.48,0.00,1.5398,1.5400,36.2499,81.52,0.48,0.00,10.6986,10.6994,19.4128,81.52,0.48,0.00,1.1896,1.1897,38.4909,81.52,0.48,0.00,7.8858,7.8865,22.0624,80.65,1.35,0.88,1.0786,1.0787,39.3418,81.52,0.48,0.00,8.2815,8.2822,21.6371,82.42,0.42,0.90,1.4127,1.4128,36.9986,81.52,0.48,0.00,1.2396,1.2397,38.1335,81.52,0.48,0.00
435,108,3,31,376.00,384.00,82.50,1,0.0000,0.0000,inf,82.42,0.08,0.00,1.1453,1.1453,38.8216,82.42,0.08,0.00,10.7518,10.7518,19.3704,82.42,0.08,0.00,1.3274,1.3274,37.5399,82.42,0.08,0.00,8.4966,8.4966,21.4151,82.42,0.08,0.00,1.2914,1.2914,37.7790,82.42,0.08,0.00,8.0111,8.0111,21.9261,82.87,0.37,0.46,1.6443,1.6443,35.6803,82.42,0.08,0.00,1.2615,1.2615,37.9821,83.33,0.83,0.92
436,109,0,31,384.00,392.00,82.00,1,0.0000,0.0000,inf,81.52,0.48,0.00,1.2295,1.2297,38.2043,81.52,0.48,0.00,11.3498,11.3512,18.8992,82.42,0.42,0.90,1.4062,1.4064,37.0378,81.52,0.48,0.00,7.6743,7.6752,22.2982,80.65,1.35,0.88,1.3214,1.3216,37.5781,81.52,0.48,0.00,7.4243,7.4252,22.5859,82.42,0.42,0.90,1.6923,1.6925,35.4296,81.52,0.48,0.00,1.3652,1.3654,37.2950,81.52,0.48,0.00
437,109,1,31,392.00,400.00,81.50,1,0.0000,0.0000,inf,81.52,0.02,0.00,2.0575,2.0590,33.7269,82.42,0.92,0.90,11.5269,11.5355,18.7592,82.42,0.92,0.90,1.5517,1.5528,36.1775,81.52,0.02,0.00,8.1680,8.1741,21.7512,81.52,0.02,0.00,1.5207,1.5219,36.3524,81.52,0.02,0.00,8.0581,8.0641,21.8689,82.42,0.92,0.90,1.6828,1.6840,35.4731,82.42,0.92,0.90,1.5054,1.5066,36.4403,81.52,0.02,0.00
438,109,2,31,400.00,408.00,81.00,1,0.0000,0.0000,inf,81.08,0.08,0.00,2.0033,2.0060,33.9532,81.08,0.08,0.00,10.6384,10.6532,19.4504,80.65,0.35,0.44,1.2852,1.2870,37.8088,81.08,0.08,0.00,7.6638,7.6745,22.2990,80.65,0.35,0.44,1.1651,1.1668,38.6604,81.08,0.08,0.00,8.1481,8.1595,21.7667,81.08,0.08,0.00,1.4095,1.4114,37.0067,81.52,0.52,0.44,1.1422,1.1438,38.8333,81.08,0.08,0.00
439,109,3,31,408.00,416.00,81.00,1,0.0000,0.0000,inf,81.52,0.52,0.00,1.3503,1.3506,37.3893,81.52,0.52,0.00,9.8423,9.8445,20.1362,81.52,0.52,0.00,1.4746,1.4749,36.6249,81.52,0.52,0.00,7.4578,7.4595,22.5458,81.08,0.08,0.44,1.3115,1.3117,37.6430,81.52,0.52,0.00,8.0945,8.0963,21.8343,80.65,0.35,0.88,1.4190,1.4193,36.9584,81.52,0.52,0.00,1.3347,1.3350,37.4904,81.52,0.52,0.00
440,110,0,31,416.00,424.00,82.00,1,0.0000,0.0000,inf,81.97,0.03,0.00,1.2080,1.2084,38.3560,81.97,0.03,0.00,10.1510,10.1541,19.8672,82.42,0.42,0.45,1.3230,1.3234,37.5664,83.33,1.33,1.37,7.5244,7.5266,22.4680,82.42,0.42,0.45,1.2188,1.2192,38.2788,82.87,0.87,0.91,7.4305,7.4327,22.5770,82.42,0.42,0.45,1.3683,1.3687,37.2739,82.42,0.42,0.45,1.3232,1.3236,37.5649,83.33,1.33,1.37
441,110,1,31,424.00,432.00,82.00,1,0.0000,0.0000,inf,81.52,0.48,0.00,1.3295,1.3295,37.5261,81.97,0.03,0.45,10.0079,10.0079,19.9931,82.42,0.42,0.90,1.4928,1.4928,36.5197,81.97,0.03,0.45,7.6546,7.6546,22.3215,81.52,0.48,0.00,1.4274,1.4274,36.9093,81.97,0.03,0.45,7.2892,7.2892,22.7464,81.52,0.48,0.00,1.6204,1.6204,35.8074,81.97,0.03,0.45,1.4170,1.4170,36.9724,81.52,0.48,0.00
442,110,2,31,432.00,440.00,82.00,1,0.0000,0.0000,inf,81.52,0.48,0.00,1.2572,1.2577,38.0084,81.52,0.48,0.00,10.0654,10.0697,19.9396,81.52,0.48,0.00,1.3204,1.3209,37.5823,81.52,0.48,0.00,7.3701,7.3733,22.6468,81.52,0.48,0.00,1.2999,1.3005,37.7180,81.52,0.48,0.00,7.7538,7.7571,22.2060,80.65,1.35,0.88,1.6047,1.6054,35.8884,81.08,0.92,0.44,1.3394,1.3400,37.4581,81.52,0.48,0.00
443,110,3,31,440.00,448.00,82.00,1,0.0000,0.0000,inf,83.33,1.33,0.00,1.3851,1.3851,37.1706,82.87,0.87,0.46,10.6841,10.6841,19.4252,82.42,0.42,0.92,1.1894,1.1894,38.4937,82.42,0.42,0.92,7.2649,7.2649,22.7754,81.97,0.03,1.37,1.1282,1.1282,38.9525,82.42,0.42,0.92,8.2937,8.2937,21.6250,82.42,0.42,0.92,1.3439,1.3439,37.4329,82.42,0.42,0.92,1.1489,1.1489,38.7941,82.87,0.87,0.46
444,111,0,31,448.00,456.00,82.00,1,0.0000,0.0000,inf,81.97,0.03,0.00,1.3218,1.3218,37.5764,81.97,0.03,0.00,11.2409,11.2410,18.9839,81.52,0.48,0.45,1.2818,1.2818,37.8434,82.42,0.42,0.45,6.6228,6.6229,23.5791,82.42,0.42,0.45,1.2423,1.2423,38.1151,81.97,0.03,0.00,7.7633,7.7634,22.1990,81.52,0.48,0.45,1.5023,1.5023,36.4648,81.97,0.03,0.00,1.3271,1.3271,37.5418,81.52,0.48,0.45
445,111,1,31,456.00,464.00,82.50,1,0.0000,0.0000,inf,82.42,0.08,0.00,1.9423,1.9427,34.2320,82.42,0.08,0.00,11.4643,11.4662,18.8116,82.42,0.08,0.00,1.3800,1.3802,37.2010,82.42,0.08,0.00,7.0467,7.0478,23.0389,82.42,0.08,0.00,1.3372,1.3375,37.4744,82.42,0.08,0.00,7.4894,7.4906,22.5097,82.42,0.08,0.00,1.6559,1.6562,35.6178,82.42,0.08,0.00,1.3219,1.3221,37.5747,82.42,0.08,0.00
446,111,2,31,464.00,472.00,83.00,1,0.0000,0.0000,inf,82.42,0.58,0.00,1.6735,1.6736,35.5270,82.87,0.13,0.46,10.7406,10.7413,19.3788,83.33,0.33,0.92,1.3772,1.3773,37.2196,83.33,0.33,0.92,7.0059,7.0063,23.0902,82.87,0.13,0.46,1.3601,1.3602,37.3282,83.33,0.33,0.92,7.7488,7.7493,22.2148,83.33,0.33,0.92,1.5467,1.5468,36.2112,82.87,0.13,0.46,1.3838,1.3839,37.1782,82.87,0.13,0.46
447,111,3,31,472.00,480.00,83.00,1,0.0000,0.0000,inf,82.42,0.58,0.00,1.3850,1.3858,37.1659,82.42,0.58,0.00,10.1012,10.1068,19.9078,83.33,0.33,0.92,1.2242,1.2249,38.2381,82.42,0.58,0.00,7.3978,7.4019,22.6131,82.87,0.13,0.46,1.2136,1.2142,38.3140,82.42,0.58,0.00,8.3397,8.3443,21.5722,82.87,0.13,0.46,1.4615,1.4623,36.6993,82.42,0.58,0.00,1.2259,1.2266,38.2263,82.87,0.13,0.46
448,112,0,37,32.00,40.00,91.00,1,0.0000,0.0000,inf,90.91,0.09,0.00,2.1077,2.1086,33.5200,90.36,0.64,0.55,14.4448,14.4511,16.8020,89.82,1.18,1.09,1.9836,1.9845,34.0471,91.46,0.46,0.55,13.5550,13.5609,17.3542,88.76,2.24,2.15,1.9503,1.9511,34.1944,89.82,1.18,1.09,13.4225,13.4283,17.4396,91.46,0.46,0.55,2.1897,2.1906,33.1887,91.46,0.46,0.55,2.1957,2.1967,33.1647,91.46,0.46,0.55
449,112,1,37,40.00,48.00,90.00,1,0.0000,0.0000,inf,88.24,1.76,0.00,3.0973,3.1035,30.1628,88.24,1.76,0.00,12.4878,12.5131,18.0527,88.24,1.76,0.00,1.8236,1.8273,34.7638,89.29,0.71,1.05,10.1959,10.2166,19.8139,89.29,0.71,1.05,1.7991,1.8027,34.8814,88.24,1.76,0.00,10.7825,10.8044,19.3279,89.29,0.71,1.05,1.8088,1.8125,34.8346,88.24,1.76,0.00,1.8123,1.8160,34.8178,89.29,0.71,1.05
450,112,2,37,48.00,56.00,89.00,1,0.0000,0.0000,inf,90.36,1.36,0.00,2.3392,2.3406,32.6136,90.36,1.36,0.00,10.5682,10.5742,19.5151,90.36,1.36,0.00,1.5763,1.5772,36.0423,90.36,1.36,0.00,10.8573,10.8634,19.2807,90.36,1.36,0.00,1.5096,1.5105,36.4176,90.36,1.36,0.00,10.4107,10.4166,19.6455,90.36,1.36,0.00,1.6220,1.6229,35.7939,90.36,1.36,0.00,1.5425,1.5434,36.2304,91.46,2.46,1.10
451,112,3,37,56.00,64.00,90.00,1,0.0000,0.0000,inf,89.29,0.71,0.00,2.1732,2.1808,33.2275,89.29,0.71,0.00,10.3572,10.3936,19.6646,90.36,0.36,1.08,1.6744,1.6803,35.4923,89.29,0.71,0.00,9.2069,9.2393,20.6872,90.36,0.36,1.08,1.5318,1.5372,36.2653,89.29,0.71,0.00,9.0883,9.1203,20.7998,89.29,0.71,0.00,1.6634,1.6693,35.5495,89.29,0.71,0.00,1.6247,1.6304,35.7543,89.29,0.71,0.00
452,113,0,37,64.00,72.00,90.00,1,0.0000,0.0000,inf,90.36,0.36,0.00,2.0782,2.0858,33.6144,91.46,1.46,1.10,9.3728,9.4071,20.5309,90.36,0.36,0.00,1.4198,1.4250,36.9239,90.36,0.36,0.00,9.4844,9.5191,20.4281,89.29,0.71,1.08,1.3009,1.3056,37.6836,91.46,1.46,1.10,8.9605,8.9933,20.9216,90.36,0.36,0.00,1.5194,1.5250,36.3348,91.46,1.46,1.10,1.3764,1.3815,37.1932,90.36,0.36,0.00
453,113,1,37,72.00,80.00,90.00,1,0.0000,0.0000,inf,90.36,0.36,0.00,1.8781,1.8811,34.5117,90.36,0.36,0.00,9.6289,9.6442,20.3147,90.36,0.36,0.00,1.4970,1.4994,36.4817,90.36,0.36,0.00,7.9105,7.9230,22.0222,90.36,0.36,0.00,1.2819,1.2840,37.8288,90.36,0.36,0.00,6.9362,6.9472,23.1638,91.46,1.46,1.10,1.4770,1.4793,36.5987,91.46,1.46,1.10,1.3061,1.3081,37.6670,90.36,0.36,0.00
454,113,2,37,80.00,88.00,90.00,1,0.0000,0.0000,inf,89.29,0.71,0.00,2.1363,2.1385,33.3978,89.29,0.71,0.00,9.2898,9.2993,20.6310,89.29,0.71,0.00,1.3910,1.3924,37.1247,90.36,0.36,1.08,8.1582,8.1665,21.7592,89.29,0.71,0.00,1.3148,1.3162,37.6138,89.29,0.71,0.00,7.4826,7.4903,22.5100,89.29,0.71,0.00,1.4165,1.4179,36.9670,90.36,0.36,1.08,1.3604,1.3618,37.3177,89.29,0.71,0.00
455,113,3,37,88.00,96.00,90.00,1,0.0000,0.0000,inf,89.29,0.71,0.00,2.3205,2.3231,32.6787,89.29,0.71,0.00,10.4524,10.4641,19.6059,90.36,0.36,1.08,1.5083,1.5100,36.4205,89.29,0.71,0.00,9.1003,9.1104,20.8092,89.29,0.71,0.00,1.2742,1.2756,37.8858,89.29,0.71,0.00,8.5126,8.5221,21.3891,89.29,0.71,0.00,1.3686,1.3701,37.2648,89.29,0.71,0.00,1.3638,1.3653,37.2951,89.29,0.71,0.00
456,114,0,37,96.00,104.00,90.00,1,0.0000,0.0000,inf,90.36,0.36,0.00,2.2356,2.2409,32.9915,90.36,0.36,0.00,10.8284,10.8539,19.2883,90.36,0.36,0.00,1.3421,1.3453,37.4239,90.36,0.36,0.00,8.1751,8.1944,21.7297,90.36,0.36,0.00,1.1834,1.1862,38.5167,90.36,0.36,0.00,7.4183,7.4358,22.5735,90.36,0.36,0.00,1.2820,1.2850,37.8217,90.36,0.36,0.00,1.2138,1.2167,38.2965,90.36,0.36,0.00
457,114,1,37,104.00,112.00,91.00,1,0.0000,0.0000,inf,90.36,0.64,0.00,2.4582,2.4606,32.1793,90.36,0.64,0.00,10.4733,10.4833,19.5900,90.36,0.64,0.00,1.2255,1.2266,38.2256,91.46,0.46,1.10,8.8071,8.8156,21.0950,90.36,0.64,0.00,1.0592,1.0603,39.4917,91.46,0.46,1.10,7.8801,7.8877,22.0610,90.36,0.64,0.00,1.4988,1.5003,36.4766,91.46,0.46,1.10,1.2026,1.2038,38.3890,90.36,0.64,0.00
458,114,2,37,112.00,120.00,90.00,1,0.0000,0.0000,inf,89.29,0.71,0.00,2.4875,2.4875,32.0846,90.36,0.36,1.08,12.1174,12.1176,18.3317,89.29,0.71,0.00,1.5419,1.5420,36.2385,89.29,0.71,0.00,9.4362,9.4363,20.5040,90.36,0.36,1.08,1.4416,1.4416,36.8230,90.36,0.36,1.08,8.8815,8.8816,21.0301,89.29,0.71,0.00,1.8142,1.8142,34.8263,89.29,0.71,0.00,1.4690,1.4690,36.6596,89.29,0.71,0.00
459,114,3,37,120.00,128.00,90.00,1,0.0000,0.0000,inf,89.29,0.71,0.00,2.5333,2.5333,31.9263,90.36,0.36,1.08,11.8876,11.8877,18.4980,89.29,0.71,0.00,1.4688,1.4689,36.6604,90.36,0.36,1.08,9.0175,9.0176,20.8982,90.36,0.36,1.08,1.3480,1.3480,37.4063,90.36,0.36,1.08,7.9962,7.9962,21.9423,90.36,0.36,1.08,1.5523,1.5523,36.1807,89.29,0.71,0.00,1.4326,1.4326,36.8774,89.29,0.71,0.00
460,115,0,37,128.00,136.00,90.00,1,0.0000,0.0000,inf,90.36,0.36,0.00,2.3240,2.3240,32.6754,90.36,0.36,0.00,10.7506,10.7506,19.3713,90.36,0.36,0.00,1.3619,1.3619,37.3173,90.36,0.36,0.00,8.9974,8.9974,20.9176,90.36,0.36,0.00,1.2324,1.2324,38.1852,90.36,0.36,0.00,7.8056,7.8056,22.1519,90.36,0.36,0.00,1.4338,1.4338,36.8705,90.36,0.36,0.00,1.2874,1.2874,37.8060,90.36,0.36,0.00
461,115,1,37,136.00,144.00,90.00,1,0.0000,0.0000,inf,90.36,0.36,0.00,2.4640,2.4643,32.1662,90.36,0.36,0.00,11.3888,11.3901,18.8694,90.36,0.36,0.00,1.3674,1.3675,37.2814,90.36,0.36,0.00,9.1279,9.1290,20.7916,90.36,0.36,0.00,1.2925,1.2927,37.7703,90.36,0.36,0.00,8.2357,8.2366,21.6850,90.36,0.36,0.00,1.5958,1.5960,35.9395,90.36,0.36,0.00,1.4193,1.4194,36.9576,90.36,0.36,0.00
462,115,2,37,144.00,152.00,91.00,1,0.0000,0.0000,inf,91.46,0.46,0.00,3.0592,3.0593,30.2876,91.46,0.46,0.00,12.7384,12.7389,17.8973,91.46,0.46,0.00,1.1851,1.1852,38.5244,91.46,0.46,0.00,8.6568,8.6572,21.2525,91.46,0.46,0.00,1.0230,1.0231,39.8018,91.46,0.46,0.00,8.4789,8.4792,21.4329,91.46,0.46,0.00,1.3203,1.3203,37.5863,91.46,0.46,0.00,1.0663,1.0663,39.4422,91.46,0.46,0.00
463,115,3,37,152.00,160.00,91.00,1,0.0000,0.0000,inf,89.29,1.71,0.00,2.9096,2.9098,30.7227,89.29,1.71,0.00,12.4606,12.4615,18.0886,89.29,1.71,0.00,1.3821,1.3822,37.1885,89.29,1.71,0.00,8.0745,8.0750,21.8571,89.29,1.71,0.00,1.2333,1.2334,38.1778,89.29,1.71,0.00,7.9555,7.9560,21.9861,89.29,1.71,0.00,1.3951,1.3952,37.1076,89.29,1.71,0.00,1.1689,1.1689,38.6442,89.29,1.71,0.00
464,116,0,37,160.00,168.00,89.00,1,0.0000,0.0000,inf,90.36,1.36,0.00,3.1823,3.1824,29.9448,90.36,1.36,0.00,14.1267,14.1275,16.9987,90.36,1.36,0.00,1.5522,1.5523,36.1806,91.46,2.46,1.10,8.5775,8.5780,21.3323,90.36,1.36,0.00,1.3667,1.3668,37.2858,90.36,1.36,0.00,8.5295,8.5300,21.3810,90.36,1.36,0.00,1.5800,1.5801,36.0265,90.36,1.36,0.00,1.3982,1.3983,37.0881,90.36,1.36,0.00
465,116,1,37,168.00,176.00,90.50,1,0.0000,0.0000,inf,90.36,0.14,0.00,3.1196,3.1279,30.0951,90.36,0.14,0.00,11.2575,11.2875,18.9480,90.36,0.14,0.00,1.6174,1.6217,35.8008,90.36,0.14,0.00,7.3921,7.4118,22.6015,89.29,1.21,1.08,1.5087,1.5127,36.4049,90.36,0.14,0.00,7.7785,7.7992,22.1590,90.36,0.14,0.00,1.6045,1.6087,35.8703,90.36,0.14,0.00,1.4907,1.4947,36.5090,90.36,0.14,0.00
466,116,2,37,176.00,184.00,90.00,1,0.0000,0.0000,inf,90.36,0.36,0.00,3.4186,3.4327,29.2873,90.36,0.36,0.00,14.3855,14.4449,16.8057,91.46,1.46,1.10,1.7167,1.7238,35.2704,90.36,0.36,0.00,8.8584,8.8950,21.0171,90.36,0.36,0.00,1.6365,1.6432,35.6860,90.36,0.36,0.00,8.4225,8.4572,21.4554,90.36,0.36,0.00,1.7124,1.7195,35.2920,90.36,0.36,0.00,1.7330,1.7402,35.1880,90.36,0.36,0.00
467,116,3,37,184.00,192.00,91.00,1,0.0000,0.0000,inf,90.36,0.64,0.00,2.5591,2.5674,31.8101,90.91,0.09,0.55,11.1885,11.2247,18.9965,90.91,0.09,0.55,1.3057,1.3099,37.6550,91.46,0.46,1.10,9.0921,9.1214,20.7987,91.46,0.46,1.10,1.2600,1.2640,37.9649,91.46,0.46,1.10,8.1431,8.1694,21.7562,90.36,0.64,0.00,1.2544,1.2585,38.0030,90.36,0.64,0.00,1.2100,1.2140,38.3159,90.36,0.64,0.00
468,117,0,37,192.00,200.00,91.00,1,0.0000,0.0000,inf,91.46,0.46,0.00,2.3006,2.3030,32.7542,91.46,0.46,0.00,10.0318,10.0420,19.9636,91.46,0.46,0.00,1.3128,1.3141,37.6275,91.46,0.46,0.00,9.2582,9.2675,20.6607,91.46,0.46,0.00,1.2160,1.2172,38.2928,91.46,0.46,0.00,9.0412,9.0503,20.8667,91.46,0.46,0.00,1.4827,1.4842,36.5701,92.59,1.59,1.13,1.1797,1.1809,38.5556,91.46,0.46,0.00
469,117,1,37,200.00,208.00,92.00,1,0.0000,0.0000,inf,91.46,0.54,0.00,2.6539,2.6546,31.5199,91.46,0.54,0.00,11.8597,11.8628,18.5162,91.46,0.54,0.00,1.4704,1.4708,36.6490,91.46,0.54,0.00,8.8728,8.8751,21.0365,91.46,0.54,0.00,1.3285,1.3288,37.5306,91.46,0.54,0.00,8.5113,8.5135,21.3979,91.46,0.54,0.00,1.4631,1.4635,36.6920,91.46,0.54,0.00,1.3419,1.3422,37.4436,91.46,0.54,0.00
470,117,2,37,208.00,216.00,91.00,1,0.0000,0.0000,inf,91.46,0.46,0.00,2.3906,2.3914,32.4271,90.36,0.64,1.10,11.1716,11.1753,19.0348,90.36,0.64,1.10,1.3437,1.3442,37.4309,91.46,0.46,0.00,8.1544,8.1571,21.7693,91.46,0.46,0.00,1.1630,1.1633,38.6858,90.36,0.64,1.10,7.2430,7.2454,22.7987,90.36,0.64,1.10,1.4341,1.4346,36.8655,90.36,0.64,1.10,1.1963,1.1967,38.4400,90.36,0.64,1.10
471,117,3,37,216.00,224.00,90.00,1,0.0000,0.0000,inf,91.46,1.46,0.00,2.2569,2.2573,32.9282,90.36,0.36,1.10,11.7117,11.7140,18.6259,91.46,1.46,0.00,1.6489,1.6492,35.6545,91.46,1.46,0.00,11.2904,11.2926,18.9441,91.46,1.46,0.00,1.5116,1.5119,36.4093,91.46,1.46,0.00,10.8311,10.8332,19.3049,91.46,1.46,0.00,1.7962,1.7965,34.9114,91.46,1.46,0.00,1.6370,1.6373,35.7172,90.36,0.36,1.10
472,118,0,37,224.00,232.00,91.00,1,0.0000,0.0000,inf,89.29,1.71,0.00,2.8470,2.8479,30.9095,89.29,1.71,0.00,11.4363,11.4399,18.8315,89.29,1.71,0.00,1.4930,1.4935,36.5161,90.36,0.64,1.08,8.4535,8.4562,21.4565,89.29,1.71,0.00,1.2999,1.3003,37.7190,89.29,1.71,0.00,8.7215,8.7242,21.1854,89.29,1.71,0.00,1.5340,1.5345,36.2809,89.29,1.71,0.00,1.3791,1.3795,37.2054,90.36,0.64,1.08
473,118,1,37,232.00,240.00,90.00,1,0.0000,0.0000,inf,89.29,0.71,0.00,2.2247,2.2248,33.0543,89.29,0.71,0.00,11.2131,11.2136,19.0051,88.24,1.76,1.05,1.7748,1.7749,35.0167,89.29,0.71,0.00,9.7511,9.7516,20.2185,88.24,1.76,1.05,1.6962,1.6962,35.4102,89.29,0.71,0.00,9.2604,9.2608,20.6670,89.29,0.71,0.00,1.8998,1.8999,34.4254,89.29,0.71,0.00,1.6760,1.6761,35.5142,89.29,0.71,0.00
474,118,2,37,240.00,248.00,90.00,1,0.0000,0.0000,inf,90.36,0.36,0.00,2.3110,2.3110,32.7240,89.29,0.71,1.08,10.8986,10.8986,19.2526,90.36,0.36,0.00,1.4497,1.4497,36.7743,89.29,0.71,1.08,9.3559,9.3560,20.5782,89.29,0.71,1.08,1.2704,1.2704,37.9212,89.29,0.71,1.08,8.8990,8.8990,21.0132,89.29,0.71,1.08,1.5836,1.5836,36.0073,89.29,0.71,1.08,1.3890,1.3890,37.1459,89.29,0.71,1.08
475,118,3,37,248.00,256.00,90.00,1,0.0000,0.0000,inf,90.36,0.36,0.00,2.3565,2.3572,32.5522,90.36,0.36,0.00,11.3452,11.3486,18.9011,90.36,0.36,0.00,1.2590,1.2594,37.9969,90.36,0.36,0.00,9.4438,9.4466,20.4945,91.46,1.46,1.10,1.0716,1.0720,39.3963,90.36,0.36,0.00,9.6026,9.6054,20.3497,90.36,0.36,0.00,1.4667,1.4672,36.6703,89.29,0.71,1.08,1.1518,1.1521,38.7701,89.29,0.71,1.08
476,119,0,37,256.00,264.00,90.00,1,0.0000,0.0000,inf,90.36,0.36,0.00,2.3807,2.3807,32.4658,90.36,0.36,0.00,11.1086,11.1086,19.0868,90.36,0.36,0.00,1.4205,1.4205,36.9512,90.36,0.36,0.00,8.8832,8.8832,21.0286,90.36,0.36,0.00,1.1661,1.1661,38.6652,90.36,0.36,0.00,8.6845,8.6845,21.2251,90.36,0.36,0.00,1.4841,1.4841,36.5705,90.36,0.36,0.00,1.2607,1.2607,37.9879,90.36,0.36,0.00
477,119,1,37,264.00,272.00,91.00,1,0.0000,0.0000,inf,90.36,0.64,0.00,2.6844,2.6845,31.4226,90.36,0.64,0.00,10.6891,10.6897,19.4207,90.36,0.64,0.00,1.3874,1.3875,37.1556,90.36,0.64,0.00,9.1208,9.1213,20.7989,89.29,1.71,1.08,1.2889,1.2890,37.7951,90.36,0.64,0.00,9.4732,9.4737,20.4696,90.36,0.64,0.00,1.5652,1.5653,36.1080,90.36,0.64,0.00,1.3645,1.3646,37.3001,90.36,0.64,0.00
478,119,2,37,272.00,280.00,90.00,1,0.0000,0.0000,inf,89.29,0.71,0.00,2.6064,2.6065,31.6788,89.29,0.71,0.00,11.0842,11.0845,19.1056,89.29,0.71,0.00,1.4749,1.4750,36.6244,89.29,0.71,0.00,8.5231,8.5233,21.3878,90.36,0.36,1.08,1.2574,1.2574,38.0104,90.36,0.36,1.08,8.5339,8.5342,21.3767,89.29,0.71,0.00,1.5433,1.5433,36.2308,89.29,0.71,0.00,1.3033,1.3034,37.6987,89.29,0.71,0.00
479,119,3,37,280.00,288.00,90.00,1,0.0000,0.0000,inf,90.36,0.36,0.00,2.6267,2.6309,31.5981,90.36,0.36,0.00,11.2241,11.2417,18.9834,90.36,0.36,0.00,1.3176,1.3197,37.5907,90.36,0.36,0.00,8.6021,8.6156,21.2943,90.36,0.36,0.00,1.1348,1.1366,38.8877,90.36,0.36,0.00,8.5488,8.5622,21.3483,90.36,0.36,0.00,1.3932,1.3954,37.1063,90.36,0.36,0.00,1.0544,1.0561,39.5260,90.36,0.36,0.00
480,120,0,37,288.00,296.00,90.00,1,0.0000,0.0000,inf,89.29,0.71,0.00,2.6705,2.6893,31.4071,89.82,0.18,0.53,10.2581,10.3305,19.7176,90.36,0.36,1.08,1.7243,1.7365,35.2064,90.91,0.91,1.62,9.6943,9.7628,20.2086,90.36,0.36,1.08,1.6281,1.6396,35.7051,89.29,0.71,0.00,9.6519,9.7201,20.2466,89.29,0.71,0.00,1.6941,1.7060,35.3604,90.36,0.36,1.08,1.5804,1.5916,35.9636,90.36,0.36,1.08
481,120,1,37,296.00,304.00,90.00,1,0.0000,0.0000,inf,89.29,0.71,0.00,3.2391,3.2570,29.7436,89.29,0.71,0.00,11.9828,12.0490,18.3810,89.29,0.71,0.00,2.3179,2.3307,32.6502,89.29,0.71,0.00,10.4363,10.4940,19.5812,89.29,0.71,0.00,2.1856,2.1977,33.1607,90.36,0.36,1.08,10.1377,10.1938,19.8333,89.29,0.71,0.00,2.3359,2.3489,32.5829,90.36,0.36,1.08,2.2414,2.2538,32.9418,89.29,0.71,0.00
482,120,2,37,304.00,312.00,89.00,1,0.0000,0.0000,inf,89.29,0.29,0.00,3.0990,3.1202,30.1163,89.29,0.29,0.00,13.1280,13.2179,17.5767,89.29,0.29,0.00,1.9937,2.0074,33.9474,89.29,0.29,0.00,11.0057,11.0811,19.1083,88.24,0.76,1.05,1.9270,1.9402,34.2430,89.29,0.29,0.00,10.8066,10.8806,19.2669,88.24,0.76,1.05,2.1210,2.1355,33.4101,89.29,0.29,0.00,1.9790,1.9926,34.0118,89.29,0.29,0.00
483,120,3,37,312.00,320.00,90.00,1,0.0000,0.0000,inf,90.36,0.36,0.00,2.4715,2.5066,32.0182,90.36,0.36,0.00,11.3241,11.4853,18.7972,90.36,0.36,0.00,1.3941,1.4140,36.9912,91.46,1.46,1.10,10.1092,10.2531,19.7829,90.36,0.36,0.00,1.3049,1.3235,37.5658,91.46,1.46,1.10,9.4794,9.6143,20.3416,90.36,0.36,0.00,1.7126,1.7369,35.2044,91.46,1.46,1.10,1.3935,1.4133,36.9952,91.46,1.46,1.10
484,121,0,37,320.00,328.00,90.00,1,0.0000,0.0000,inf,89.29,0.71,0.00,2.7935,2.8007,31.0547,89.29,0.71,0.00,11.7268,11.7569,18.5942,89.29,0.71,0.00,1.6868,1.6911,35.4367,89.29,0.71,0.00,9.2254,9.2490,20.6781,89.29,0.71,0.00,1.3793,1.3829,37.1843,89.29,0.71,0.00,9.4011,9.4252,20.5142,90.36,0.36,1.08,1.7678,1.7723,35.0292,89.29,0.71,0.00,1.4983,1.5021,36.4660,89.29,0.71,0.00
485,121,1,37,328.00,336.00,90.00,1,0.0000,0.0000,inf,89.29,0.71,0.00,2.8479,2.8481,30.9089,89.29,0.71,0.00,11.1866,11.1873,19.0255,89.29,0.71,0.00,1.5498,1.5499,36.1940,89.29,0.71,0.00,9.6684,9.6689,20.2924,89.29,0.71,0.00,1.3391,1.3392,37.4630,89.29,0.71,0.00,9.1654,9.1659,20.7565,89.29,0.71,0.00,1.6258,1.6259,35.7784,88.24,1.76,1.05,1.3448,1.3449,37.4264,89.29,0.71,0.00
486,121,2,37,336.00,344.00,89.00,1,0.0000,0.0000,inf,89.29,0.29,0.00,2.2946,2.2947,32.7854,89.29,0.29,0.00,10.1892,10.1897,19.8368,89.29,0.29,0.00,1.4623,1.4623,36.6991,89.29,0.29,0.00,8.6919,8.6924,21.2172,89.29,0.29,0.00,1.2931,1.2932,37.7667,89.29,0.29,0.00,8.3670,8.3674,21.5481,89.29,0.29,0.00,1.4454,1.4455,36.7997,89.29,0.29,0.00,1.4079,1.4080,37.0282,89.29,0.29,0.00
487,121,3,37,344.00,352.00,89.00,1,0.0000,0.0000,inf,89.29,0.29,0.00,2.3279,2.3316,32.6469,89.29,0.29,0.00,11.2967,11.3144,18.9273,89.29,0.29,0.00,1.2759,1.2779,37.8700,89.29,0.29,0.00,8.9174,8.9314,20.9816,89.29,0.29,0.00,1.1498,1.1516,38.7742,89.29,0.29,0.00,8.4053,8.4185,21.4953,89.29,0.29,0.00,1.3559,1.3580,37.3419,89.29,0.29,0.00,1.1866,1.1884,38.5005,89.29,0.29,0.00
488,122,0,37,352.00,360.00,89.00,1,0.0000,0.0000,inf,89.29,0.29,0.00,2.3303,2.3338,32.6389,89.29,0.29,0.00,13.2997,13.3196,17.5102,89.29,0.29,0.00,1.5635,1.5658,36.1051,89.29,0.29,0.00,9.2744,9.2883,20.6413,89.29,0.29,0.00,1.3711,1.3732,37.2455,89.29,0.29,0.00,9.4169,9.4310,20.5089,88.24,0.76,1.05,1.6194,1.6218,35.8001,88.24,0.76,1.05,1.4155,1.4176,36.9689,89.29,0.29,0.00
489,122,1,37,360.00,368.00,89.50,1,0.0000,0.0000,inf,90.36,0.86,0.00,2.5628,2.5633,31.8239,89.82,0.32,0.54,12.5701,12.5728,18.0114,89.82,0.32,0.54,1.5421,1.5425,36.2356,90.36,0.86,0.00,10.9428,10.9451,19.2156,90.36,0.86,0.00,1.4015,1.4018,37.0665,90.36,0.86,0.00,10.4751,10.4774,19.5949,89.29,0.21,1.08,1.6599,1.6603,35.5963,90.36,0.86,0.00,1.5007,1.5010,36.4725,90.36,0.86,0.00
490,122,2,37,368.00,376.00,90.00,1,0.0000,0.0000,inf,89.82,0.18,0.00,2.9231,2.9244,30.6792,89.29,0.71,0.53,12.6528,12.6585,17.9523,89.29,0.71,0.53,1.6774,1.6782,35.5032,89.29,0.71,0.53,11.6841,11.6894,18.6441,89.29,0.71,0.53,1.5328,1.5335,36.2866,89.29,0.71,0.53,10.1471,10.1517,19.8693,89.82,0.18,0.00,1.6925,1.6933,35.4254,89.29,0.71,0.53,1.6155,1.6162,35.8300,88.76,1.24,1.06
491,122,3,37,376.00,384.00,89.00,1,0.0000,0.0000,inf,93.75,4.75,0.00,3.1575,3.1699,29.9791,97.40,8.40,3.65,18.6734,18.7467,14.5415,91.46,2.46,2.29,3.6319,3.6461,28.7634,96.15,7.15,2.40,23.9213,24.0153,12.3903,93.75,4.75,0.00,3.2425,3.2552,29.7485,96.15,7.15,2.40,23.9646,24.0587,12.3745,90.36,1.36,3.39,4.3921,4.4093,27.1125,96.15,7.15,2.40,3.3642,3.3774,29.4283,92.59,3.59,1.16
492,123,0,37,384.00,392.00,90.00,1,0.0000,0.0000,inf,90.36,0.36,0.00,3.3494,3.3664,29.4566,90.36,0.36,0.00,13.2571,13.3244,17.5070,89.82,0.18,0.54,1.4826,1.4901,36.5355,90.36,0.36,0.00,9.4870,9.5352,20.4134,91.46,1.46,1.10,1.3340,1.3408,37.4526,89.29,0.71,1.08,9.1960,9.2427,20.6840,90.36,0.36,0.00,1.3813,1.3883,37.1501,90.36,0.36,0.00,1.4135,1.4207,36.9501,89.29,0.71,1.08
493,123,1,37,392.00,400.00,90.00,1,0.0000,0.0000,inf,90.36,0.36,0.00,3.1328,3.1477,30.0401,90.36,0.36,0.00,12.4865,12.5460,18.0299,90.36,0.36,0.00,1.4967,1.5038,36.4562,90.36,0.36,0.00,8.9323,8.9749,20.9394,89.29,0.71,1.08,1.4069,1.4136,36.9935,90.36,0.36,0.00,9.0963,9.1397,20.7814,90.36,0.36,0.00,1.5503,1.5577,36.1506,89.29,0.71,1.08,1.4880,1.4951,36.5066,90.36,0.36,0.00
494,123,2,37,400.00,408.00,91.00,1,0.0000,0.0000,inf,91.46,0.46,0.00,2.7315,2.7780,31.1252,91.46,0.46,0.00,12.0659,12.2717,18.2219,90.91,0.09,0.55,1.4632,1.4881,36.5471,91.46,0.46,0.00,9.4609,9.6223,20.3345,90.36,0.64,1.10,1.4360,1.4605,36.7102,91.46,0.46,0.00,9.2578,9.4157,20.5230,90.36,0.64,1.10,1.3879,1.4116,37.0057,91.46,0.46,0.00,1.5967,1.6240,35.7885,91.46,0.46,0.00
495,123,3,37,408.00,416.00,90.00,1,0.0000,0.0000,inf,89.29,0.71,0.00,2.9841,2.9878,30.4929,89.29,0.71,0.00,10.7179,10.7313,19.3869,89.29,0.71,0.00,2.0834,2.0860,33.6138,89.29,0.71,0.00,10.2025,10.2153,19.8150,88.76,1.24,0.53,1.9773,1.9798,34.0675,89.29,0.71,0.00,9.8349,9.8472,20.1338,89.29,0.71,0.00,2.0085,2.0110,33.9318,89.29,0.71,0.00,1.9480,1.9505,34.1972,89.29,0.71,0.00
496,124,0,37,416.00,424.00,89.00,1,0.0000,0.0000,inf,89.29,0.29,0.00,2.5625,2.5675,31.8098,89.29,0.29,0.00,11.9154,11.9385,18.4610,89.29,0.29,0.00,1.3958,1.3985,37.0869,89.29,0.29,0.00,7.9111,7.9264,22.0185,89.29,0.29,0.00,1.3329,1.3355,37.4869,89.29,0.29,0.00,8.2905,8.3066,21.6115,89.29,0.29,0.00,1.5332,1.5362,36.2710,89.29,0.29,0.00,1.3456,1.3482,37.4048,89.29,0.29,0.00
497,124,1,37,424.00,432.00,89.00,1,0.0000,0.0000,inf,90.36,1.36,0.00,2.8420,2.8448,30.9191,90.36,1.36,0.00,12.8737,12.8863,17.7974,91.46,2.46,1.10,2.1799,2.1821,33.2226,90.36,1.36,0.00,12.4396,12.4518,18.0954,92.59,3.59,2.23,2.1160,2.1180,33.4814,90.36,1.36,0.00,12.9323,12.9450,17.7580,91.46,2.46,1.10,2.1483,2.1504,33.3494,91.46,2.46,1.10,2.1722,2.1743,33.2536,90.36,1.36,0.00
498,124,2,37,432.00,440.00,91.00,1,0.0000,0.0000,inf,90.36,0.64,0.00,2.8856,2.9229,30.6838,90.36,0.64,0.00,12.3006,12.4596,18.0899,90.36,0.64,0.00,1.7601,1.7828,34.9780,90.36,0.64,0.00,8.8982,9.0132,20.9024,90.36,0.64,0.00,1.7697,1.7925,34.9307,89.82,1.18,0.54,8.5472,8.6577,21.2520,90.36,0.64,0.00,1.8117,1.8351,34.7266,89.82,1.18,0.54,1.8513,1.8752,34.5389,90.36,0.64,0.00
499,124,3,37,440.00,448.00,90.00,1,0.0000,0.0000,inf,89.82,0.18,0.00,2.2166,2.2185,33.0789,90.36,0.36,0.54,10.7906,10.7997,19.3318,90.36,0.36,0.54,1.7511,1.7525,35.1267,89.82,0.18,0.00,8.4283,8.4354,21.4779,89.82,0.18,0.00,1.6943,1.6957,35.4129,89.29,0.71,0.53,6.8914,6.8972,23.2266,90.36,0.36,0.54,1.9146,1.9162,34.3512,90.36,0.36,0.54,1.7665,1.7680,35.0502,89.82,0.18,0.00
500,125,0,37,448.00,456.00,90.00,1,0.0000,0.0000,inf,89.29,0.71,0.00,2.2942,2.2992,32.7684,89.29,0.71,0.00,11.4091,11.4339,18.8361,90.36,0.36,1.08,1.3880,1.3911,37.1331,89.29,0.71,0.00,7.6668,7.6834,22.2889,89.29,0.71,0.00,1.2623,1.2650,37.9581,89.82,0.18,0.53,6.6995,6.7141,23.4603,89.29,0.71,0.00,1.4702,1.4734,36.6338,89.29,0.71,0.00,1.4321,1.4352,36.8619,89.29,0.71,0.00
501,125,1,37,456.00,464.00,90.00,1,0.0000,0.0000,inf,90.36,0.36,0.00,3.0079,3.0108,30.4265,89.29,0.71,1.08,11.5080,11.5190,18.7717,89.29,0.71,1.08,1.3483,1.3496,37.3956,90.36,0.36,0.00,7.5057,7.5130,22.4838,89.29,0.71,1.08,1.2104,1.2116,38.3331,90.36,0.36,0.00,7.6081,7.6154,22.3661,89.29,0.71,1.08,1.3513,1.3526,37.3767,90.36,0.36,0.00,1.3378,1.3391,37.4635,89.29,0.71,1.08
502,125,2,37,464.00,472.00,90.00,1,0.0000,0.0000,inf,89.29,0.71,0.00,3.2762,3.2884,29.6602,90.36,0.36,1.08,13.8884,13.9404,17.1145,90.36,0.36,1.08,1.4961,1.5017,36.4683,89.29,0.71,0.00,9.8938,9.9308,20.0603,90.36,0.36,1.08,1.3810,1.3862,37.1637,89.29,0.71,0.00,10.2981,10.3367,19.7124,90.36,0.36,1.08,1.5346,1.5403,36.2476,89.29,0.71,0.00,1.4646,1.4701,36.6530,89.29,0.71,0.00
503,125,3,37,472.00,480.00,90.00,1,0.0000,0.0000,inf,88.24,1.76,0.00,3.2156,3.2300,29.8160,89.29,0.71,1.05,11.8587,11.9117,18.4805,88.24,1.76,0.00,1.6657,1.6732,35.5292,89.29,0.71,1.05,8.2200,8.2568,21.6638,88.24,1.76,0.00,1.4529,1.4594,36.7162,88.24,1.76,0.00,7.9841,8.0198,21.9167,88.24,1.76,0.00,1.5646,1.5716,36.0734,88.24,1.76,0.00,1.4359,1.4423,36.8188,89.29,0.71,1.05
504,126,0,42,32.00,40.00,84.00,1,0.0000,0.0000,inf,83.33,0.67,0.00,2.7233,2.7234,31.2978,83.33,0.67,0.00,17.4150,17.4156,15.1813,83.33,0.67,0.00,1.2336,1.2336,38.1765,83.33,0.67,0.00,6.6281,6.6283,23.5720,83.33,0.67,0.00,1.0247,1.0248,39.7874,83.33,0.67,0.00,6.8525,6.8527,23.2828,83.33,0.67,0.00,1.1360,1.1360,38.8925,83.33,0.67,0.00,1.0792,1.0792,39.3378,83.33,0.67,0.00
505,126,1,42,40.00,48.00,83.00,1,0.0000,0.0000,inf,83.33,0.33,0.00,2.1467,2.1468,33.3644,83.33,0.33,0.00,15.0020,15.0025,16.4767,84.27,1.27,0.94,1.2039,1.2039,38.3880,83.33,0.33,0.00,6.1787,6.1789,24.1818,83.33,0.33,0.00,1.2097,1.2098,38.3459,83.33,0.33,0.00,6.1566,6.1568,24.2129,83.80,0.80,0.47,1.3350,1.3351,37.4899,83.33,0.33,0.00,1.2474,1.2474,38.0799,83.33,0.33,0.00
506,126,2,42,48.00,56.00,84.00,1,0.0000,0.0000,inf,84.27,0.27,0.00,2.0840,2.0849,33.6185,83.80,0.20,0.47,15.3296,15.3359,16.2858,83.33,0.67,0.94,1.1688,1.1693,38.6415,84.27,0.27,0.00,7.4029,7.4060,22.6084,83.33,0.67,0.94,1.0386,1.0390,39.6674,83.80,0.20,0.47,6.6185,6.6212,23.5812,83.33,0.67,0.94,1.3808,1.3814,37.1936,83.80,0.20,0.47,0.9598,0.9602,40.3526,83.80,0.20,0.47
507,126,3,42,56.00,64.00,84.00,1,0.0000,0.0000,inf,84.75,0.75,0.00,2.2954,2.2956,32.7821,84.75,0.75,0.00,16.1013,16.1031,15.8618,84.27,0.27,0.48,1.3794,1.3796,37.2052,85.23,1.23,0.48,6.9119,6.9126,23.2071,84.75,0.75,0.00,1.2462,1.2463,38.0876,84.27,0.27,0.48,6.7012,6.7019,23.4760,84.75,0.75,0.00,1.4670,1.4672,36.6703,84.27,0.27,0.48,1.3565,1.3566,37.3507,84.27,0.27,0.48
508,127,0,42,64.00,72.00,84.00,1,0.0000,0.0000,inf,84.27,0.27,0.00,1.9141,1.9150,34.3565,84.27,0.27,0.00,15.6888,15.6966,16.0839,84.27,0.27,0.00,1.1580,1.1586,38.7215,84.27,0.27,0.00,6.9239,6.9273,23.1888,84.27,0.27,0.00,1.0540,1.0546,39.5386,84.27,0.27,0.00,6.6088,6.6120,23.5933,84.27,0.27,0.00,1.2945,1.2951,37.7540,84.27,0.27,0.00,1.1399,1.1404,38.8585,84.27,0.27,0.00
509,127,1,42,72.00,80.00,84.00,1,0.0000,0.0000,inf,84.27,0.27,0.00,2.0387,2.0390,33.8117,84.27,0.27,0.00,16.4169,16.4195,15.6928,84.27,0.27,0.00,1.3791,1.3794,37.2065,84.27,0.27,0.00,7.2782,7.2793,22.7582,85.23,1.23,0.96,1.2687,1.2689,37.9318,84.27,0.27,0.00,7.2916,7.2928,22.7421,84.27,0.27,0.00,1.1974,1.1976,38.4337,84.27,0.27,0.00,1.2771,1.2773,37.8739,84.27,0.27,0.00
510,127,2,42,80.00,88.00,84.00,1,0.0000,0.0000,inf,84.27,0.27,0.00,2.1637,2.1647,33.2919,84.27,0.27,0.00,15.2339,15.2415,16.3395,84.27,0.27,0.00,1.5655,1.5663,36.1027,84.27,0.27,0.00,7.4838,7.4875,22.5132,84.75,0.75,0.48,1.3513,1.3520,37.3803,84.27,0.27,0.00,6.7592,6.7625,23.3978,84.27,0.27,0.00,1.6246,1.6254,35.7810,84.27,0.27,0.00,1.3407,1.3414,37.4491,84.27,0.27,0.00
511,127,3,42,88.00,96.00,84.00,1,0.0000,0.0000,inf,83.33,0.67,0.00,2.1750,2.1754,33.2492,83.33,0.67,0.00,16.1059,16.1087,15.8588,83.33,0.67,0.00,1.0979,1.0981,39.1872,83.33,0.67,0.00,6.5813,6.5825,23.6322,83.33,0.67,0.00,0.9901,0.9902,40.0852,83.33,0.67,0.00,6.5815,6.5826,23.6320,83.33,0.67,0.00,1.0985,1.0987,39.1827,83.33,0.67,0.00,0.9106,0.9108,40.8118,83.33,0.67,0.00
512,128,0,42,96.00,104.00,84.00,1,0.0000,0.0000,inf,84.27,0.27,0.00,2.0132,2.0132,33.9222,84.27,0.27,0.00,15.7363,15.7363,16.0619,84.27,0.27,0.00,1.3497,1.3497,37.3953,84.27,0.27,0.00,7.0048,7.0048,23.0921,84.27,0.27,0.00,1.1526,1.1526,38.7661,84.27,0.27,0.00,7.0684,7.0684,23.0135,84.27,0.27,0.00,1.3701,1.3701,37.2649,84.27,0.27,0.00,1.1966,1.1966,38.4408,84.27,0.27,0.00
513,128,1,42,104.00,112.00,84.00,1,0.0000,0.0000,inf,84.27,0.27,0.00,2.9667,2.9678,30.5514,84.27,0.27,0.00,16.7099,16.7161,15.5373,84.27,0.27,0.00,1.2761,1.2766,37.8792,84.27,0.27,0.00,7.4683,7.4710,22.5324,85.23,1.23,0.96,1.0861,1.0865,39.2794,84.27,0.27,0.00,6.8577,6.8603,23.2732,84.27,0.27,0.00,1.1113,1.1117,39.0803,84.75,0.75,0.48,1.2186,1.2191,38.2795,84.27,0.27,0.00
514,128,2,42,112.00,120.00,84.00,1,0.0000,0.0000,inf,83.80,0.20,0.00,2.7297,2.7326,31.2684,84.27,0.27,0.47,16.3625,16.3797,15.7139,84.27,0.27,0.47,1.2493,1.2507,38.0572,84.27,0.27,0.47,6.5594,6.5663,23.6536,83.33,0.67,0.47,1.2612,1.2625,37.9754,84.27,0.27,0.47,6.4353,6.4421,23.8195,84.27,0.27,0.47,1.3002,1.3015,37.7109,84.27,0.27,0.47,1.3985,1.3999,37.0778,84.27,0.27,0.47
515,128,3,42,120.00,128.00,84.00,1,0.0000,0.0000,inf,83.33,0.67,0.00,2.4444,2.4449,32.2346,83.33,0.67,0.00,15.8923,15.8958,15.9744,83.33,0.67,0.00,1.2540,1.2543,38.0322,83.33,0.67,0.00,7.8361,7.8378,22.1161,83.80,0.20,0.47,1.1890,1.1892,38.4948,83.33,0.67,0.00,6.9382,6.9397,23.1732,83.80,0.20,0.47,1.5574,1.5578,36.1499,83.33,0.67,0.00,1.1336,1.1339,38.9087,83.33,0.67,0.00
516,129,0,42,128.00,136.00,84.00,1,0.0000,0.0000,inf,83.33,0.67,0.00,2.2259,2.2260,33.0496,83.33,0.67,0.00,16.7026,16.7032,15.5440,83.33,0.67,0.00,1.1049,1.1049,39.1336,82.87,1.13,0.46,6.0457,6.0459,24.3708,83.33,0.67,0.00,0.9997,0.9997,40.0026,83.33,0.67,0.00,6.6251,6.6253,23.5758,83.33,0.67,0.00,1.1083,1.1083,39.1067,83.33,0.67,0.00,0.9628,0.9628,40.3294,83.33,0.67,0.00
517,129,1,42,136.00,144.00,83.00,1,0.0000,0.0000,inf,82.42,0.58,0.00,2.1630,2.1631,33.2986,82.42,0.58,0.00,16.2129,16.2134,15.8025,82.42,0.58,0.00,0.9533,0.9533,40.4150,82.42,0.58,0.00,5.9381,5.9383,24.5268,82.42,0.58,0.00,0.8689,0.8689,41.2203,82.87,0.13,0.46,6.7744,6.7746,23.3823,82.42,0.58,0.00,1.0060,1.0060,39.9479,82.87,0.13,0.46,0.8305,0.8306,41.6125,82.42,0.58,0.00
518,129,2,42,144.00,152.00,83.00,1,0.0000,0.0000,inf,82.87,0.13,0.00,2.1961,2.1962,33.1666,82.87,0.13,0.00,16.1731,16.1738,15.8238,82.87,0.13,0.00,0.9368,0.9369,40.5663,82.42,0.58,0.46,6.1009,6.1011,24.2918,82.42,0.58,0.46,0.8636,0.8636,41.2736,82.87,0.13,0.00,6.6760,6.6763,23.5093,82.42,0.58,0.46,1.0487,1.0488,39.5865,82.87,0.13,0.00,0.8664,0.8664,41.2454,82.87,0.13,0.00
519,129,3,42,152.00,160.00,83.00,1,0.0000,0.0000,inf,81.97,1.03,0.00,2.0667,2.0667,33.6943,81.97,1.03,0.00,16.0522,16.0522,15.8893,81.97,1.03,0.00,0.9263,0.9263,40.6653,82.42,0.58,0.45,5.9938,5.9938,24.4460,81.52,1.48,0.45,0.8999,0.8999,40.9159,82.42,0.58,0.45,6.5450,6.5451,23.6817,81.97,1.03,0.00,1.1136,1.1136,39.0655,82.42,0.58,0.45,0.8074,0.8074,41.8586,82.42,0.58,0.45
520,130,0,42,160.00,168.00,82.00,1,0.0000,0.0000,inf,83.33,1.33,0.00,1.9914,1.9916,34.0161,83.33,1.33,0.00,15.7581,15.7592,16.0493,83.33,1.33,0.00,1.0264,1.0265,39.7731,83.33,1.33,0.00,6.8915,6.8921,23.2330,83.80,1.80,0.47,1.0446,1.0447,39.6206,83.33,1.33,0.00,6.7318,6.7323,23.4367,83.33,1.33,0.00,1.1462,1.1463,38.8141,83.33,1.33,0.00,0.9705,0.9705,40.2597,83.33,1.33,0.00
521,130,1,42,168.00,176.00,84.00,1,0.0000,0.0000,inf,83.33,0.67,0.00,1.9687,1.9697,34.1118,83.33,0.67,0.00,16.0507,16.0596,15.8853,83.33,0.67,0.00,1.1490,1.1496,38.7888,83.33,0.67,0.00,6.9219,6.9258,23.1907,83.33,0.67,0.00,0.9198,0.9203,40.7213,83.33,0.67,0.00,6.9069,6.9107,23.2096,83.33,0.67,0.00,1.0901,1.0907,39.2458,83.33,0.67,0.00,0.9433,0.9439,40.5018,83.33,0.67,0.00
522,130,2,42,176.00,184.00,84.00,1,0.0000,0.0000,inf,84.27,0.27,0.00,2.2965,2.2965,32.7786,84.27,0.27,0.00,15.9181,15.9181,15.9622,84.27,0.27,0.00,1.4274,1.4274,36.9091,84.75,0.75,0.48,7.0819,7.0819,22.9970,84.75,0.75,0.48,1.3158,1.3158,37.6159,84.27,0.27,0.00,6.8834,6.8834,23.2440,84.27,0.27,0.00,1.4354,1.4354,36.8607,84.27,0.27,0.00,1.3615,1.3615,37.3196,84.27,0.27,0.00
523,130,3,42,184.00,192.00,84.00,1,0.0000,0.0000,inf,84.27,0.27,0.00,2.6709,2.6713,31.4656,84.27,0.27,0.00,16.8964,16.8991,15.4427,84.27,0.27,0.00,1.5245,1.5248,36.3359,84.27,0.27,0.00,7.1950,7.1961,22.8580,84.27,0.27,0.00,1.4294,1.4296,36.8957,84.27,0.27,0.00,7.1957,7.1968,22.8572,84.27,0.27,0.00,1.4445,1.4447,36.8045,84.27,0.27,0.00,1.5950,1.5953,35.9432,84.27,0.27,0.00
524,131,0,42,192.00,200.00,84.00,1,0.0000,0.0000,inf,84.27,0.27,0.00,1.9634,1.9634,34.1397,84.27,0.27,0.00,15.3430,15.3430,16.2818,84.27,0.27,0.00,1.3638,1.3638,37.3052,83.33,0.67,0.94,7.1392,7.1392,22.9270,83.80,0.20,0.47,1.2107,1.2107,38.3392,83.33,0.67,0.94,6.2591,6.2591,24.0698,84.27,0.27,0.00,1.5094,1.5094,36.4239,83.80,0.20,0.47,1.1172,1.1172,39.0371,84.27,0.27,0.00
525,131,1,42,200.00,208.00,84.00,1,0.0000,0.0000,inf,83.80,0.20,0.00,2.2015,2.2017,33.1449,83.80,0.20,0.00,15.5382,15.5395,16.1713,84.27,0.27,0.47,1.1490,1.1491,38.7930,84.27,0.27,0.47,7.0100,7.0105,23.0850,83.80,0.20,0.00,1.0106,1.0107,39.9076,84.27,0.27,0.47,6.8984,6.8990,23.2243,83.80,0.20,0.00,1.2989,1.2991,37.7275,84.27,0.27,0.47,1.0652,1.0653,39.4508,83.33,0.67,0.47
526,131,2,42,208.00,216.00,84.00,1,0.0000,0.0000,inf,83.33,0.67,0.00,2.1733,2.1735,33.2568,83.33,0.67,0.00,15.5711,15.5724,16.1529,84.27,0.27,0.94,1.1088,1.1089,39.1021,84.27,0.27,0.94,7.3811,7.3817,22.6369,84.27,0.27,0.94,1.0707,1.0708,39.4058,84.27,0.27,0.94,6.7488,6.7494,23.4147,84.27,0.27,0.94,1.4244,1.4246,36.9264,83.80,0.20,0.47,1.1545,1.1546,38.7516,83.33,0.67,0.00
527,131,3,42,216.00,224.00,84.00,1,0.0000,0.0000,inf,83.33,0.67,0.00,2.1223,2.1240,33.4571,83.33,0.67,0.00,16.3159,16.3290,15.7408,83.33,0.67,0.00,1.1597,1.1606,38.7065,83.33,0.67,0.00,7.2441,7.2499,22.7933,83.33,0.67,0.00,1.0021,1.0029,39.9745,83.80,0.20,0.47,6.6244,6.6297,23.5701,83.33,0.67,0.00,1.1021,1.1030,39.1488,83.33,0.67,0.00,1.0772,1.0781,39.3469,83.33,0.67,0.00
528,132,0,42,224.00,232.00,84.00,1,0.0000,0.0000,inf,83.80,0.20,0.00,2.2405,2.2415,32.9893,84.27,0.27,0.47,16.7312,16.7388,15.5255,84.27,0.27,0.47,1.3935,1.3942,37.1137,84.27,0.27,0.47,6.9211,6.9243,23.1925,85.23,1.23,1.43,1.2407,1.2412,38.1228,84.27,0.27,0.47,7.0187,7.0219,23.0709,84.27,0.27,0.47,1.1830,1.1836,38.5361,84.27,0.27,0.47,1.2745,1.2751,37.8893,84.27,0.27,0.47
529,132,1,42,232.00,240.00,84.00,1,0.0000,0.0000,inf,83.33,0.67,0.00,2.3193,2.3199,32.6906,83.33,0.67,0.00,16.6375,16.6418,15.5760,83.33,0.67,0.00,1.0442,1.0445,39.6220,83.33,0.67,0.00,6.5227,6.5244,23.7092,84.27,0.27,0.94,0.9024,0.9026,40.8899,83.33,0.67,0.00,6.4958,6.4975,23.7450,82.87,1.13,0.46,1.4112,1.4116,37.0057,83.33,0.67,0.00,0.9643,0.9646,40.3134,83.33,0.67,0.00
530,132,2,42,240.00,248.00,83.50,1,0.0000,0.0000,inf,83.33,0.17,0.00,2.0764,2.0764,33.6537,83.33,0.17,0.00,15.8810,15.8810,15.9824,83.33,0.17,0.00,1.2770,1.2770,37.8760,83.33,0.17,0.00,7.2429,7.2429,22.8018,82.87,0.63,0.46,1.1758,1.1758,38.5931,83.80,0.30,0.47,6.2340,6.2340,24.1047,83.33,0.17,0.00,1.4476,1.4476,36.7871,83.33,0.17,0.00,1.1161,1.1161,39.0460,83.80,0.30,0.47
531,132,3,42,248.00,256.00,83.00,1,0.0000,0.0000,inf,83.33,0.33,0.00,2.2268,2.2268,33.0464,83.33,0.33,0.00,15.9366,15.9367,15.9520,83.33,0.33,0.00,1.0131,1.0131,39.8870,82.87,0.13,0.46,6.0921,6.0921,24.3046,83.33,0.33,0.00,0.9197,0.9197,40.7272,83.33,0.33,0.00,6.4306,6.4306,23.8349,83.33,0.33,0.00,1.0454,1.0454,39.6143,83.33,0.33,0.00,0.8878,0.8878,41.0339,83.33,0.33,0.00
532,133,0,42,256.00,264.00,83.00,1,0.0000,0.0000,inf,83.80,0.80,0.00,2.1857,2.1858,33.2079,84.27,1.27,0.47,16.0245,16.0248,15.9041,84.27,1.27,0.47,1.1869,1.1869,38.5119,84.27,1.27,0.47,7.0893,7.0894,22.9878,84.27,1.27,0.47,1.0252,1.0252,39.7838,83.80,0.80,0.00,6.7406,6.7407,23.4259,84.27,1.27,0.47,1.3487,1.3487,37.4015,83.80,0.80,0.00,1.1238,1.1238,38.9861,83.80,0.80,0.00
533,133,1,42,264.00,272.00,84.00,1,0.0000,0.0000,inf,83.80,0.20,0.00,2.0981,2.0984,33.5623,83.33,0.67,0.47,15.6961,15.6984,16.0829,83.33,0.67,0.47,1.0853,1.0855,39.2877,83.33,0.67,0.47,7.1972,7.1983,22.8554,83.33,0.67,0.47,1.0181,1.0182,39.8430,83.33,0.67,0.47,6.5754,6.5764,23.6402,84.27,0.27,0.47,1.1855,1.1857,38.5205,83.33,0.67,0.47,1.0742,1.0744,39.3766,83.33,0.67,0.47
534,133,2,42,272.00,280.00,84.00,1,0.0000,0.0000,inf,84.27,0.27,0.00,2.0011,2.0013,33.9737,84.27,0.27,0.00,16.1231,16.1247,15.8502,83.80,0.20,0.47,1.1820,1.1822,38.5465,83.80,0.20,0.47,6.7947,6.7954,23.3557,83.80,0.20,0.47,1.0596,1.0597,39.4962,84.27,0.27,0.00,6.5356,6.5363,23.6934,83.80,0.20,0.47,1.1274,1.1275,38.9579,84.27,0.27,0.00,1.1678,1.1679,38.6516,84.27,0.27,0.00
535,133,3,42,280.00,288.00,83.50,1,0.0000,0.0000,inf,82.42,1.08,0.00,2.8498,2.8498,30.9036,82.87,0.63,0.46,17.3628,17.3633,15.2073,82.42,1.08,0.00,1.1726,1.1726,38.6170,82.87,0.63,0.46,7.2459,7.2461,22.7979,82.87,0.63,0.46,0.9880,0.9880,40.1047,82.87,0.63,0.46,6.8279,6.8281,23.3139,82.42,1.08,0.00,1.1573,1.1574,38.7305,83.33,0.17,0.92,1.1509,1.1509,38.7790,83.33,0.17,0.92
536,134,0,42,288.00,296.00,83.00,1,0.0000,0.0000,inf,82.42,0.58,0.00,3.3072,3.3073,29.6106,82.42,0.58,0.00,16.8578,16.8581,15.4638,82.42,0.58,0.00,1.0564,1.0564,39.5234,82.42,0.58,0.00,6.4138,6.4139,23.8575,81.97,1.03,0.45,0.9674,0.9674,40.2875,82.42,0.58,0.00,6.3483,6.3484,23.9466,81.97,1.03,0.45,1.0520,1.0521,39.5592,82.42,0.58,0.00,1.0845,1.0845,39.2956,82.42,0.58,0.00
537,134,1,42,296.00,304.00,83.00,1,0.0000,0.0000,inf,82.87,0.13,0.00,3.3399,3.3399,29.5253,83.33,0.33,0.46,17.8046,17.8047,14.9893,83.33,0.33,0.46,1.0415,1.0415,39.6465,82.87,0.13,0.00,6.7814,6.7814,23.3736,82.42,0.58,0.46,0.9083,0.9083,40.8357,83.33,0.33,0.46,7.0322,7.0323,23.0581,83.33,0.33,0.46,1.0329,1.0329,39.7189,83.33,0.33,0.46,0.9900,0.9900,40.0875,82.87,0.13,0.00
538,134,2,42,304.00,312.00,84.00,1,0.0000,0.0000,inf,84.27,0.27,0.00,2.4697,2.4706,32.1438,84.27,0.27,0.00,17.1058,17.1123,15.3339,84.27,0.27,0.00,1.3769,1.3774,37.2186,84.27,0.27,0.00,6.9032,6.9058,23.2157,84.27,0.27,0.00,1.2329,1.2333,38.1784,84.27,0.27,0.00,6.8117,6.8143,23.3316,83.33,0.67,0.94,1.4944,1.4949,36.5076,84.27,0.27,0.00,1.2345,1.2350,38.1666,84.27,0.27,0.00
539,134,3,42,312.00,320.00,84.00,1,0.0000,0.0000,inf,84.75,0.75,0.00,2.0457,2.0458,33.7828,84.75,0.75,0.00,16.0550,16.0554,15.8876,84.75,0.75,0.00,1.4116,1.4116,37.0055,84.75,0.75,0.00,7.3951,7.3953,22.6209,84.75,0.75,0.00,1.2525,1.2525,38.0442,84.27,0.27,0.48,7.1289,7.1291,22.9393,84.27,0.27,0.48,1.4721,1.4722,36.6407,84.75,0.75,0.00,1.4096,1.4097,37.0175,84.27,0.27,0.48
540,135,0,42,320.00,328.00,84.00,1,0.0000,0.0000,inf,83.33,0.67,0.00,2.0207,2.0207,33.8900,83.33,0.67,0.00,15.9214,15.9215,15.9603,83.33,0.67,0.00,1.2445,1.2445,38.1000,83.33,0.67,0.00,6.5034,6.5034,23.7371,83.33,0.67,0.00,1.0089,1.0089,39.9230,83.33,0.67,0.00,6.3790,6.3791,23.9048,83.80,0.20,0.47,1.2429,1.2429,38.1111,83.33,0.67,0.00,1.1075,1.1075,39.1129,83.33,0.67,0.00
541,135,1,42,328.00,336.00,84.00,1,0.0000,0.0000,inf,83.33,0.67,0.00,2.1179,2.1182,33.4805,83.33,0.67,0.00,15.8511,15.8532,15.9976,83.33,0.67,0.00,1.0556,1.0558,39.5286,83.33,0.67,0.00,7.0588,7.0598,23.0242,83.33,0.67,0.00,0.9032,0.9033,40.8835,83.33,0.67,0.00,6.6678,6.6687,23.5192,83.33,0.67,0.00,1.1162,1.1163,39.0443,83.33,0.67,0.00,1.0000,1.0002,39.9986,83.33,0.67,0.00
542,135,2,42,336.00,344.00,84.00,1,0.0000,0.0000,inf,83.33,0.67,0.00,2.2050,2.2055,33.1297,83.33,0.67,0.00,16.3281,16.3323,15.7391,83.33,0.67,0.00,1.1234,1.1237,38.9872,83.80,0.20,0.47,6.8190,6.8207,23.3235,83.33,0.67,0.00,0.9973,0.9975,40.0215,83.33,0.67,0.00,6.3071,6.3087,24.0012,83.33,0.67,0.00,1.1491,1.1494,38.7906,83.33,0.67,0.00,1.1022,1.1025,39.1524,83.33,0.67,0.00
543,135,3,42,344.00,352.00,83.00,1,0.0000,0.0000,inf,83.33,0.33,0.00,3.1075,3.1091,30.1473,83.33,0.33,0.00,16.6736,16.6823,15.5549,83.33,0.33,0.00,1.1862,1.1868,38.5126,83.33,0.33,0.00,7.4032,7.4071,22.6071,83.33,0.33,0.00,1.0661,1.0666,39.4397,83.33,0.33,0.00,6.9693,6.9730,23.1316,83.33,0.33,0.00,1.1045,1.1051,39.1322,83.80,0.80,0.47,1.0708,1.0713,39.4014,83.33,0.33,0.00
544,136,0,42,352.00,360.00,84.00,1,0.0000,0.0000,inf,83.80,0.20,0.00,3.0790,3.0794,30.2306,83.80,0.20,0.00,16.2021,16.2045,15.8073,84.27,0.27,0.47,1.1166,1.1168,39.0405,84.27,0.27,0.47,6.2790,6.2799,24.0410,83.33,0.67,0.47,1.0648,1.0649,39.4536,83.80,0.20,0.00,6.4377,6.4387,23.8241,83.33,0.67,0.47,1.1941,1.1943,38.4576,83.80,0.20,0.00,1.1088,1.1090,39.1014,84.27,0.27,0.47
545,136,1,42,360.00,368.00,84.00,1,0.0000,0.0000,inf,84.27,0.27,0.00,2.4709,2.4724,32.1376,83.33,0.67,0.94,16.1330,16.1429,15.8404,83.33,0.67,0.94,1.3550,1.3559,37.3557,83.33,0.67,0.94,7.2849,7.2894,22.7462,83.80,0.20,0.47,1.2242,1.2249,38.2377,83.80,0.20,0.47,6.8015,6.8057,23.3426,84.27,0.27,0.00,1.6031,1.6040,35.8956,83.80,0.20,0.47,1.2427,1.2434,38.1076,83.33,0.67,0.94
546,136,2,42,368.00,376.00,84.00,1,0.0000,0.0000,inf,84.27,0.27,0.00,2.2137,2.2139,33.0968,84.27,0.27,0.00,16.3899,16.3912,15.7078,84.27,0.27,0.00,1.2229,1.2230,38.2515,84.27,0.27,0.00,6.9254,6.9259,23.1905,83.33,0.67,0.94,1.2299,1.2300,38.2017,84.27,0.27,0.00,7.0758,7.0764,23.0038,83.33,0.67,0.94,1.2183,1.2184,38.2845,84.27,0.27,0.00,1.2084,1.2085,38.3550,84.27,0.27,0.00
547,136,3,42,376.00,384.00,84.00,1,0.0000,0.0000,inf,83.33,0.67,0.00,2.1917,2.1923,33.1822,83.33,0.67,0.00,15.8970,15.9008,15.9716,83.80,0.20,0.47,1.1975,1.1978,38.4325,83.33,0.67,0.00,6.9590,6.9607,23.1469,83.33,0.67,0.00,0.9475,0.9477,40.4666,83.33,0.67,0.00,7.0309,7.0326,23.0576,83.80,0.20,0.47,1.1031,1.1034,39.1455,83.33,0.67,0.00,0.9904,0.9906,40.0820,83.33,0.67,0.00
548,137,0,42,384.00,392.00,84.00,1,0.0000,0.0000,inf,84.27,0.27,0.00,2.2292,2.2292,33.0371,84.27,0.27,0.00,15.6814,15.6814,16.0923,84.27,0.27,0.00,1.0220,1.0220,39.8109,84.27,0.27,0.00,7.2775,7.2776,22.7603,83.33,0.67,0.94,0.9264,0.9264,40.6640,84.27,0.27,0.00,6.5196,6.5196,23.7155,83.80,0.20,0.47,1.3033,1.3033,37.6990,84.27,0.27,0.00,1.0551,1.0551,39.5339,84.27,0.27,0.00
549,137,1,42,392.00,400.00,84.00,1,0.0000,0.0000,inf,83.33,0.67,0.00,2.6488,2.6490,31.5383,83.33,0.67,0.00,16.7067,16.7082,15.5414,83.33,0.67,0.00,1.2386,1.2387,38.1405,83.33,0.67,0.00,7.1786,7.1792,22.8785,83.33,0.67,0.00,1.0803,1.0804,39.3285,83.33,0.67,0.00,6.8227,6.8233,23.3201,83.33,0.67,0.00,1.2331,1.2332,38.1795,83.33,0.67,0.00,1.0616,1.0617,39.4801,83.33,0.67,0.00
550,137,2,42,400.00,408.00,82.50,1,0.0000,0.0000,inf,82.42,0.08,0.00,3.0472,3.0472,30.3219,82.42,0.08,0.00,16.6606,16.6607,15.5661,82.42,0.08,0.00,1.1058,1.1058,39.1263,81.97,0.53,0.45,6.5575,6.5575,23.6652,81.97,0.53,0.45,0.9427,0.9427,40.5129,81.97,0.53,0.45,6.3896,6.3896,23.8905,82.42,0.08,0.00,1.1343,1.1343,38.9055,82.42,0.08,0.00,1.0445,1.0445,39.6217,81.97,0.53,0.45
551,137,3,42,408.00,416.00,83.00,1,0.0000,0.0000,inf,84.27,1.27,0.00,2.5486,2.5498,31.8700,84.27,1.27,0.00,16.9786,16.9861,15.3981,84.27,1.27,0.00,1.3723,1.3729,37.2474,84.27,1.27,0.00,6.7360,6.7390,23.4281,83.80,0.80,0.47,1.2073,1.2078,38.3598,84.27,1.27,0.00,6.8726,6.8757,23.2537,84.27,1.27,0.00,1.2155,1.2160,38.3013,84.27,1.27,0.00,1.2522,1.2528,38.0423,84.27,1.27,0.00
552,138,0,42,416.00,424.00,84.00,1,0.0000,0.0000,inf,84.27,0.27,0.00,2.1350,2.1353,33.4106,84.27,0.27,0.00,15.6119,15.6143,16.1296,83.80,0.20,0.47,1.4272,1.4274,36.9089,84.27,0.27,0.00,7.1264,7.1275,22.9413,83.33,0.67,0.94,1.3340,1.3342,37.4953,84.27,0.27,0.00,6.5427,6.5437,23.6835,83.80,0.20,0.47,1.6303,1.6305,35.7535,84.27,0.27,0.00,1.2778,1.2780,37.8692,84.27,0.27,0.00
553,138,1,42,424.00,432.00,84.00,1,0.0000,0.0000,inf,83.80,0.20,0.00,2.1026,2.1029,33.5435,83.80,0.20,0.00,16.4391,16.4414,15.6812,83.33,0.67,0.47,1.2708,1.2709,37.9175,84.27,0.27,0.47,6.9208,6.9217,23.1957,83.33,0.67,0.47,1.2812,1.2814,37.8465,84.27,0.27,0.47,7.2936,7.2946,22.7400,83.80,0.20,0.00,1.3028,1.3029,37.7015,83.80,0.20,0.00,1.1680,1.1682,38.6499,83.80,0.20,0.00
554,138,2,42,432.00,440.00,83.50,1,0.0000,0.0000,inf,83.33,0.17,0.00,2.1613,2.1613,33.3057,83.33,0.17,0.00,16.2039,16.2039,15.8076,83.33,0.17,0.00,1.0995,1.0995,39.1764,83.33,0.17,0.00,6.5925,6.5925,23.6190,82.87,0.63,0.46,0.8360,0.8361,41.5553,83.33,0.17,0.00,6.2300,6.2300,24.1102,82.87,0.63,0.46,1.0804,1.0804,39.3282,83.33,0.17,0.00,0.9444,0.9444,40.4970,83.33,0.17,0.00
555,138,3,42,440.00,448.00,83.00,1,0.0000,0.0000,inf,84.27,1.27,0.00,2.2318,2.2320,33.0262,84.27,1.27,0.00,15.5886,15.5903,16.1429,84.75,1.75,0.48,1.3160,1.3161,37.6141,84.27,1.27,0.00,7.3153,7.3161,22.7144,84.27,1.27,0.00,1.2500,1.2501,38.0612,84.75,1.75,0.48,7.0487,7.0494,23.0369,83.80,0.80,0.47,1.4590,1.4591,36.7181,84.27,1.27,0.00,1.2546,1.2547,38.0289,84.75,1.75,0.48
556,139,0,42,448.00,456.00,84.00,1,0.0000,0.0000,inf,84.27,0.27,0.00,3.1779,3.1810,29.9488,84.27,0.27,0.00,16.4042,16.4203,15.6924,84.27,0.27,0.00,1.2260,1.2272,38.2215,84.27,0.27,0.00,7.6055,7.6129,22.3690,85.23,1.23,0.96,1.1058,1.1069,39.1181,84.27,0.27,0.00,6.9337,6.9405,23.1722,84.27,0.27,0.00,1.2086,1.2098,38.3460,84.27,0.27,0.00,1.2605,1.2617,37.9808,84.27,0.27,0.00
557,139,1,42,456.00,464.00,84.00,1,0.0000,0.0000,inf,84.27,0.27,0.00,3.0944,3.0968,30.1817,84.75,0.75,0.48,16.8405,16.8538,15.4660,85.23,1.23,0.96,1.6278,1.6291,35.7612,85.23,1.23,0.96,6.8201,6.8255,23.3173,83.33,0.67,0.94,1.3942,1.3953,37.1068,85.23,1.23,0.96,6.7634,6.7688,23.3898,84.27,0.27,0.00,1.7319,1.7333,35.2227,84.27,0.27,0.00,1.3717,1.3727,37.2483,85.23,1.23,0.96
558,139,2,42,464.00,472.00,84.00,1,0.0000,0.0000,inf,84.27,0.27,0.00,2.2630,2.2632,32.9055,84.27,0.27,0.00,16.6932,16.6947,15.5484,84.27,0.27,0.00,1.2858,1.2859,37.8159,84.27,0.27,0.00,7.4247,7.4254,22.5856,83.80,0.20,0.47,1.1226,1.1227,38.9950,84.27,0.27,0.00,7.4428,7.4434,22.5645,84.27,0.27,0.00,1.2731,1.2732,37.9020,84.27,0.27,0.00,1.2244,1.2245,38.2409,84.27,0.27,0.00
559,139,3,42,472.00,480.00,84.00,1,0.0000,0.0000,inf,83.80,0.20,0.00,2.0868,2.0873,33.6081,83.33,0.67,0.47,16.0520,16.0559,15.8873,83.80,0.20,0.00,1.2191,1.2194,38.2774,83.33,0.67,0.47,6.7917,6.7934,23.3582,83.33,0.67,0.47,0.9591,0.9594,40.3603,83.80,0.20,0.00,6.5159,6.5176,23.7183,83.33,0.67,0.47,1.3066,1.3069,37.6749,83.33,0.67,0.47,1.0487,1.0490,39.5848,83.33,0.67,0.47
560,140,0,43,32.00,40.00,89.00,1,0.0000,0.0000,inf,91.46,2.46,0.00,5.0104,5.0155,25.9936,91.46,2.46,0.00,24.4962,24.5215,12.2091,91.46,2.46,0.00,2.4454,2.4479,32.2241,90.36,1.36,1.10,11.4712,11.4831,18.7988,90.36,1.36,1.10,2.2824,2.2848,32.8231,90.36,1.36,1.10,10.5394,10.5503,19.5347,91.46,2.46,0.00,2.5851,2.5878,31.7414,91.46,2.46,0.00,2.2088,2.2111,33.1080,90.36,1.36,1.10
561,140,1,43,40.00,48.00,89.50,1,0.0000,0.0000,inf,87.21,2.29,0.00,5.6859,5.7417,24.8192,88.24,1.26,1.03,25.0881,25.3340,11.9259,88.24,1.26,1.03,2.4793,2.5036,32.0286,88.24,1.26,1.03,12.9322,13.0590,17.6818,88.24,1.26,1.03,2.4647,2.4889,32.0798,87.21,2.29,0.00,12.1951,12.3147,18.1915,88.24,1.26,1.03,2.4838,2.5081,32.0130,88.24,1.26,1.03,2.4200,2.4438,32.2389,87.21,2.29,0.00
562,140,2,43,48.00,56.00,88.00,1,0.0000,0.0000,inf,90.36,2.36,0.00,3.5752,3.6062,28.8591,89.29,1.29,1.08,19.2097,19.3760,14.2547,89.29,1.29,1.08,1.6960,1.7107,35.3365,90.36,2.36,0.00,10.4156,10.5058,19.5714,89.29,1.29,1.08,1.6177,1.6317,35.7470,89.29,1.29,1.08,11.3562,11.4546,18.8204,89.29,1.29,1.08,1.9844,2.0016,33.9725,90.36,2.36,0.00,1.6971,1.7118,35.3312,89.29,1.29,1.08
563,140,3,43,56.00,64.00,90.00,1,0.0000,0.0000,inf,88.24,1.76,0.00,3.7064,3.7106,28.6110,88.24,1.76,0.00,20.0575,20.0803,13.9446,88.24,1.76,0.00,1.7188,1.7208,35.2856,88.24,1.76,0.00,8.4151,8.4247,21.4889,88.24,1.76,0.00,1.4856,1.4873,36.5522,88.76,1.24,0.52,7.0652,7.0732,23.0076,88.24,1.76,0.00,1.6489,1.6508,35.6463,88.24,1.76,0.00,1.5707,1.5724,36.0685,88.76,1.24,0.52
564,141,0,43,64.00,72.00,88.00,1,0.0000,0.0000,inf,87.72,0.28,0.00,3.0408,3.0518,30.3088,87.72,0.28,0.00,20.4030,20.4768,13.7748,87.72,0.28,0.00,1.6412,1.6471,35.6654,87.72,0.28,0.00,8.7412,8.7729,21.1372,86.21,1.79,1.51,1.6434,1.6494,35.6537,87.72,0.28,0.00,8.4311,8.4616,21.4510,87.21,0.79,0.51,1.8999,1.9068,34.3940,87.72,0.28,0.00,1.6788,1.6848,35.4688,87.72,0.28,0.00
565,141,1,43,72.00,80.00,87.00,1,0.0000,0.0000,inf,88.24,1.24,0.00,3.4271,3.4294,29.2956,88.76,1.76,0.52,19.2775,19.2903,14.2932,88.76,1.76,0.52,1.5589,1.5599,36.1380,88.76,1.76,0.52,9.5348,9.5411,20.4080,88.24,1.24,0.00,1.4045,1.4054,37.0438,89.29,2.29,1.05,9.2212,9.2273,20.6985,88.24,1.24,0.00,1.7174,1.7186,35.2966,88.76,1.76,0.52,1.4548,1.4558,36.7379,88.76,1.76,0.52
566,141,2,43,80.00,88.00,91.00,1,0.0000,0.0000,inf,90.91,0.09,0.00,3.2649,3.2825,29.6760,91.46,0.46,0.55,18.6962,18.7971,14.5182,93.75,2.75,2.84,1.8423,1.8522,34.6463,90.91,0.09,0.00,13.5521,13.6252,17.3131,89.29,1.71,1.62,1.7494,1.7588,35.0955,90.91,0.09,0.00,13.5696,13.6428,17.3019,90.36,0.64,0.55,2.2424,2.2545,32.9389,90.91,0.09,0.00,1.7674,1.7769,35.0068,90.91,0.09,0.00
567,141,3,43,88.00,96.00,84.50,1,0.0000,0.0000,inf,78.95,5.55,0.00,3.3347,3.3399,29.5253,78.95,5.55,0.00,22.1166,22.1511,13.0921,77.72,6.78,1.23,2.1028,2.1061,33.5306,79.37,5.13,0.42,10.7352,10.7519,19.3703,78.12,6.38,0.82,1.9302,1.9332,34.2744,79.79,4.71,0.84,10.0962,10.1120,19.9033,77.72,6.78,1.23,2.1226,2.1259,33.4493,79.37,5.13,0.42,1.8328,1.8357,34.7241,79.37,5.13,0.42
568,142,0,43,96.00,104.00,81.50,1,0.0000,0.0000,inf,82.87,1.37,0.00,2.4489,2.4518,32.2102,83.33,1.83,0.46,22.9370,22.9646,12.7788,83.33,1.83,0.46,1.6045,1.6064,35.8830,82.87,1.37,0.00,9.8648,9.8767,20.1078,83.80,2.30,0.93,1.5581,1.5600,36.1377,82.87,1.37,0.00,9.9236,9.9355,20.0562,83.33,1.83,0.46,1.8126,1.8148,34.8236,83.33,1.83,0.46,1.6356,1.6375,35.7161,82.87,1.37,0.00
569,142,1,43,104.00,112.00,83.50,1,0.0000,0.0000,inf,87.72,4.22,0.00,4.8215,4.8223,26.3349,87.21,3.71,0.51,22.3843,22.3880,12.9997,87.72,4.22,0.00,2.7813,2.7818,31.1135,87.21,3.71,0.51,10.7313,10.7330,19.3855,88.76,5.26,1.04,2.7277,2.7281,31.2827,87.72,4.22,0.00,10.0643,10.0660,19.9429,89.29,5.79,1.57,3.0885,3.0890,30.2037,87.72,4.22,0.00,3.0160,3.0165,30.4099,87.72,4.22,0.00
570,142,2,43,112.00,120.00,89.00,1,0.0000,0.0000,inf,89.29,0.29,0.00,4.3825,4.3906,27.1495,90.36,1.36,1.08,19.7797,19.8166,14.0594,90.36,1.36,1.08,2.4179,2.4224,32.3150,89.29,0.29,0.00,9.9587,9.9773,20.0197,89.29,0.29,0.00,2.3638,2.3682,32.5116,89.29,0.29,0.00,10.0771,10.0960,19.9171,89.29,0.29,0.00,2.4679,2.4725,32.1373,89.29,0.29,0.00,2.4042,2.4086,32.3645,89.29,0.29,0.00
571,142,3,43,120.00,128.00,88.00,1,0.0000,0.0000,inf,88.24,0.24,0.00,3.0065,3.0321,30.3652,88.24,0.24,0.00,19.8762,20.0454,13.9597,88.24,0.24,0.00,1.8241,1.8396,34.7054,88.76,0.76,0.52,10.1134,10.1995,19.8284,89.29,1.29,1.05,1.5139,1.5268,36.3246,88.76,0.76,0.52,10.1214,10.2076,19.8215,86.21,1.79,2.03,1.7032,1.7177,35.3010,88.76,0.76,0.52,1.4834,1.4960,36.5013,88.24,0.24,0.00
572,143,0,43,128.00,136.00,89.50,1,0.0000,0.0000,inf,85.23,4.27,0.00,3.1127,3.1230,30.1087,85.23,4.27,0.00,21.3779,21.4486,13.3720,84.75,4.75,0.48,2.2442,2.2516,32.9501,85.23,4.27,0.00,9.7312,9.7634,20.2080,85.23,4.27,0.00,2.1873,2.1946,33.1730,85.23,4.27,0.00,10.7760,10.8117,19.3221,87.21,2.29,1.98,2.1390,2.1461,33.3672,85.23,4.27,0.00,2.2273,2.2347,33.0157,85.23,4.27,0.00
573,143,1,43,136.00,144.00,86.00,1,0.0000,0.0000,inf,87.72,1.72,0.00,4.9229,4.9256,26.1509,88.24,2.24,0.52,23.1523,23.1647,12.7035,88.24,2.24,0.52,2.5562,2.5576,31.8434,88.76,2.76,1.04,11.0809,11.0868,19.1038,88.76,2.76,1.04,2.6841,2.6855,31.4194,88.24,2.24,0.52,10.6847,10.6904,19.4201,89.29,3.29,1.57,2.8597,2.8612,30.8689,88.24,2.24,0.52,2.6060,2.6074,31.6759,88.76,2.76,1.04
574,143,2,43,144.00,152.00,89.00,1,0.0000,0.0000,inf,89.29,0.29,0.00,5.1045,5.1196,25.8154,89.29,0.29,0.00,27.7221,27.8039,11.1179,88.24,0.76,1.05,2.3535,2.3604,32.5401,89.29,0.29,0.00,12.3512,12.3876,18.1402,88.24,0.76,1.05,2.2481,2.2547,32.9383,89.29,0.29,0.00,12.7219,12.7594,17.8834,89.29,0.29,0.00,2.4903,2.4976,32.0494,89.29,0.29,0.00,2.3308,2.3377,32.6244,89.29,0.29,0.00
575,143,3,43,152.00,160.00,88.00,1,0.0000,0.0000,inf,89.29,1.29,0.00,3.4784,3.4811,29.1658,89.29,1.29,0.00,20.2691,20.2846,13.8567,89.29,1.29,0.00,1.7459,1.7473,35.1528,88.76,0.76,0.53,12.3759,12.3853,18.1419,89.29,1.29,0.00,1.6459,1.6472,35.6651,88.76,0.76,0.53,11.7481,11.7571,18.5940,89.82,1.82,0.53,1.9658,1.9673,34.1228,88.76,0.76,0.53,1.6636,1.6649,35.5725,88.76,0.76,0.53
576,144,0,43,160.00,168.00,90.00,1,0.0000,0.0000,inf,86.21,3.79,0.00,3.8547,3.9342,28.1029,86.71,3.29,0.50,21.5384,21.9823,13.1585,85.71,4.29,0.49,1.6154,1.6487,35.6570,86.21,3.79,0.00,8.7896,8.9707,20.9434,85.71,4.29,0.49,1.6862,1.7210,35.2845,86.21,3.79,0.00,8.4813,8.6561,21.2536,86.21,3.79,0.00,1.6396,1.6733,35.5283,86.21,3.79,0.00,1.8856,1.9245,34.3136,86.21,3.79,0.00
577,144,1,43,168.00,176.00,86.50,1,0.0000,0.0000,inf,90.36,3.86,0.00,3.7832,3.8735,28.2380,90.36,3.86,0.00,22.1619,22.6909,12.8830,90.36,3.86,0.00,2.3828,2.4397,32.2534,89.82,3.32,0.54,9.7078,9.9395,20.0527,90.36,3.86,0.00,2.2378,2.2912,32.7986,89.82,3.32,0.54,9.2929,9.5147,20.4321,89.82,3.32,0.54,2.2985,2.3533,32.5663,90.36,3.86,0.00,2.2908,2.3455,32.5953,89.82,3.32,0.54
578,144,2,43,176.00,184.00,88.00,1,0.0000,0.0000,inf,89.29,1.29,0.00,3.9629,4.0445,27.8628,89.29,1.29,0.00,20.7567,21.1842,13.4798,89.29,1.29,0.00,1.7042,1.7393,35.1925,89.29,1.29,0.00,9.1922,9.3816,20.5545,89.29,1.29,0.00,1.5615,1.5936,35.9523,89.29,1.29,0.00,8.8767,9.0596,20.8579,89.29,1.29,0.00,1.8029,1.8400,34.7035,89.29,1.29,0.00,1.5901,1.6228,35.7947,88.24,0.24,1.05
579,144,3,43,184.00,192.00,91.00,1,0.0000,0.0000,inf,92.59,1.59,0.00,3.7777,3.7799,28.4503,92.59,1.59,0.00,21.2838,21.2966,13.4338,91.46,0.46,1.13,1.8976,1.8987,34.4307,92.59,1.59,0.00,9.4123,9.4180,20.5209,91.46,0.46,1.13,1.7926,1.7937,34.9251,92.59,1.59,0.00,9.4920,9.4977,20.4477,91.46,0.46,1.13,1.9351,1.9363,34.2607,92.59,1.59,0.00,1.9425,1.9437,34.2276,92.59,1.59,0.00
580,145,0,43,192.00,200.00,93.00,1,0.0000,0.0000,inf,90.36,2.64,0.00,3.5803,3.5847,28.9108,91.46,1.54,1.10,20.1404,20.1655,13.9078,91.46,1.54,1.10,1.8097,1.8119,34.8372,91.46,1.54,1.10,16.3041,16.3243,15.7433,91.46,1.54,1.10,1.6602,1.6623,35.5859,91.46,1.54,1.10,15.9121,15.9319,15.9547,90.36,2.64,0.00,1.9863,1.9887,34.0284,90.36,2.64,0.00,1.7850,1.7872,34.9565,91.46,1.54,1.10
581,145,1,43,200.00,208.00,91.00,1,0.0000,0.0000,inf,90.36,0.64,0.00,4.9662,4.9796,26.0561,90.36,0.64,0.00,22.7377,22.7991,12.8416,90.36,0.64,0.00,2.3069,2.3132,32.7159,89.29,1.71,1.08,12.9388,12.9738,17.7387,90.36,0.64,0.00,2.1295,2.1353,33.4110,89.29,1.71,1.08,12.8524,12.8872,17.7969,90.36,0.64,0.00,2.3029,2.3092,32.7309,89.29,1.71,1.08,2.1625,2.1684,33.2774,89.29,1.71,1.08
582,145,2,43,208.00,216.00,89.00,1,0.0000,0.0000,inf,90.36,1.36,0.00,4.7406,4.7628,26.4428,90.36,1.36,0.00,23.3698,23.4792,12.5863,90.36,1.36,0.00,2.1530,2.1630,33.2987,90.36,1.36,0.00,11.3219,11.3749,18.8811,89.29,0.29,1.08,1.9890,1.9983,33.9869,90.36,1.36,0.00,12.2437,12.3010,18.2012,90.36,1.36,0.00,2.2336,2.2441,32.9793,90.36,1.36,0.00,1.9315,1.9405,34.2416,90.36,1.36,0.00
583,145,3,43,216.00,224.00,90.00,1,0.0000,0.0000,inf,90.36,0.36,0.00,4.7251,4.7295,26.5036,89.29,0.71,1.08,23.4896,23.5115,12.5744,90.36,0.36,0.00,2.3632,2.3654,32.5220,90.36,0.36,0.00,12.6853,12.6971,17.9259,89.29,0.71,1.08,2.2910,2.2931,32.7915,89.29,0.71,1.08,12.4345,12.4461,18.0993,90.36,0.36,0.00,2.3453,2.3474,32.5881,89.29,0.71,1.08,2.3715,2.3737,32.4913,90.36,0.36,0.00
584,146,0,43,224.00,232.00,92.00,1,0.0000,0.0000,inf,92.59,0.59,0.00,5.1215,5.1729,25.7253,92.59,0.59,0.00,26.6333,26.9006,11.4048,92.59,0.59,0.00,2.3287,2.3521,32.5710,92.59,0.59,0.00,13.2604,13.3935,17.4621,90.36,1.64,2.23,2.2894,2.3124,32.7188,91.46,0.54,1.13,14.5382,14.6842,16.6630,92.59,0.59,0.00,2.4374,2.4619,32.1747,92.59,0.59,0.00,2.4858,2.5107,32.0041,91.46,0.54,1.13
585,146,1,43,232.00,240.00,89.50,1,0.0000,0.0000,inf,88.24,1.26,0.00,4.4067,4.4426,27.0473,88.24,1.26,0.00,22.9411,23.1279,12.7173,88.24,1.26,0.00,1.5410,1.5536,36.1735,89.29,0.21,1.05,9.6636,9.7423,20.2268,88.24,1.26,0.00,1.4642,1.4761,36.6175,89.29,0.21,1.05,9.5811,9.6591,20.3012,88.24,1.26,0.00,1.6848,1.6985,35.3986,89.29,0.21,1.05,1.5177,1.5301,36.3056,88.24,1.26,0.00
586,146,2,43,240.00,248.00,89.00,1,0.0000,0.0000,inf,90.36,1.36,0.00,3.8384,3.8384,28.3170,90.36,1.36,0.00,21.5912,21.5914,13.3144,89.82,0.82,0.54,1.7004,1.7004,35.3888,90.36,1.36,0.00,9.6030,9.6031,20.3518,89.29,0.29,1.08,1.5854,1.5854,35.9972,89.29,0.29,1.08,9.9371,9.9371,20.0548,89.29,0.29,1.08,1.7928,1.7928,34.9292,89.29,0.29,1.08,1.6451,1.6451,35.6761,89.29,0.29,1.08
587,146,3,43,248.00,256.00,90.50,1,0.0000,0.0000,inf,92.59,2.09,0.00,3.5134,3.5137,29.0846,91.46,0.96,1.13,22.3013,22.3036,13.0325,92.59,2.09,0.00,1.6135,1.6136,35.8438,91.46,0.96,1.13,10.2966,10.2977,19.7452,92.59,2.09,0.00,1.4464,1.4466,36.7932,91.46,0.96,1.13,9.0532,9.0541,20.8631,91.46,0.96,1.13,1.8486,1.8488,34.6620,92.59,2.09,0.00,1.5327,1.5329,36.2898,91.46,0.96,1.13
588,147,0,43,256.00,264.00,94.00,1,0.0000,0.0000,inf,94.94,0.94,0.00,3.6658,3.6672,28.7133,94.94,0.94,0.00,26.3928,26.4027,11.5670,94.94,0.94,0.00,2.7594,2.7604,31.1805,95.54,1.54,0.60,13.1897,13.1947,17.5920,94.94,0.94,0.00,2.7393,2.7404,31.2438,95.54,1.54,0.60,12.8553,12.8601,17.8151,94.94,0.94,0.00,2.7146,2.7156,31.3228,96.15,2.15,1.22,2.6753,2.6763,31.4493,95.54,1.54,0.60
589,147,1,43,264.00,272.00,94.00,1,0.0000,0.0000,inf,92.59,1.41,0.00,4.1670,4.1700,27.5974,91.46,2.54,1.13,21.3759,21.3910,13.3954,92.59,1.41,0.00,1.9378,1.9392,34.2477,92.59,1.41,0.00,10.0060,10.0131,19.9887,92.59,1.41,0.00,1.6240,1.6251,35.7824,92.59,1.41,0.00,9.5760,9.5827,20.3702,92.59,1.41,0.00,1.8378,1.8391,34.7077,93.75,0.25,1.16,1.5714,1.5725,36.0681,92.59,1.41,0.00
590,147,2,43,272.00,280.00,93.00,1,0.0000,0.0000,inf,93.75,0.75,0.00,4.2499,4.2637,27.4043,93.75,0.75,0.00,20.4042,20.4703,13.7775,93.75,0.75,0.00,1.6584,1.6638,35.5779,93.75,0.75,0.00,8.3242,8.3512,21.5651,93.75,0.75,0.00,1.6299,1.6352,35.7285,92.59,0.41,1.16,8.0102,8.0362,21.8990,92.59,0.41,1.16,1.8342,1.8402,34.7028,92.59,0.41,1.16,1.6444,1.6497,35.6520,93.75,0.75,0.00
591,147,3,43,280.00,288.00,92.50,1,0.0000,0.0000,inf,90.36,2.14,0.00,5.8299,5.9145,24.5617,88.76,3.74,1.60,24.3962,24.7500,12.1285,89.29,3.21,1.08,3.1212,3.1664,29.9886,89.82,2.68,0.54,10.6632,10.8178,19.3172,89.29,3.21,1.08,3.1180,3.1632,29.9974,89.82,2.68,0.54,10.5671,10.7204,19.3958,89.82,2.68,0.54,3.1658,3.2117,29.8653,89.82,2.68,0.54,3.1180,3.1632,29.9975,89.82,2.68,0.54
592,148,0,43,288.00,296.00,87.00,1,0.0000,0.0000,inf,86.71,0.29,0.00,4.7495,4.7506,26.4650,86.71,0.29,0.00,23.3607,23.3659,12.6284,87.21,0.21,0.50,1.9420,1.9424,34.2332,86.71,0.29,0.00,8.8211,8.8230,21.0876,87.72,0.72,1.01,1.7831,1.7835,34.9745,86.71,0.29,0.00,8.9441,8.9461,20.9673,87.21,0.21,0.50,2.2627,2.2632,32.9057,86.71,0.29,0.00,1.8091,1.8095,34.8488,86.71,0.29,0.00
593,148,1,43,296.00,304.00,90.00,1,0.0000,0.0000,inf,87.72,2.28,0.00,2.4200,2.4301,32.2874,87.21,2.79,0.51,22.0968,22.1892,13.0772,91.46,1.46,3.74,1.4546,1.4606,36.7092,87.21,2.79,0.51,10.4181,10.4616,19.6080,86.71,3.29,1.01,1.5102,1.5165,36.3830,87.21,2.79,0.51,9.9915,10.0333,19.9711,86.71,3.29,1.01,1.8073,1.8149,34.8231,87.72,2.28,0.00,1.3607,1.3664,37.2884,87.21,2.79,0.51
594,148,2,43,304.00,312.00,83.50,1,0.0000,0.0000,inf,83.33,0.17,0.00,3.7448,3.7738,28.4645,83.33,0.17,0.00,27.1900,27.4002,11.2449,83.33,0.17,0.00,2.2102,2.2273,33.0446,83.33,0.17,0.00,10.3312,10.4111,19.6501,83.33,0.17,0.00,2.2174,2.2346,33.0161,83.33,0.17,0.00,10.1531,10.2316,19.8011,84.27,0.77,0.94,2.2578,2.2752,32.8595,83.33,0.17,0.00,2.2247,2.2419,32.9876,83.33,0.17,0.00
595,148,3,43,312.00,320.00,82.00,1,0.0000,0.0000,inf,88.24,6.24,0.00,3.8093,3.8339,28.3272,88.76,6.76,0.52,22.1831,22.3261,13.0237,88.76,6.76,0.52,1.6173,1.6277,35.7685,88.24,6.24,0.00,11.4877,11.5618,18.7395,86.71,4.71,1.53,1.5043,1.5140,36.3974,88.24,6.24,0.00,11.1990,11.2712,18.9606,87.72,5.72,0.52,1.9579,1.9706,34.1082,88.24,6.24,0.00,1.6187,1.6291,35.7610,88.24,6.24,0.00
596,149,0,43,320.00,328.00,88.50,1,0.0000,0.0000,inf,90.36,1.86,0.00,4.3004,4.3017,27.3271,90.36,1.86,0.00,21.6859,21.6928,13.2737,90.36,1.86,0.00,2.8555,2.8564,30.8837,89.29,0.79,1.08,13.1742,13.1784,17.6027,89.29,0.79,1.08,2.7263,2.7271,31.2859,90.36,1.86,0.00,12.1373,12.1411,18.3148,89.29,0.79,1.08,2.8967,2.8976,30.7593,90.36,1.86,0.00,2.8720,2.8729,30.8337,89.29,0.79,1.08
597,149,1,43,328.00,336.00,90.00,1,0.0000,0.0000,inf,90.36,0.36,0.00,3.9823,3.9928,27.9744,90.36,0.36,0.00,21.5791,21.6361,13.2964,90.36,0.36,0.00,1.5070,1.5109,36.4151,90.36,0.36,0.00,10.5184,10.5462,19.5381,90.36,0.36,0.00,1.3737,1.3773,37.2192,90.36,0.36,0.00,9.3491,9.3738,20.5617,90.36,0.36,0.00,1.7320,1.7366,35.2060,90.36,0.36,0.00,1.3956,1.3992,37.0822,90.36,0.36,0.00
598,149,2,43,336.00,344.00,93.50,1,0.0000,0.0000,inf,96.15,2.65,0.00,3.5918,3.6187,28.8289,96.15,2.65,0.00,36.6553,36.9299,8.6524,94.94,1.44,1.22,1.7408,1.7539,35.1199,96.15,2.65,0.00,20.8428,20.9990,13.5560,95.54,2.04,0.61,1.6692,1.6817,35.4850,96.15,2.65,0.00,18.7802,18.9209,14.4612,96.15,2.65,0.00,1.9324,1.9469,34.2133,96.15,2.65,0.00,1.8581,1.8720,34.5537,96.15,2.65,0.00
599,149,3,43,344.00,352.00,93.50,1,0.0000,0.0000,inf,91.46,2.04,0.00,4.2006,4.2055,27.5236,92.59,0.91,1.13,19.2510,19.2736,14.3007,92.59,0.91,1.13,1.9789,1.9812,34.0612,92.59,0.91,1.13,13.5877,13.6037,17.3269,92.59,0.91,1.13,1.8760,1.8782,34.5253,92.59,0.91,1.13,13.4466,13.4624,17.4176,92.59,0.91,1.13,2.1002,2.1027,33.5444,92.59,0.91,1.13,2.0049,2.0073,33.9480,91.46,2.04,0.00
600,150,0,43,352.00,360.00,92.00,1,0.0000,0.0000,inf,93.75,1.75,0.00,4.8118,4.8118,26.3538,92.59,0.59,1.16,22.8261,22.8262,12.8313,92.59,0.59,1.16,1.9524,1.9524,34.1886,93.75,1.75,0.00,14.3164,14.3165,16.8833,92.59,0.59,1.16,1.7810,1.7810,34.9868,93.17,1.17,0.58,14.7637,14.7638,16.6160,93.75,1.75,0.00,2.0070,2.0071,33.9488,93.17,1.17,0.58,1.8526,1.8526,34.6445,93.17,1.17,0.58
601,150,1,43,360.00,368.00,93.00,1,0.0000,0.0000,inf,90.36,2.64,0.00,4.9039,4.9039,26.1891,90.36,2.64,0.00,22.9293,22.9296,12.7921,90.91,2.09,0.55,1.8820,1.8821,34.5073,90.36,2.64,0.00,11.7038,11.7039,18.6334,90.36,2.64,0.00,1.7242,1.7242,35.2684,90.36,2.64,0.00,11.9201,11.9202,18.4743,90.36,2.64,0.00,2.0236,2.0236,33.8775,90.36,2.64,0.00,1.6614,1.6614,35.5907,90.36,2.64,0.00
602,150,2,43,368.00,376.00,90.00,1,0.0000,0.0000,inf,81.52,8.48,0.00,3.6535,3.6547,28.7429,81.52,8.48,0.00,26.1202,26.1291,11.6575,83.33,6.67,1.81,1.5558,1.5564,36.1577,81.52,8.48,0.00,9.8602,9.8636,20.1193,79.79,10.21,1.73,1.4900,1.4905,36.5334,81.52,8.48,0.00,9.8141,9.8175,20.1600,80.65,9.35,0.88,1.7124,1.7130,35.3247,81.52,8.48,0.00,1.4774,1.4779,36.6070,81.52,8.48,0.00
603,150,3,43,376.00,384.00,80.50,1,0.0000,0.0000,inf,83.80,3.30,0.00,2.3900,2.3901,32.4318,83.80,3.30,0.00,21.3553,21.3557,13.4097,84.27,3.77,0.47,1.7809,1.7810,34.9869,83.80,3.30,0.00,7.4745,7.4746,22.5282,83.80,3.30,0.00,1.7020,1.7021,35.3804,84.27,3.77,0.47,7.3014,7.3015,22.7317,84.27,3.77,0.47,2.0211,2.0211,33.8882,83.80,3.30,0.00,1.7219,1.7219,35.2798,83.80,3.30,0.00
604,151,0,43,384.00,392.00,86.50,1,0.0000,0.0000,inf,87.72,1.22,0.00,3.7467,3.7550,28.5079,88.24,1.74,0.52,20.1981,20.2424,13.8748,87.72,1.22,0.00,1.4344,1.4376,36.8474,87.72,1.22,0.00,7.7952,7.8123,22.1444,88.24,1.74,0.52,1.1413,1.1438,38.8333,87.72,1.22,0.00,6.3427,6.3566,23.9355,88.24,1.74,0.52,1.3436,1.3465,37.4157,87.72,1.22,0.00,1.2181,1.2208,38.2673,87.72,1.22,0.00
605,151,1,43,392.00,400.00,89.00,1,0.0000,0.0000,inf,90.36,1.36,0.00,3.8858,3.8956,28.1886,90.36,1.36,0.00,18.4991,18.5454,14.6353,89.82,0.82,0.54,1.5587,1.5626,36.1230,90.36,1.36,0.00,8.1535,8.1739,21.7514,90.36,1.36,0.00,1.2905,1.2938,37.7629,90.36,1.36,0.00,7.6848,7.7041,22.2656,90.36,1.36,0.00,1.6215,1.6256,35.7798,89.82,0.82,0.54,1.4623,1.4660,36.6774,89.82,0.82,0.54
606,151,2,43,400.00,408.00,91.50,1,0.0000,0.0000,inf,94.94,3.44,0.00,3.0931,3.1007,30.1707,94.94,3.44,0.00,19.5834,19.6318,14.1408,93.75,2.25,1.19,1.5130,1.5167,36.3821,94.94,3.44,0.00,11.4433,11.4716,18.8076,93.75,2.25,1.19,1.5261,1.5299,36.3070,94.94,3.44,0.00,10.8072,10.8339,19.3043,93.75,2.25,1.19,1.7029,1.7071,35.3547,94.94,3.44,0.00,1.4897,1.4934,36.5164,93.75,2.25,1.19
607,151,3,43,408.00,416.00,94.00,1,0.0000,0.0000,inf,93.75,0.25,0.00,4.4700,4.4778,26.9787,93.75,0.25,0.00,24.7450,24.7882,12.1151,92.59,1.41,1.16,1.8051,1.8083,34.8547,93.75,0.25,0.00,9.5425,9.5592,20.3916,92.59,1.41,1.16,1.7342,1.7372,35.2028,93.75,0.25,0.00,8.9602,8.9758,20.9385,93.75,0.25,0.00,2.0215,2.0250,33.8716,93.75,0.25,0.00,1.6686,1.6715,35.5379,93.75,0.25,0.00
608,152,0,43,416.00,424.00,95.00,1,0.0000,0.0000,inf,97.40,2.40,0.00,3.9022,3.9024,28.1734,98.04,3.04,0.64,32.7906,32.7923,9.6846,97.40,2.40,0.00,1.7943,1.7944,34.9215,97.40,2.40,0.00,16.7637,16.7646,15.5122,96.77,1.77,0.63,1.8576,1.8577,34.6207,97.40,2.40,0.00,17.2866,17.2875,15.2454,96.77,1.77,0.63,2.0951,2.0952,33.5754,97.40,2.40,0.00,1.8027,1.8028,34.8812,97.40,2.40,0.00
609,152,1,43,424.00,432.00,94.50,1,0.0000,0.0000,inf,92.59,1.91,0.00,4.1890,4.1893,27.5572,91.46,3.04,1.13,20.4877,20.4891,13.7695,92.59,1.91,0.00,1.8019,1.8020,34.8850,92.59,1.91,0.00,7.7075,7.7081,22.2611,92.59,1.91,0.00,1.6040,1.6042,35.8951,92.59,1.91,0.00,7.5968,7.5973,22.3868,91.46,3.04,1.13,2.0210,2.0211,33.8882,92.59,1.91,0.00,1.6985,1.6986,35.3981,92.59,1.91,0.00
610,152,2,43,432.00,440.00,94.00,1,0.0000,0.0000,inf,97.40,3.40,0.00,3.0748,3.0814,30.2252,97.40,3.40,0.00,33.1530,33.2233,9.5711,94.94,0.94,2.47,1.6103,1.6137,35.8436,96.15,2.15,1.25,16.3716,16.4063,15.6998,98.68,4.68,1.28,1.5706,1.5740,36.0601,97.40,3.40,0.00,17.8116,17.8494,14.9675,94.94,0.94,2.47,1.8496,1.8535,34.6402,97.40,3.40,0.00,1.5104,1.5136,36.3997,97.40,3.40,0.00
611,152,3,43,440.00,448.00,95.00,1,0.0000,0.0000,inf,90.36,4.64,0.00,4.0733,4.0913,27.7627,90.36,4.64,0.00,21.4280,21.5229,13.3420,89.29,5.71,1.08,1.9353,1.9439,34.2264,90.36,4.64,0.00,10.4748,10.5212,19.5587,89.82,5.18,0.54,1.8330,1.8411,34.6982,90.36,4.64,0.00,10.6737,10.7210,19.3953,89.82,5.18,0.54,2.0724,2.0816,33.6321,91.46,3.54,1.10,1.7838,1.7917,34.9345,90.36,4.64,0.00
612,153,0,43,448.00,456.00,96.00,1,0.0000,0.0000,inf,100.00,4.00,0.00,3.9537,3.9738,28.0159,100.00,4.00,0.00,42.2991,42.5144,7.4293,99.34,3.34,0.66,2.1562,2.1672,33.2822,100.00,4.00,0.00,22.1618,22.2746,13.0438,98.68,2.68,1.32,1.9825,1.9926,34.0117,100.00,4.00,0.00,23.4862,23.6057,12.5397,99.34,3.34,0.66,2.3286,2.3405,32.6139,100.00,4.00,0.00,2.0693,2.0799,33.6393,99.34,3.34,0.66
613,153,1,43,456.00,464.00,97.50,1,0.0000,0.0000,inf,94.94,2.56,0.00,5.8760,6.0066,24.4274,94.94,2.56,0.00,33.8462,34.5984,9.2189,94.94,2.56,0.00,2.8675,2.9312,30.6591,95.54,1.96,0.60,28.7833,29.4231,10.6262,94.94,2.56,0.00,2.8621,2.9257,30.6753,94.94,2.56,0.00,28.4977,29.1311,10.7129,96.15,1.35,1.22,3.1923,3.2632,29.7270,95.54,1.96,0.60,2.8964,2.9608,30.5718,94.94,2.56,0.00
614,153,2,43,464.00,472.00,95.00,1,0.0000,0.0000,inf,94.94,0.06,0.00,4.0740,4.1271,27.6871,94.94,0.06,0.00,18.6220,18.8645,14.4871,94.94,0.06,0.00,1.8950,1.9196,34.3356,94.94,0.06,0.00,14.5170,14.7060,16.6501,93.75,1.25,1.19,1.9373,1.9626,34.1435,94.94,0.06,0.00,15.8214,16.0274,15.9027,94.34,0.66,0.60,1.9949,2.0208,33.8893,94.94,0.06,0.00,1.8886,1.9132,34.3650,94.94,0.06,0.00
615,153,3,43,472.00,480.00,94.00,1,0.0000,0.0000,inf,93.75,0.25,0.00,3.8424,3.8482,28.2949,93.75,0.25,0.00,19.3916,19.4205,14.2348,93.75,0.25,0.00,2.2620,2.2654,32.8972,93.75,0.25,0.00,16.6289,16.6537,15.5698,93.75,0.25,0.00,2.3535,2.3570,32.5527,93.75,0.25,0.00,15.7418,15.7653,16.0460,93.75,0.25,0.00,2.4488,2.4524,32.2080,93.75,0.25,0.00,2.2537,2.2571,32.9291,93.75,0.25,0.00
616,154,0,45,32.00,40.00,61.00,1,0.0000,0.0000,inf,60.48,0.52,0.00,1.0479,1.0556,39.5299,60.48,0.52,0.00,13.3215,13.4192,17.4455,60.00,1.00,0.48,1.4365,1.4471,36.7902,60.48,0.52,0.00,9.2592,9.3271,20.6050,63.56,2.56,3.08,0.9663,0.9734,40.2339,60.48,0.52,0.00,8.8779,8.9430,20.9704,61.48,0.48,0.99,1.1913,1.2000,38.4163,60.00,1.00,0.48,1.1417,1.1500,38.7858,60.48,0.52,0.00
617,154,1,45,40.00,48.00,57.50,1,0.0000,0.0000,inf,53.57,3.93,0.00,1.2792,1.2796,37.8587,53.57,3.93,0.00,12.4261,12.4301,18.1105,52.08,5.42,1.49,1.1884,1.1888,38.4979,53.57,3.93,0.00,9.9836,9.9869,20.0114,55.76,1.74,2.19,1.2179,1.2183,38.2849,53.19,4.31,0.38,9.9217,9.9249,20.0655,53.76,3.74,0.19,1.2282,1.2286,38.2118,53.19,4.31,0.38,1.1634,1.1637,38.6828,53.19,4.31,0.38
618,154,2,45,48.00,56.00,57.00,1,0.0000,0.0000,inf,67.26,10.26,0.00,1.2364,1.2367,38.1548,67.87,10.87,0.61,14.8007,14.8041,16.5924,72.12,15.12,4.85,1.2832,1.2835,37.8322,67.57,10.57,0.30,10.5047,10.5071,19.5703,70.75,13.75,3.49,1.1438,1.1441,38.8310,67.57,10.57,0.30,11.4117,11.4144,18.8510,70.42,13.42,3.16,1.6610,1.6614,35.5905,67.26,10.26,0.00,1.0002,1.0005,39.9960,67.57,10.57,0.30
619,154,3,45,56.00,64.00,64.50,1,0.0000,0.0000,inf,49.34,15.16,0.00,1.0801,1.0815,39.3191,49.67,14.83,0.33,10.6419,10.6558,19.4483,51.02,13.48,1.68,1.2397,1.2414,38.1221,49.67,14.83,0.33,8.5391,8.5502,21.3605,52.08,12.42,2.74,1.1456,1.1470,38.8084,49.02,15.48,0.32,7.7523,7.7624,22.2001,52.08,12.42,2.74,1.2740,1.2757,37.8851,49.34,15.16,0.00,0.9752,0.9765,40.2068,49.34,15.16,0.00
620,155,0,45,64.00,72.00,57.00,1,0.0000,0.0000,inf,67.57,10.57,0.00,1.3453,1.3487,37.4020,68.81,11.81,1.24,14.1706,14.2061,16.9505,60.98,3.98,6.59,1.2127,1.2157,38.3035,68.81,11.81,1.24,10.5061,10.5324,19.5494,61.98,4.98,5.58,1.0959,1.0986,39.1832,67.57,10.57,0.00,10.8011,10.8281,19.3090,61.48,4.48,6.09,1.3142,1.3175,37.6050,68.18,11.18,0.61,1.1317,1.1345,38.9037,68.18,11.18,0.61
621,155,1,45,72.00,80.00,59.50,1,0.0000,0.0000,inf,47.47,12.03,0.00,1.3133,1.3168,37.6094,47.32,12.18,0.15,12.0195,12.0516,18.3791,48.86,10.64,1.39,1.1653,1.1685,38.6478,49.50,10.00,2.04,9.0315,9.0556,20.8617,49.18,10.32,1.71,0.9843,0.9870,40.1139,47.32,12.18,0.15,9.4605,9.4857,20.4586,49.18,10.32,1.71,1.2979,1.3013,37.7123,47.62,11.88,0.15,0.9202,0.9227,40.6990,47.47,12.03,0.00
622,155,2,45,80.00,88.00,57.00,1,0.0000,0.0000,inf,63.03,6.03,0.00,0.9998,1.0022,39.9813,63.03,6.03,0.00,14.2550,14.2888,16.9001,62.50,5.50,0.53,1.1239,1.1265,38.9651,63.03,6.03,0.00,10.2252,10.2495,19.7860,64.66,7.66,1.63,0.9357,0.9379,40.5566,62.50,5.50,0.53,10.4137,10.4385,19.6273,63.03,6.03,0.00,1.0821,1.0846,39.2943,62.50,5.50,0.53,1.0822,1.0848,39.2930,62.50,5.50,0.53
623,155,3,45,88.00,96.00,58.50,1,0.0000,0.0000,inf,67.87,9.37,0.00,1.2530,1.2530,38.0411,67.57,9.07,0.31,14.5271,14.5272,16.7564,64.38,5.88,3.50,1.4295,1.4295,36.8965,66.67,8.17,1.21,10.5654,10.5655,19.5222,65.79,7.29,2.08,1.3528,1.3529,37.3750,66.67,8.17,1.21,10.7059,10.7059,19.4075,65.50,7.00,2.37,1.8204,1.8204,34.7965,66.96,8.46,0.91,1.3981,1.3981,37.0892,66.96,8.46,0.91
624,156,0,45,96.00,104.00,65.50,1,0.0000,0.0000,inf,68.49,2.99,0.00,1.4643,1.4644,36.6870,67.87,2.37,0.62,14.1030,14.1036,17.0134,72.46,6.96,3.97,1.6858,1.6858,35.4637,69.12,3.62,0.63,9.1458,9.1462,20.7752,72.12,6.62,3.62,1.5166,1.5166,36.3823,68.81,3.31,0.31,8.9985,8.9990,20.9161,70.75,5.25,2.26,1.6222,1.6222,35.7977,68.81,3.31,0.31,1.4103,1.4103,37.0135,68.81,3.31,0.31
625,156,1,45,104.00,112.00,65.00,1,0.0000,0.0000,inf,55.35,9.65,0.00,1.0744,1.0759,39.3646,55.35,9.65,0.00,13.1639,13.1822,17.6002,55.35,9.65,0.00,1.1281,1.1297,38.9409,55.35,9.65,0.00,8.5592,8.5711,21.3393,55.15,9.85,0.20,1.0245,1.0259,39.7779,55.15,9.85,0.20,7.5035,7.5139,22.4827,55.97,9.03,0.62,1.5632,1.5654,36.1074,55.35,9.65,0.00,1.0222,1.0237,39.7969,55.15,9.85,0.20
626,156,2,45,112.00,120.00,59.00,1,0.0000,0.0000,inf,70.09,11.09,0.00,1.2435,1.2436,38.1063,70.09,11.09,0.00,15.1515,15.1531,16.3900,73.53,14.53,3.44,1.2605,1.2606,37.9882,69.77,10.77,0.33,9.4764,9.4774,20.4662,70.75,11.75,0.66,1.0967,1.0968,39.1975,70.09,11.09,0.00,10.1279,10.1290,19.8887,70.09,11.09,0.00,1.4343,1.4344,36.8665,69.77,10.77,0.33,1.1452,1.1453,38.8215,70.09,11.09,0.00
627,156,3,45,120.00,128.00,69.00,1,0.0000,0.0000,inf,70.09,1.09,0.00,1.3544,1.3544,37.3648,70.75,1.75,0.66,15.0932,15.0940,16.4239,73.53,4.53,3.44,1.5934,1.5935,35.9529,69.44,0.44,0.65,9.9493,9.9497,20.0438,72.12,3.12,2.02,1.3514,1.3514,37.3842,70.09,1.09,0.00,10.3793,10.3798,19.6762,72.12,3.12,2.02,1.8866,1.8867,34.4861,70.09,1.09,0.00,1.3646,1.3647,37.2992,70.75,1.75,0.66
628,157,0,45,128.00,136.00,71.00,1,0.0000,0.0000,inf,47.17,23.83,0.00,1.4620,1.4625,36.6984,47.17,23.83,0.00,11.6514,11.6553,18.6695,46.88,24.12,0.29,1.8078,1.8084,34.8541,47.17,23.83,0.00,10.9004,10.9041,19.2482,46.58,24.42,0.59,1.6349,1.6355,35.7272,47.17,23.83,0.00,10.4432,10.4468,19.6204,46.88,24.12,0.29,1.6895,1.6901,35.4420,47.17,23.83,0.00,1.6847,1.6853,35.4666,47.17,23.83,0.00
629,157,1,45,136.00,144.00,55.50,1,0.0000,0.0000,inf,64.10,8.60,0.00,1.9800,1.9892,34.0265,63.03,7.53,1.08,14.0446,14.1098,17.0096,63.03,7.53,1.08,1.4639,1.4707,36.6497,64.10,8.60,0.00,10.0769,10.1236,19.8933,64.10,8.60,0.00,1.3242,1.3303,37.5207,64.66,9.16,0.55,9.4273,9.4711,20.4720,61.98,6.48,2.12,1.3967,1.4032,37.0578,64.10,8.60,0.00,1.3859,1.3923,37.1253,63.56,8.06,0.54
630,157,2,45,144.00,152.00,60.00,1,0.0000,0.0000,inf,51.37,8.63,0.00,2.3022,2.3191,32.6935,51.02,8.98,0.35,13.4119,13.5104,17.3867,51.02,8.98,0.35,1.2553,1.2645,37.9617,51.37,8.63,0.00,9.6859,9.7570,20.2137,51.72,8.28,0.35,1.0667,1.0746,39.3753,51.37,8.63,0.00,11.0224,11.1033,19.0909,49.34,10.66,2.03,1.3870,1.3972,37.0949,51.02,8.98,0.35,1.1621,1.1706,38.6319,51.37,8.63,0.00
631,157,3,45,152.00,160.00,58.50,1,0.0000,0.0000,inf,73.53,15.03,0.00,1.2356,1.2461,38.0892,74.26,15.76,0.73,14.4352,14.5577,16.7381,74.26,15.76,0.73,1.3131,1.3243,37.5604,74.26,15.76,0.73,11.0018,11.0952,19.0973,70.75,12.25,2.77,1.1419,1.1515,38.7744,73.53,15.03,0.00,10.3839,10.4720,19.5994,71.09,12.59,2.44,1.3932,1.4050,37.0463,73.53,15.03,0.00,1.2623,1.2730,37.9035,73.53,15.03,0.00
632,158,0,45,160.00,168.00,64.00,1,0.0000,0.0000,inf,56.82,7.18,0.00,1.1424,1.1426,38.8424,56.82,7.18,0.00,12.8609,12.8634,17.8129,56.18,7.82,0.64,1.3722,1.3724,37.2502,56.82,7.18,0.00,9.4788,9.4806,20.4633,55.15,8.85,1.67,1.3092,1.3095,37.6579,56.82,7.18,0.00,8.9596,8.9613,20.9526,55.15,8.85,1.67,1.4364,1.4367,36.8529,56.82,7.18,0.00,1.3136,1.3138,37.6294,57.03,6.97,0.22
633,158,1,45,168.00,176.00,60.50,1,0.0000,0.0000,inf,60.24,0.26,0.00,1.2820,1.2843,37.8264,58.82,1.68,1.42,14.6518,14.6782,16.6665,60.00,0.50,0.24,1.2784,1.2808,37.8507,59.06,1.44,1.19,10.7543,10.7738,19.3526,60.48,0.02,0.24,1.0903,1.0923,39.2331,59.06,1.44,1.19,11.0254,11.0453,19.1364,59.76,0.74,0.48,1.7306,1.7337,35.2204,59.29,1.21,0.95,1.1274,1.1295,38.9425,59.06,1.44,1.19
634,158,2,45,176.00,184.00,63.50,1,0.0000,0.0000,inf,72.82,9.32,0.00,1.4495,1.4495,36.7755,70.42,6.92,2.39,13.4029,13.4030,17.4560,71.77,8.27,1.05,1.1451,1.1452,38.8227,70.42,6.92,2.39,10.3530,10.3531,19.6986,72.46,8.96,0.35,1.0172,1.0172,39.8517,71.09,7.59,1.73,10.6794,10.6794,19.4290,70.42,6.92,2.39,1.1861,1.1861,38.5174,70.75,7.25,2.06,1.0675,1.0675,39.4323,70.09,6.59,2.72
635,158,3,45,184.00,192.00,69.50,1,0.0000,0.0000,inf,61.48,8.02,0.00,1.1908,1.1916,38.4772,61.48,8.02,0.00,13.0576,13.0665,17.6768,61.98,7.52,0.51,1.1154,1.1162,39.0453,61.98,7.52,0.51,10.6429,10.6501,19.4529,61.48,8.02,0.00,0.9717,0.9723,40.2438,62.50,7.00,1.02,10.5664,10.5736,19.5156,61.98,7.52,0.51,1.2611,1.2619,37.9794,61.98,7.52,0.51,1.1113,1.1121,39.0775,61.48,8.02,0.00
636,159,0,45,192.00,200.00,60.50,1,0.0000,0.0000,inf,61.48,0.98,0.00,1.9518,1.9527,34.1873,61.48,0.98,0.00,13.2302,13.2361,17.5648,60.48,0.02,0.99,1.4387,1.4393,36.8370,61.98,1.48,0.51,10.0507,10.0551,19.9522,61.48,0.98,0.00,1.1113,1.1118,39.0794,61.48,0.98,0.00,9.9309,9.9353,20.0564,60.98,0.48,0.50,1.4565,1.4572,36.7298,61.48,0.98,0.00,1.1621,1.1626,38.6911,60.98,0.48,0.50
637,159,1,45,200.00,208.00,62.50,1,0.0000,0.0000,inf,64.66,2.16,0.00,2.0214,2.0214,33.8868,64.94,2.44,0.28,14.3024,14.3026,16.8917,65.22,2.72,0.56,1.2556,1.2556,38.0230,64.10,1.60,0.55,10.4220,10.4222,19.6408,66.08,3.58,1.42,1.0511,1.0511,39.5667,64.38,1.88,0.28,11.0762,11.0763,19.1121,65.50,3.00,0.85,1.3607,1.3607,37.3247,64.66,2.16,0.00,1.1086,1.1086,39.1043,64.66,2.16,0.00
638,159,2,45,208.00,216.00,66.00,1,0.0000,0.0000,inf,68.18,2.18,0.00,1.1849,1.1865,38.5149,68.18,2.18,0.00,14.2986,14.3174,16.8827,70.75,4.75,2.57,1.2938,1.2955,37.7512,67.26,1.26,0.92,9.8761,9.8891,20.0969,70.09,4.09,1.91,1.0295,1.0308,39.7362,69.12,3.12,0.94,9.7721,9.7850,20.1888,69.44,3.44,1.26,1.2019,1.2035,38.3914,68.18,2.18,0.00,1.1855,1.1871,38.5106,68.49,2.49,0.31
639,159,3,45,216.00,224.00,70.00,1,0.0000,0.0000,inf,68.49,1.51,0.00,1.3605,1.3613,37.3209,68.18,1.82,0.31,13.1188,13.1269,17.6368,70.75,0.75,2.26,1.5332,1.5341,36.2829,68.81,1.19,0.31,11.3261,11.3331,18.9130,70.09,0.09,1.60,1.4564,1.4573,36.7289,68.81,1.19,0.31,10.8660,10.8726,19.2733,71.43,1.43,2.94,1.8288,1.8300,34.7511,68.18,1.82,0.31,1.3584,1.3592,37.3342,67.87,2.13,0.62
640,160,0,45,224.00,232.00,64.50,1,0.0000,0.0000,inf,58.14,6.36,0.00,1.0769,1.0798,39.3327,57.25,7.25,0.89,11.3841,11.4152,18.8504,56.39,8.11,1.75,1.2064,1.2097,38.3465,58.14,6.36,0.00,10.0109,10.0383,19.9668,56.18,8.32,1.96,1.0958,1.0988,39.1813,58.14,6.36,0.00,9.7789,9.8056,20.1705,56.82,7.68,1.32,1.3296,1.3332,37.5020,56.60,7.90,1.54,1.2794,1.2829,37.8360,57.92,6.58,0.22
641,160,1,45,232.00,240.00,56.00,1,0.0000,0.0000,inf,56.39,0.39,0.00,1.1554,1.1617,38.6983,56.39,0.39,0.00,13.0222,13.0934,17.6589,55.97,0.03,0.42,1.1533,1.1596,38.7137,56.39,0.39,0.00,11.5567,11.6200,18.6959,56.82,0.82,0.43,1.1371,1.1433,38.8370,56.82,0.82,0.43,10.6177,10.6758,19.4320,55.15,0.85,1.24,1.5988,1.6076,35.8767,56.39,0.39,0.00,1.1485,1.1548,38.7502,56.39,0.39,0.00
642,160,2,45,240.00,248.00,57.50,1,0.0000,0.0000,inf,65.79,8.29,0.00,0.9829,0.9833,40.1461,65.22,7.72,0.57,13.6859,13.6922,17.2705,64.66,7.16,1.13,1.3240,1.3246,37.5582,64.66,7.16,1.13,9.8136,9.8181,20.1594,65.22,7.72,0.57,1.2050,1.2056,38.3760,64.66,7.16,1.13,9.4460,9.4504,20.4910,65.79,8.29,0.00,1.5192,1.5199,36.3638,65.22,7.72,0.57,1.1788,1.1794,38.5670,64.66,7.16,1.13
643,160,3,45,248.00,256.00,57.50,1,0.0000,0.0000,inf,65.79,8.29,0.00,1.3137,1.3185,37.5984,65.22,7.72,0.57,13.7898,13.8403,17.1771,63.56,6.06,2.23,1.4630,1.4683,36.6635,66.37,8.87,0.58,9.5238,9.5587,20.3920,65.22,7.72,0.57,1.2636,1.2682,37.9360,66.37,8.87,0.58,9.1361,9.1696,20.7530,61.98,4.48,3.81,1.4828,1.4883,36.5463,66.37,8.87,0.58,1.2653,1.2699,37.9244,66.37,8.87,0.58
644,161,0,45,256.00,264.00,60.00,1,0.0000,0.0000,inf,67.87,7.87,0.00,1.1302,1.1315,38.9270,66.67,6.67,1.21,14.8360,14.8525,16.5640,68.18,8.18,0.31,1.1427,1.1440,38.8318,67.26,7.26,0.61,10.0334,10.0446,19.9613,67.87,7.87,0.00,0.9972,0.9983,40.0150,67.26,7.26,0.61,9.9920,10.0031,19.9973,67.57,7.57,0.31,1.3858,1.3873,37.1565,66.96,6.96,0.91,1.0035,1.0046,39.9604,66.96,6.96,0.91
645,161,1,45,264.00,272.00,67.00,1,0.0000,0.0000,inf,68.81,1.81,0.00,1.2977,1.2984,37.7318,68.81,1.81,0.00,14.1988,14.2065,16.9502,68.81,1.81,0.00,1.4325,1.4332,36.8737,68.18,1.18,0.63,10.1109,10.1163,19.8995,67.57,0.57,1.24,1.2914,1.2921,37.7744,67.57,0.57,1.24,9.5909,9.5961,20.3581,66.37,0.63,2.44,1.8964,1.8974,34.4368,68.18,1.18,0.63,1.2607,1.2614,37.9831,68.81,1.81,0.00
646,161,2,45,272.00,280.00,67.50,1,0.0000,0.0000,inf,55.97,11.53,0.00,1.0243,1.0265,39.7729,57.69,9.81,1.72,12.5819,12.6085,17.9867,55.15,12.35,0.82,1.1929,1.1954,38.4497,57.47,10.03,1.50,9.2915,9.3112,20.6199,55.97,11.53,0.00,1.1302,1.1326,38.9182,57.25,10.25,1.28,9.3694,9.3893,20.5474,55.56,11.94,0.41,1.3482,1.3510,37.3867,56.82,10.68,0.85,1.1482,1.1506,38.7815,57.25,10.25,1.28
647,161,3,45,280.00,288.00,60.50,1,0.0000,0.0000,inf,68.18,7.68,0.00,1.0434,1.0447,39.6199,65.79,5.29,2.39,12.2055,12.2207,18.2580,68.18,7.68,0.00,1.3090,1.3107,37.6502,66.37,5.87,1.81,9.8753,9.8876,20.0982,68.81,8.31,0.63,1.2524,1.2539,38.0344,66.96,6.46,1.22,10.3824,10.3954,19.6632,69.44,8.94,1.26,1.6555,1.6576,35.6103,66.96,6.46,1.22,1.1239,1.1253,38.9743,66.37,5.87,1.81
648,162,0,45,288.00,296.00,60.00,1,0.0000,0.0000,inf,59.06,0.94,0.00,1.3933,1.4040,37.0528,60.00,0.00,0.94,11.9600,12.0512,18.3794,58.14,1.86,0.92,1.2294,1.2387,38.1404,60.00,0.00,0.94,8.9037,8.9716,20.9426,59.06,0.94,0.00,1.0944,1.1028,39.1504,59.06,0.94,0.00,9.6060,9.6792,20.2832,56.82,3.18,2.24,1.1023,1.1107,39.0884,59.06,0.94,0.00,1.1971,1.2062,38.3717,59.06,0.94,0.00
649,162,1,45,296.00,304.00,60.00,1,0.0000,0.0000,inf,68.18,8.18,0.00,1.4967,1.5043,36.4533,68.18,8.18,0.00,12.8716,12.9368,17.7635,69.44,9.44,1.26,1.2810,1.2875,37.8052,68.18,8.18,0.00,10.0826,10.1336,19.8847,68.81,8.81,0.63,1.1325,1.1382,38.8756,66.96,6.96,1.22,10.4982,10.5513,19.5339,68.81,8.81,0.63,1.1969,1.2029,38.3953,67.57,7.57,0.61,1.1612,1.1670,38.6583,66.96,6.96,1.22
650,162,2,45,304.00,312.00,63.00,1,0.0000,0.0000,inf,65.22,2.22,0.00,1.3144,1.3157,37.6170,65.22,2.22,0.00,13.7899,13.8029,17.2006,60.48,2.52,4.73,1.3413,1.3426,37.4413,65.22,2.22,0.00,10.2011,10.2107,19.8188,60.24,2.76,4.98,1.0914,1.0924,39.2323,65.22,2.22,0.00,10.7289,10.7390,19.3807,60.48,2.52,4.73,1.1615,1.1626,38.6916,64.66,1.66,0.56,1.1853,1.1864,38.5155,65.22,2.22,0.00
651,162,3,45,312.00,320.00,61.50,1,0.0000,0.0000,inf,61.98,0.48,0.00,1.7327,1.7327,35.2256,61.98,0.48,0.00,14.7193,14.7193,16.6423,61.48,0.02,0.51,1.4500,1.4500,36.7728,63.03,1.53,1.04,10.3721,10.3721,19.6827,61.22,0.28,0.76,1.4205,1.4205,36.9511,64.10,2.60,2.12,11.0584,11.0584,19.1262,60.24,1.26,1.74,1.7075,1.7075,35.3528,62.50,1.00,0.52,1.5116,1.5116,36.4115,63.56,2.06,1.58
652,163,0,45,320.00,328.00,63.00,1,0.0000,0.0000,inf,68.81,5.81,0.00,1.3001,1.3003,37.7194,68.49,5.49,0.31,12.7994,12.8007,17.8553,71.09,8.09,2.28,1.3736,1.3738,37.2416,68.49,5.49,0.31,10.3923,10.3934,19.6648,70.75,7.75,1.95,1.1374,1.1375,38.8809,67.87,4.87,0.93,11.4354,11.4366,18.8341,70.42,7.42,1.62,1.5540,1.5542,36.1699,67.87,4.87,0.93,1.1663,1.1665,38.6626,68.49,5.49,0.31
653,163,1,45,328.00,336.00,67.50,1,0.0000,0.0000,inf,60.98,6.52,0.00,1.3610,1.3610,37.3227,60.98,6.52,0.00,13.4576,13.4583,17.4202,63.83,3.67,2.85,1.3027,1.3028,37.7025,60.98,6.52,0.00,10.1900,10.1905,19.8361,63.29,4.21,2.32,1.1485,1.1486,38.7970,60.98,6.52,0.00,9.0161,9.0166,20.8991,61.98,5.52,1.01,1.7185,1.7186,35.2966,60.98,6.52,0.00,1.0651,1.0652,39.4514,60.98,6.52,0.00
654,163,2,45,336.00,344.00,60.50,1,0.0000,0.0000,inf,61.98,1.48,0.00,1.1184,1.1188,39.0251,61.98,1.48,0.00,13.0163,13.0207,17.7073,64.66,4.16,2.67,1.3367,1.3372,37.4762,61.48,0.98,0.51,10.3144,10.3179,19.7282,63.83,3.33,1.85,1.0215,1.0218,39.8127,61.48,0.98,0.51,9.4990,9.5022,20.4435,63.83,3.33,1.85,1.5584,1.5589,36.1437,61.48,0.98,0.51,1.0982,1.0986,39.1834,60.98,0.48,1.01
655,163,3,45,344.00,352.00,60.00,1,0.0000,0.0000,inf,60.98,0.98,0.00,1.1197,1.1197,39.0180,60.48,0.48,0.49,11.3486,11.3488,18.9010,61.98,1.98,1.01,1.1705,1.1705,38.6325,61.98,1.98,1.01,8.3306,8.3308,21.5863,60.98,0.98,0.00,1.0785,1.0785,39.3435,61.98,1.98,1.01,8.2623,8.2625,21.6578,60.98,0.98,0.00,1.2342,1.2342,38.1722,60.00,0.00,0.98,1.0510,1.0511,39.5675,60.48,0.48,0.49
656,164,0,45,352.00,360.00,62.00,1,0.0000,0.0000,inf,71.43,9.43,0.00,1.1022,1.1036,39.1436,71.43,9.43,0.00,12.6949,12.7114,17.9161,72.12,10.12,0.69,1.3224,1.3241,37.5613,72.12,10.12,0.69,9.9957,10.0087,19.9924,70.09,8.09,1.34,1.2689,1.2705,37.9205,71.43,9.43,0.00,10.6914,10.7053,19.4080,69.77,7.77,1.66,1.6712,1.6734,35.5281,71.43,9.43,0.00,1.0346,1.0360,39.6931,71.43,9.43,0.00
657,164,1,45,360.00,368.00,59.50,1,0.0000,0.0000,inf,53.76,5.74,0.00,0.9771,0.9807,40.1689,53.76,5.74,0.00,13.0230,13.0712,17.6737,51.90,7.60,1.86,1.2111,1.2156,38.3042,53.96,5.54,0.19,9.9125,9.9492,20.0442,52.08,7.42,1.68,1.0984,1.1025,39.1526,53.76,5.74,0.00,9.9279,9.9647,20.0307,51.37,8.13,2.39,1.2596,1.2643,37.9633,53.76,5.74,0.00,1.0103,1.0140,39.8790,53.96,5.54,0.19
658,164,2,45,368.00,376.00,57.00,1,0.0000,0.0000,inf,75.00,18.00,0.00,0.9841,0.9849,40.1320,76.53,19.53,1.53,11.3610,11.3703,18.8846,78.12,21.12,3.12,1.0317,1.0326,39.7216,77.32,20.32,2.32,9.8590,9.8671,20.1162,78.12,21.12,3.12,0.8818,0.8826,41.0851,75.76,18.76,0.76,9.7702,9.7782,20.1948,78.95,21.95,3.95,1.1942,1.1952,38.4515,76.53,19.53,1.53,1.0701,1.0710,39.4044,78.12,21.12,3.12
659,164,3,45,376.00,384.00,61.00,1,0.0000,0.0000,inf,58.14,2.86,0.00,1.8589,1.8590,34.6144,58.14,2.86,0.00,13.4524,13.4531,17.4236,57.47,3.53,0.67,1.3725,1.3726,37.2492,56.82,4.18,1.32,11.3741,11.3747,18.8812,58.14,2.86,0.00,1.1536,1.1537,38.7585,56.82,4.18,1.32,11.0229,11.0235,19.1536,57.03,3.97,1.11,1.4349,1.4350,36.8630,57.25,3.75,0.89,1.2727,1.2728,37.9050,58.59,2.41,0.45
660,165,0,45,384.00,392.00,56.50,1,0.0000,0.0000,inf,48.86,7.64,0.00,2.0377,2.0388,33.8126,50.17,6.33,1.31,11.4053,11.4113,18.8533,50.68,5.82,1.82,1.6332,1.6340,35.7348,50.17,6.33,1.31,9.8134,9.8185,20.1591,48.39,8.11,0.47,1.4939,1.4947,36.5089,48.39,8.11,0.47,10.5011,10.5066,19.5708,48.70,7.80,0.16,1.4687,1.4695,36.6568,48.39,8.11,0.47,1.4246,1.4254,36.9216,49.83,6.67,0.97
661,165,1,45,392.00,400.00,55.00,1,0.0000,0.0000,inf,53.76,1.24,0.00,1.1151,1.1215,39.0037,53.57,1.43,0.19,13.2033,13.2793,17.5365,55.76,0.76,2.00,1.1075,1.1139,39.0630,53.57,1.43,0.19,9.0753,9.1276,20.7929,56.18,1.18,2.42,1.0764,1.0826,39.3108,53.57,1.43,0.19,9.7047,9.7606,20.2104,55.35,0.35,1.59,1.2526,1.2598,37.9939,53.96,1.04,0.19,1.0019,1.0076,39.9340,53.57,1.43,0.19
662,165,2,45,400.00,408.00,54.50,1,0.0000,0.0000,inf,59.52,5.02,0.00,1.2344,1.2372,38.1514,59.06,4.56,0.47,14.5666,14.5989,16.7136,59.06,4.56,0.47,1.0717,1.0741,39.3793,60.48,5.98,0.96,8.9540,8.9739,20.9404,58.37,3.87,1.16,0.9961,0.9983,40.0144,60.48,5.98,0.96,9.1239,9.1441,20.7772,58.59,4.09,0.93,1.1219,1.1244,38.9819,59.76,5.26,0.24,0.9479,0.9500,40.4456,60.00,5.50,0.48
663,165,3,45,408.00,416.00,60.50,1,0.0000,0.0000,inf,71.43,10.93,0.00,1.2170,1.2172,38.2924,71.43,10.93,0.00,13.5501,13.5532,17.3592,71.43,10.93,0.00,1.4125,1.4128,36.9982,70.75,10.25,0.67,10.8275,10.8300,19.3074,71.43,10.93,0.00,1.1403,1.1405,38.8578,71.77,11.27,0.34,10.0941,10.0965,19.9166,70.75,10.25,0.67,1.5573,1.5576,36.1508,71.43,10.93,0.00,1.1590,1.1593,38.7162,71.77,11.27,0.34
664,166,0,45,416.00,424.00,71.00,1,0.0000,0.0000,inf,65.79,5.21,0.00,1.3136,1.3160,37.6151,63.03,7.97,2.76,12.1700,12.1919,18.2785,63.56,7.44,2.23,1.1036,1.1056,39.1281,63.03,7.97,2.76,8.7945,8.8103,21.1002,65.22,5.78,0.57,1.0441,1.0459,39.6099,63.56,7.44,2.23,9.2833,9.3000,20.6304,65.79,5.21,0.00,1.2569,1.2592,37.9984,63.03,7.97,2.76,1.1508,1.1529,38.7643,63.56,7.44,2.23
665,166,1,45,424.00,432.00,59.50,1,0.0000,0.0000,inf,62.50,3.00,0.00,1.1626,1.1627,38.6910,61.98,2.48,0.52,13.2390,13.2392,17.5628,64.10,4.60,1.60,1.2197,1.2197,38.2751,63.03,3.53,0.53,10.7367,10.7368,19.3825,65.22,5.72,2.72,1.0040,1.0040,39.9652,63.03,3.53,0.53,10.3456,10.3457,19.7048,65.22,5.72,2.72,1.3485,1.3485,37.4029,63.03,3.53,0.53,1.2018,1.2019,38.4030,62.50,3.00,0.00
666,166,2,45,432.00,440.00,58.00,1,0.0000,0.0000,inf,60.98,2.98,0.00,1.1293,1.1294,38.9427,60.48,2.48,0.49,12.5015,12.5033,18.0595,60.48,2.48,0.49,1.4179,1.4181,36.9656,60.48,2.48,0.49,9.8959,9.8973,20.0896,61.98,3.98,1.01,1.3097,1.3098,37.6556,60.48,2.48,0.49,9.3359,9.3373,20.5956,61.48,3.48,0.50,1.7220,1.7223,35.2780,60.48,2.48,0.49,1.2006,1.2008,38.4108,60.48,2.48,0.49
667,166,3,45,440.00,448.00,60.50,1,0.0000,0.0000,inf,62.50,2.00,0.00,1.1211,1.1213,39.0056,62.50,2.00,0.00,13.1666,13.1694,17.6087,63.03,2.53,0.53,1.0012,1.0015,39.9873,62.50,2.00,0.00,9.9860,9.9882,20.0103,63.56,3.06,1.06,0.9354,0.9356,40.5778,62.50,2.00,0.00,11.4120,11.4144,18.8509,64.10,3.60,1.60,1.0705,1.0707,39.4067,62.50,2.00,0.00,1.0560,1.0562,39.5250,63.03,2.53,0.53
668,167,0,45,448.00,456.00,59.50,1,0.0000,0.0000,inf,54.55,4.95,0.00,1.4020,1.4023,37.0632,54.55,4.95,0.00,13.9309,13.9334,17.1189,54.95,4.55,0.40,1.2241,1.2243,38.2424,54.15,5.35,0.39,10.8045,10.8064,19.3264,56.39,3.11,1.85,1.0393,1.0395,39.6632,54.15,5.35,0.39,10.2227,10.2245,19.8071,55.56,3.94,1.01,1.3039,1.3041,37.6936,54.35,5.15,0.20,1.1514,1.1516,38.7739,54.35,5.15,0.20
669,167,1,45,456.00,464.00,60.00,1,0.0000,0.0000,inf,59.29,0.71,0.00,1.0669,1.0676,39.4319,59.52,0.48,0.24,12.2422,12.2496,18.2376,58.82,1.18,0.47,1.2882,1.2890,37.7949,59.76,0.24,0.47,10.2841,10.2903,19.7514,60.24,0.24,0.95,1.1752,1.1759,38.5923,59.52,0.48,0.24,9.9274,9.9334,20.0581,60.48,0.48,1.20,1.5747,1.5756,36.0509,59.52,0.48,0.24,1.0792,1.0799,39.3325,59.52,0.48,0.24
670,167,2,45,464.00,472.00,59.50,1,0.0000,0.0000,inf,70.75,11.25,0.00,1.2103,1.2104,38.3414,68.81,9.31,1.95,12.3979,12.3991,18.1322,73.53,14.03,2.77,1.2204,1.2205,38.2694,69.44,9.94,1.31,10.8027,10.8037,19.3286,72.12,12.62,1.36,1.1544,1.1545,38.7519,69.44,9.94,1.31,10.2750,10.2760,19.7636,74.26,14.76,3.50,1.4710,1.4711,36.6471,70.09,10.59,0.66,1.1846,1.1847,38.5277,69.44,9.94,1.31
671,167,3,45,472.00,480.00,65.00,1,0.0000,0.0000,inf,65.79,0.79,0.00,1.2352,1.2383,38.1434,65.79,0.79,0.00,12.4577,12.4894,18.0692,65.22,0.22,0.57,1.5207,1.5246,36.3369,65.22,0.22,0.57,12.0186,12.0492,18.3808,66.96,1.96,1.17,1.2313,1.2345,38.1704,65.22,0.22,0.57,11.8110,11.8410,18.5322,64.66,0.34,1.13,1.6765,1.6807,35.4901,64.66,0.34,1.13,1.3510,1.3544,37.3650,65.22,0.22,0.57
672,168,0,48,32.00,40.00,101.50,1,0.0000,0.0000,inf,107.14,5.64,0.00,5.9496,5.9696,24.4811,106.38,4.88,0.76,56.0175,56.2054,5.0044,105.63,4.13,1.51,3.7623,3.7749,28.4618,107.14,5.64,0.00,28.8746,28.9715,10.7606,105.63,4.13,1.51,3.6515,3.6637,28.7216,107.14,5.64,0.00,29.1011,29.1987,10.6927,107.14,5.64,0.00,3.7899,3.8026,28.3983,107.14,5.64,0.00,3.9741,3.9875,27.9860,107.14,5.64,0.00
673,168,1,48,40.00,48.00,105.50,1,0.0000,0.0000,inf,112.78,7.28,0.00,4.9975,5.1068,25.8371,112.78,7.28,0.00,34.5043,35.2585,9.0547,107.14,1.64,5.64,4.7818,4.8863,26.2203,112.78,7.28,0.00,23.7866,24.3066,12.2855,107.14,1.64,5.64,4.5652,4.6650,26.6230,113.64,8.14,0.85,22.5426,23.0354,12.7521,109.49,3.99,3.29,4.7037,4.8066,26.3633,113.64,8.14,0.85,4.6272,4.7283,26.5059,112.78,7.28,0.00
674,168,2,48,48.00,56.00,104.00,1,0.0000,0.0000,inf,98.68,5.32,0.00,4.0504,4.1354,27.6698,98.68,5.32,0.00,49.4764,50.5137,5.9318,97.40,6.60,1.28,1.9127,1.9528,34.1867,98.68,5.32,0.00,28.3089,28.9025,10.7813,98.68,5.32,0.00,1.9134,1.9535,34.1836,98.68,5.32,0.00,27.4345,28.0097,11.0538,99.34,4.66,0.65,2.0472,2.0901,33.5966,98.68,5.32,0.00,1.9882,2.0299,33.8506,98.68,5.32,0.00
675,168,3,48,56.00,64.00,101.00,1,0.0000,0.0000,inf,102.74,1.74,0.00,3.9631,3.9718,28.0202,102.74,1.74,0.00,54.3205,54.4395,5.2817,104.17,3.17,1.43,3.0208,3.0275,30.3784,105.63,4.63,2.89,29.1818,29.2457,10.6788,104.17,3.17,1.43,3.1072,3.1140,30.1337,105.63,4.63,2.89,27.8506,27.9117,11.0843,104.17,3.17,1.43,3.0406,3.0473,30.3217,104.17,3.17,1.43,2.8985,2.9049,30.7374,105.63,4.63,2.89
676,169,0,48,64.00,72.00,104.50,1,0.0000,0.0000,inf,98.68,5.82,0.00,4.5622,4.5846,26.7740,98.68,5.82,0.00,33.0293,33.1910,9.5796,100.00,4.50,1.32,2.0667,2.0769,33.6518,98.68,5.82,0.00,20.3655,20.4652,13.7797,96.77,7.73,1.91,2.3153,2.3266,32.6655,98.04,6.46,0.64,21.9338,22.0412,13.1353,98.68,5.82,0.00,2.6714,2.6845,31.4229,98.04,6.46,0.64,2.3321,2.3435,32.6026,98.04,6.46,0.64
677,169,1,48,72.00,80.00,97.50,1,0.0000,0.0000,inf,99.34,1.84,0.00,3.5960,3.6305,28.8006,98.68,1.18,0.65,39.5431,39.9229,7.9756,100.00,2.50,0.66,2.1832,2.2041,33.1352,99.34,1.84,0.00,25.0184,25.2587,11.9518,96.15,1.35,3.18,2.1893,2.2103,33.1108,99.34,1.84,0.00,24.6522,24.8890,12.0798,98.04,0.54,1.30,2.4563,2.4798,32.1115,100.00,2.50,0.66,2.1306,2.1511,33.3469,99.34,1.84,0.00
678,169,2,48,80.00,88.00,97.00,1,0.0000,0.0000,inf,99.34,2.34,0.00,4.0140,4.0234,27.9081,98.68,1.68,0.65,56.3384,56.4712,4.9635,98.04,1.04,1.30,2.2731,2.2784,32.8474,99.34,2.34,0.00,26.0416,26.1030,11.6662,98.68,1.68,0.65,2.3479,2.3534,32.5660,99.34,2.34,0.00,25.6315,25.6919,11.8041,100.00,3.00,0.66,2.6198,2.6260,31.6142,98.68,1.68,0.65,2.2972,2.3027,32.7554,99.34,2.34,0.00
679,169,3,48,88.00,96.00,100.00,1,0.0000,0.0000,inf,102.04,2.04,0.00,3.5379,3.5399,29.0202,101.35,1.35,0.69,56.4009,56.4335,4.9693,100.67,0.67,1.37,2.6680,2.6696,31.4712,102.74,2.74,0.70,30.2057,30.2231,10.3932,103.45,3.45,1.41,2.7025,2.7041,31.3595,101.35,1.35,0.69,28.8508,28.8675,10.7918,102.74,2.74,0.70,2.9058,2.9075,30.7297,101.35,1.35,0.69,2.9437,2.9454,30.6171,102.74,2.74,0.70
680,170,0,48,96.00,104.00,103.00,1,0.0000,0.0000,inf,102.74,0.26,0.00,4.3588,4.3706,27.1892,102.74,0.26,0.00,52.5627,52.7050,5.5630,102.04,0.96,0.70,2.1282,2.1340,33.4163,102.74,0.26,0.00,27.4147,27.4889,11.2168,104.17,1.17,1.43,2.0799,2.0856,33.6155,102.74,0.26,0.00,26.4818,26.5535,11.5176,102.74,0.26,0.00,2.6972,2.7045,31.3582,102.74,0.26,0.00,1.9303,1.9356,34.2639,102.74,0.26,0.00
681,170,1,48,104.00,112.00,98.50,1,0.0000,0.0000,inf,100.00,1.50,0.00,3.9637,3.9928,27.9746,100.00,1.50,0.00,51.9054,52.2855,5.6324,98.68,0.18,1.32,2.3812,2.3986,32.4007,100.67,2.17,0.67,24.4421,24.6211,12.1739,98.68,0.18,1.32,2.6182,2.6374,31.5766,100.67,2.17,0.67,24.1537,24.3306,12.2769,100.00,1.50,0.00,2.8531,2.8740,30.8302,100.67,2.17,0.67,2.5472,2.5659,31.8152,100.67,2.17,0.67
682,170,2,48,112.00,120.00,100.50,1,0.0000,0.0000,inf,104.17,3.67,0.00,3.8241,3.8254,28.3464,104.17,3.67,0.00,55.4792,55.4979,5.1145,103.45,2.95,0.72,2.9425,2.9435,30.6227,104.17,3.67,0.00,28.9964,29.0062,10.7502,104.17,3.67,0.00,2.9787,2.9797,30.5166,104.17,3.67,0.00,29.0269,29.0367,10.7410,102.74,2.24,1.43,3.0022,3.0032,30.4482,102.74,2.24,1.43,2.8309,2.8318,30.9586,102.74,2.24,1.43
683,170,3,48,120.00,128.00,103.00,1,0.0000,0.0000,inf,98.04,4.96,0.00,4.3020,4.3178,27.2947,98.68,4.32,0.64,44.4702,44.6335,7.0068,96.15,6.85,1.89,2.7226,2.7326,31.2684,98.68,4.32,0.64,25.5618,25.6557,11.8163,99.34,3.66,1.30,2.8217,2.8321,30.9579,98.68,4.32,0.64,25.5402,25.6340,11.8237,99.34,3.66,1.30,3.0750,3.0863,30.2113,99.34,3.66,1.30,2.6791,2.6890,31.4083,99.34,3.66,1.30
684,171,0,48,128.00,136.00,100.00,1,0.0000,0.0000,inf,100.67,0.67,0.00,4.0270,4.0313,27.8912,100.67,0.67,0.00,49.4889,49.5417,6.1006,98.68,1.32,1.99,2.3184,2.3209,32.6868,100.67,0.67,0.00,22.8104,22.8347,12.8281,98.68,1.32,1.99,2.2584,2.2608,32.9148,101.35,1.35,0.68,21.3528,21.3756,13.4016,99.34,0.66,1.33,2.3320,2.3345,32.6361,100.67,0.67,0.00,2.2741,2.2766,32.8544,100.67,0.67,0.00
685,171,1,48,136.00,144.00,99.50,1,0.0000,0.0000,inf,100.00,0.50,0.00,3.9375,3.9375,28.0956,101.35,1.85,1.35,54.0609,54.0609,5.3423,98.68,0.82,1.32,2.2496,2.2496,32.9580,100.00,0.50,0.00,26.8537,26.8537,11.4199,100.00,0.50,0.00,2.4382,2.4382,32.2587,100.00,0.50,0.00,24.5221,24.5221,12.2088,98.68,0.82,1.32,2.5948,2.5948,31.7180,100.00,0.50,0.00,2.4565,2.4565,32.1938,100.00,0.50,0.00
686,171,2,48,144.00,152.00,101.50,1,0.0000,0.0000,inf,103.45,1.95,0.00,4.2498,4.2498,27.4325,104.17,2.67,0.72,59.4857,59.4861,4.5117,102.74,1.24,0.71,3.0360,3.0360,30.3540,104.17,2.67,0.72,32.6044,32.6046,9.7344,103.45,1.95,0.00,2.8416,2.8416,30.9286,104.17,2.67,0.72,32.3534,32.3537,9.8015,103.45,1.95,0.00,3.0250,3.0250,30.3855,104.17,2.67,0.72,2.8554,2.8554,30.8867,104.17,2.67,0.72
687,171,3,48,152.00,160.00,103.00,1,0.0000,0.0000,inf,101.35,1.65,0.00,3.8752,3.8753,28.2340,102.04,0.96,0.69,59.6084,59.6089,4.4938,100.00,3.00,1.35,2.9699,2.9699,30.5452,102.74,0.26,1.39,32.8323,32.8326,9.6739,100.00,3.00,1.35,2.8560,2.8560,30.8849,101.35,1.65,0.00,30.9278,30.9280,10.1929,101.35,1.65,0.00,3.0474,3.0474,30.3213,101.35,1.65,0.00,2.9547,2.9548,30.5895,102.74,0.26,1.39
688,172,0,48,160.00,168.00,102.00,1,0.0000,0.0000,inf,102.74,0.74,0.00,3.8585,3.8591,28.2704,104.17,2.17,1.43,60.5335,60.5429,4.3587,104.17,2.17,1.43,2.5249,2.5253,31.9538,102.74,0.74,0.00,33.4134,33.4186,9.5202,102.74,0.74,0.00,2.6443,2.6448,31.5523,104.17,2.17,1.43,32.5089,32.5140,9.7586,104.17,2.17,1.43,2.6847,2.6851,31.4209,102.74,0.74,0.00,2.6873,2.6878,31.4122,102.74,0.74,0.00
689,172,1,48,168.00,176.00,103.50,1,0.0000,0.0000,inf,104.17,0.67,0.00,4.0669,4.0670,27.8145,104.17,0.67,0.00,59.4655,59.4670,4.5145,100.67,2.83,3.50,2.9930,2.9931,30.4777,105.63,2.13,1.47,34.5022,34.5031,9.2428,102.04,1.46,2.13,2.9961,2.9962,30.4686,104.17,0.67,0.00,35.0305,35.0313,9.1109,103.45,0.05,0.72,3.0005,3.0005,30.4560,102.74,0.76,1.43,3.1753,3.1754,29.9640,104.17,0.67,0.00
690,172,2,48,176.00,184.00,102.00,1,0.0000,0.0000,inf,102.74,0.74,0.00,4.3029,4.3036,27.3233,187.50,85.50,84.76,59.5277,59.5379,4.5041,100.00,2.00,2.74,2.7279,2.7284,31.2818,104.17,2.17,1.43,33.7679,33.7737,9.4284,101.35,0.65,1.39,2.5676,2.5680,31.8080,104.17,2.17,1.43,32.6544,32.6600,9.7197,101.35,0.65,1.39,2.6190,2.6194,31.6359,102.74,0.74,0.00,2.6690,2.6695,31.4715,102.74,0.74,0.00
691,172,3,48,184.00,192.00,101.50,1,0.0000,0.0000,inf,101.35,0.15,0.00,4.1225,4.1233,27.6951,102.74,1.24,1.39,58.2181,58.2293,4.6972,100.67,0.83,0.68,2.5185,2.5190,31.9753,101.35,0.15,0.00,30.3669,30.3727,10.3503,99.34,2.16,2.01,2.7455,2.7460,31.2260,100.00,1.50,1.35,28.2778,28.2832,10.9694,99.34,2.16,2.01,3.0171,3.0177,30.4065,100.00,1.50,1.35,2.7687,2.7693,31.1527,101.35,0.15,0.00
692,173,0,48,192.00,200.00,101.00,1,0.0000,0.0000,inf,102.74,1.74,0.00,4.0199,4.0211,27.9132,102.74,1.74,0.00,59.0468,59.0636,4.5736,100.00,1.00,2.74,2.5568,2.5576,31.8435,102.74,1.74,0.00,33.2596,33.2691,9.5592,100.00,1.00,2.74,2.6253,2.6260,31.6141,102.74,1.74,0.00,31.8122,31.8213,9.9456,104.17,3.17,1.43,3.0041,3.0050,30.4432,101.35,0.35,1.39,2.6944,2.6951,31.3884,102.74,1.74,0.00
693,173,1,48,200.00,208.00,101.00,1,0.0000,0.0000,inf,102.74,1.74,0.00,4.4428,4.4466,27.0394,187.50,86.50,84.76,60.1189,60.1707,4.4123,99.34,1.66,3.40,2.8338,2.8363,30.9450,104.17,3.17,1.43,33.4301,33.4589,9.5098,100.00,1.00,2.74,3.1156,3.1183,30.1216,101.35,0.35,1.39,33.3100,33.3387,9.5410,99.34,1.66,3.40,3.3250,3.3279,29.5567,104.17,3.17,1.43,3.0304,3.0330,30.3626,101.35,0.35,1.39
694,173,2,48,208.00,216.00,102.00,1,0.0000,0.0000,inf,102.74,0.74,0.00,4.0009,4.0042,27.9497,104.17,2.17,1.43,59.3729,59.4220,4.5211,100.00,2.00,2.74,2.8277,2.8301,30.9641,103.45,1.45,0.71,34.0170,34.0451,9.3589,102.04,0.04,0.70,2.6489,2.6511,31.5316,103.45,1.45,0.71,34.3559,34.3843,9.2728,102.04,0.04,0.70,2.8348,2.8372,30.9423,102.74,0.74,0.00,2.8132,2.8155,31.0089,102.74,0.74,0.00
695,173,3,48,216.00,224.00,102.00,1,0.0000,0.0000,inf,103.45,1.45,0.00,4.0715,4.0722,27.8035,105.63,3.63,2.19,62.3300,62.3398,4.1047,101.35,0.65,2.10,3.3135,3.3140,29.5929,104.17,2.17,0.72,36.1418,36.1475,8.8384,100.00,2.00,3.45,3.1676,3.1681,29.9840,104.17,2.17,0.72,34.8074,34.8129,9.1652,100.00,2.00,3.45,3.4649,3.4654,29.2049,104.17,2.17,0.72,3.3843,3.3848,29.4093,104.17,2.17,0.72
696,174,0,48,224.00,232.00,103.00,1,0.0000,0.0000,inf,102.74,0.26,0.00,4.6577,4.7080,26.5433,102.74,0.26,0.00,38.4794,38.8948,8.2022,101.35,1.65,1.39,3.8449,3.8864,28.2090,104.17,1.17,1.43,27.1556,27.4487,11.2296,103.45,0.45,0.71,3.5866,3.6253,28.8131,103.45,0.45,0.71,26.2726,26.5562,11.5167,104.17,1.17,1.43,3.4813,3.5189,29.0718,103.45,0.45,0.71,3.7398,3.7802,28.4498,103.45,0.45,0.71
697,174,1,48,232.00,240.00,101.50,1,0.0000,0.0000,inf,96.15,5.35,0.00,4.8139,4.9489,26.1099,96.15,5.35,0.00,32.2772,33.1824,9.5818,100.00,1.50,3.85,2.4532,2.5220,31.9650,96.15,5.35,0.00,19.7536,20.3076,13.8468,93.75,7.75,2.40,2.3977,2.4650,32.1637,96.15,5.35,0.00,18.0962,18.6037,14.6080,96.77,4.73,0.62,2.6910,2.7665,31.1615,96.15,5.35,0.00,2.5284,2.5993,31.7029,96.15,5.35,0.00
698,174,2,48,240.00,248.00,96.50,1,0.0000,0.0000,inf,99.34,2.84,0.00,4.0130,4.0275,27.8993,100.00,3.50,0.66,57.1841,57.3910,4.8231,99.34,2.84,0.00,2.2726,2.2808,32.8381,99.34,2.84,0.00,26.0925,26.1869,11.6383,98.68,2.18,0.65,2.4247,2.4334,32.2756,100.00,3.50,0.66,24.8464,24.9363,12.0634,100.00,3.50,0.66,2.6649,2.6745,31.4552,99.34,2.84,0.00,2.4636,2.4725,32.1372,99.34,2.84,0.00
699,174,3,48,248.00,256.00,100.00,1,0.0000,0.0000,inf,100.00,0.00,0.00,3.8793,3.8822,28.2185,100.67,0.67,0.67,57.6343,57.6771,4.7799,98.04,1.96,1.96,2.3992,2.4009,32.3924,100.00,0.00,0.00,30.7615,30.7843,10.2334,98.68,1.32,1.32,2.4540,2.4559,32.1959,100.67,0.67,0.67,30.6523,30.6750,10.2643,99.34,0.66,0.66,2.5402,2.5421,31.8961,100.00,0.00,0.00,2.3800,2.3817,32.4622,100.00,0.00,0.00
700,175,0,48,256.00,264.00,101.00,1,0.0000,0.0000,inf,100.00,1.00,0.00,4.3911,4.3914,27.1479,102.74,1.74,2.74,59.6590,59.6633,4.4859,98.68,2.32,1.32,2.8723,2.8725,30.8347,100.00,1.00,0.00,33.2542,33.2566,9.5624,99.34,1.66,0.66,2.8333,2.8335,30.9536,100.00,1.00,0.00,31.4080,31.4103,10.0586,98.68,2.32,1.32,3.0096,3.0098,30.4292,100.00,1.00,0.00,2.9569,2.9572,30.5825,100.00,1.00,0.00
701,175,1,48,264.00,272.00,101.00,1,0.0000,0.0000,inf,102.74,1.74,0.00,4.0036,4.0038,27.9505,104.17,3.17,1.43,59.8845,59.8884,4.4531,100.67,0.33,2.07,2.6489,2.6490,31.5383,102.74,1.74,0.00,33.5403,33.5425,9.4881,101.35,0.35,1.39,2.5228,2.5230,31.9617,102.74,1.74,0.00,33.9560,33.9582,9.3811,101.35,0.35,1.39,2.7790,2.7791,31.1218,102.74,1.74,0.00,2.6796,2.6798,31.4380,102.74,1.74,0.00
702,175,2,48,272.00,280.00,102.00,1,0.0000,0.0000,inf,104.17,2.17,0.00,4.0634,4.1079,27.7276,104.17,2.17,0.00,56.2704,56.8866,4.8998,101.35,0.65,2.82,3.5336,3.5723,28.9411,104.17,2.17,0.00,31.4586,31.8031,9.9506,104.17,2.17,0.00,3.4639,3.5019,29.1140,104.90,2.90,0.73,30.5233,30.8575,10.2128,105.63,3.63,1.47,3.5942,3.6335,28.7934,104.90,2.90,0.73,3.6693,3.7094,28.6138,104.17,2.17,0.00
703,175,3,48,280.00,288.00,106.00,1,0.0000,0.0000,inf,98.68,7.32,0.00,4.9226,4.9357,26.1330,98.68,7.32,0.00,23.6806,23.7436,12.4891,98.68,7.32,0.00,5.4512,5.4657,25.2471,98.68,7.32,0.00,21.9344,21.9928,13.1544,98.68,7.32,0.00,5.4260,5.4405,25.2873,97.40,8.60,1.28,21.6651,21.7227,13.2617,98.68,7.32,0.00,6.2783,6.2950,24.0201,98.68,7.32,0.00,5.4306,5.4451,25.2799,98.68,7.32,0.00
704,176,0,48,288.00,296.00,98.50,1,0.0000,0.0000,inf,97.40,1.10,0.00,3.9706,3.9732,28.0171,98.04,0.46,0.64,47.2142,47.2452,6.5128,97.40,1.10,0.00,2.0506,2.0520,33.7565,97.40,1.10,0.00,27.3450,27.3629,11.2568,97.40,1.10,0.00,2.0634,2.0648,33.7025,97.40,1.10,0.00,28.1470,28.1655,11.0057,97.40,1.10,0.00,2.3193,2.3209,32.6870,97.40,1.10,0.00,2.1767,2.1781,33.2383,97.40,1.10,0.00
705,176,1,48,296.00,304.00,98.00,1,0.0000,0.0000,inf,98.04,0.04,0.00,3.6267,3.6270,28.8091,98.68,0.68,0.64,56.0803,56.0848,5.0231,97.40,0.60,0.64,1.9793,1.9795,34.0689,98.04,0.04,0.00,29.0821,29.0845,10.7268,98.04,0.04,0.00,2.1543,2.1545,33.3332,98.04,0.04,0.00,30.2748,30.2772,10.3777,98.68,0.68,0.64,2.5350,2.5352,31.9196,98.04,0.04,0.00,2.2261,2.2263,33.0483,98.68,0.68,0.64
706,176,2,48,304.00,312.00,98.00,1,0.0000,0.0000,inf,98.04,0.04,0.00,3.8910,3.8919,28.1968,98.68,0.68,0.64,56.8318,56.8444,4.9062,96.77,1.23,1.27,2.1891,2.1896,33.1926,98.04,0.04,0.00,30.7143,30.7211,10.2513,98.04,0.04,0.00,2.2171,2.2176,33.0824,98.04,0.04,0.00,30.4145,30.4212,10.3365,99.34,1.34,1.30,2.4487,2.4492,32.2194,98.04,0.04,0.00,2.2927,2.2932,32.7911,98.04,0.04,0.00
707,176,3,48,312.00,320.00,98.00,1,0.0000,0.0000,inf,100.00,2.00,0.00,3.8870,3.8883,28.2048,100.67,2.67,0.67,57.8085,57.8275,4.7573,97.40,0.60,2.60,2.0852,2.0859,33.6140,101.35,3.35,1.35,32.7395,32.7503,9.6957,97.40,0.60,2.60,2.2421,2.2428,32.9841,101.35,3.35,1.35,31.1336,31.1439,10.1325,98.68,0.68,1.32,2.4033,2.4041,32.3810,101.35,3.35,1.35,2.2995,2.3003,32.7644,101.35,3.35,1.35
708,177,0,48,320.00,328.00,98.00,1,0.0000,0.0000,inf,98.04,0.04,0.00,3.9240,3.9242,28.1251,98.04,0.04,0.00,57.2514,57.2535,4.8440,96.15,1.85,1.89,2.1896,2.1897,33.1923,98.04,0.04,0.00,33.0340,33.0352,9.6205,96.77,1.23,1.27,2.3544,2.3545,32.5620,98.04,0.04,0.00,30.6306,30.6318,10.2766,98.68,0.68,0.64,2.6646,2.6647,31.4869,98.04,0.04,0.00,2.4134,2.4135,32.3471,98.04,0.04,0.00
709,177,1,48,328.00,336.00,98.00,1,0.0000,0.0000,inf,97.40,0.60,0.00,4.0680,4.0684,27.8116,100.00,2.00,2.60,53.8024,53.8067,5.3833,96.15,1.85,1.25,2.2988,2.2990,32.7693,98.04,0.04,0.64,33.2215,33.2242,9.5709,98.04,0.04,0.64,2.4601,2.4603,32.1802,98.68,0.68,1.28,31.1354,31.1379,10.1342,99.34,1.34,1.94,2.4894,2.4896,32.0774,97.40,0.60,0.00,2.5681,2.5683,31.8071,98.04,0.04,0.64
710,177,2,48,336.00,344.00,98.00,1,0.0000,0.0000,inf,98.68,0.68,0.00,3.8026,3.8038,28.3956,100.00,2.00,1.32,56.7104,56.7283,4.9240,97.40,0.60,1.28,2.1753,2.1760,33.2469,99.34,1.34,0.65,32.4501,32.4604,9.7729,99.34,1.34,0.65,2.2777,2.2784,32.8475,98.68,0.68,0.00,31.2777,31.2876,10.0926,98.04,0.04,0.64,2.5060,2.5068,32.0175,98.68,0.68,0.00,2.3443,2.3450,32.5971,98.68,0.68,0.00
711,177,3,48,344.00,352.00,99.00,1,0.0000,0.0000,inf,100.00,1.00,0.00,5.4471,5.4533,25.2669,127.12,28.12,27.12,52.7014,52.7614,5.5537,97.40,1.60,2.60,2.0671,2.0695,33.6829,98.68,0.32,1.32,36.3747,36.4161,8.7741,97.40,1.60,2.60,2.3419,2.3446,32.5988,100.00,1.00,0.00,35.6745,35.7151,8.9430,97.40,1.60,2.60,2.5200,2.5229,31.9620,100.00,1.00,0.00,2.4233,2.4260,32.3021,98.68,0.32,1.32
712,178,0,48,352.00,360.00,98.00,1,0.0000,0.0000,inf,98.04,0.04,0.00,4.4078,4.4113,27.1087,174.42,76.42,76.38,58.7446,58.7910,4.6138,97.40,0.60,0.64,2.7490,2.7512,31.2097,98.04,0.04,0.00,34.1168,34.1438,9.3338,96.15,1.85,1.89,2.9127,2.9150,30.7073,98.68,0.68,0.64,34.5479,34.5753,9.2247,96.15,1.85,1.89,3.0085,3.0109,30.4261,97.40,0.60,0.64,3.0243,3.0267,30.3807,98.68,0.68,0.64
713,178,1,48,360.00,368.00,98.00,1,0.0000,0.0000,inf,100.00,2.00,0.00,3.7071,3.7116,28.6087,101.35,3.35,1.35,59.4775,59.5506,4.5023,97.40,0.60,2.60,2.4252,2.4282,32.2943,100.00,2.00,0.00,33.7541,33.7956,9.4228,96.77,1.23,3.23,2.3865,2.3894,32.4341,100.00,2.00,0.00,33.4268,33.4679,9.5074,98.04,0.04,1.96,2.7425,2.7458,31.2265,100.00,2.00,0.00,2.3775,2.3804,32.4669,100.00,2.00,0.00
714,178,2,48,368.00,376.00,99.00,1,0.0000,0.0000,inf,98.68,0.32,0.00,4.0216,4.0221,27.9108,128.21,29.21,29.52,55.0361,55.0443,5.1857,95.54,3.46,3.14,2.0437,2.0440,33.7903,98.68,0.32,0.00,34.0234,34.0284,9.3632,97.40,1.60,1.28,2.2480,2.2484,32.9627,98.68,0.32,0.00,34.9390,34.9442,9.1325,94.94,4.06,3.75,2.3203,2.3206,32.6879,99.34,0.34,0.65,2.0885,2.0888,33.6020,98.68,0.32,0.00
715,178,3,48,376.00,384.00,98.00,1,0.0000,0.0000,inf,100.00,2.00,0.00,3.8463,3.8469,28.2979,102.04,4.04,2.04,59.0110,59.0198,4.5800,98.68,0.68,1.32,2.1589,2.1592,33.3141,100.00,2.00,0.00,30.3415,30.3461,10.3580,101.35,3.35,1.35,2.2341,2.2345,33.0166,100.00,2.00,0.00,31.9758,31.9806,9.9023,98.68,0.68,1.32,2.3907,2.3911,32.4280,99.34,1.34,0.66,2.2268,2.2272,33.0450,98.68,0.68,1.32
716,179,0,48,384.00,392.00,99.00,1,0.0000,0.0000,inf,98.68,0.32,0.00,4.0697,4.0722,27.8033,101.35,2.35,2.67,57.4547,57.4903,4.8081,96.77,2.23,1.91,2.4150,2.4165,32.3362,98.68,0.32,0.00,31.2026,31.2219,10.1108,98.04,0.96,0.64,2.5220,2.5236,31.9596,98.68,0.32,0.00,29.2945,29.3127,10.6589,96.77,2.23,1.91,2.5264,2.5280,31.9446,98.68,0.32,0.00,2.5572,2.5588,31.8392,98.68,0.32,0.00
717,179,1,48,392.00,400.00,99.00,1,0.0000,0.0000,inf,100.00,1.00,0.00,4.9429,4.9525,26.1036,100.00,1.00,0.00,56.8162,56.9263,4.8937,98.04,0.96,1.96,2.3034,2.3078,32.7359,101.35,2.35,1.35,31.6636,31.7249,9.9720,99.34,0.34,0.66,2.4539,2.4587,32.1859,100.00,1.00,0.00,31.3709,31.4317,10.0527,100.00,1.00,0.00,2.6129,2.6180,31.6407,100.00,1.00,0.00,2.5389,2.5438,31.8902,100.00,1.00,0.00
718,179,2,48,400.00,408.00,100.00,1,0.0000,0.0000,inf,101.35,1.35,0.00,4.9623,4.9668,26.0785,100.00,0.00,1.35,59.0887,59.1417,4.5621,98.68,1.32,2.67,2.3607,2.3628,32.5314,101.35,1.35,0.00,31.5811,31.6094,10.0037,100.67,0.67,0.68,2.2656,2.2676,32.8886,100.00,0.00,1.35,31.3791,31.4073,10.0594,99.34,0.66,2.01,2.6243,2.6266,31.6120,100.67,0.67,0.68,2.2962,2.2983,32.7720,100.67,0.67,0.68
719,179,3,48,408.00,416.00,100.00,1,0.0000,0.0000,inf,99.34,0.66,0.00,4.3053,4.3053,27.3200,128.21,28.21,28.87,61.1439,61.1439,4.2729,96.15,3.85,3.18,2.3024,2.3024,32.7565,100.00,0.00,0.66,34.8225,34.8225,9.1628,96.15,3.85,3.18,2.4514,2.4514,32.2118,99.34,0.66,0.00,36.3559,36.3559,8.7885,97.40,2.60,1.94,2.7772,2.7772,31.1278,99.34,0.66,0.00,2.5280,2.5280,31.9445,99.34,0.66,0.00
720,180,0,48,416.00,424.00,97.50,1,0.0000,0.0000,inf,98.68,1.18,0.00,4.2299,4.2299,27.4733,99.34,1.84,0.65,60.0215,60.0215,4.4339,96.77,0.73,1.91,2.1020,2.1020,33.5474,98.68,1.18,0.00,33.9736,33.9736,9.3772,96.77,0.73,1.91,2.1815,2.1815,33.2247,98.68,1.18,0.00,35.4450,35.4450,9.0089,96.15,1.35,2.53,2.5438,2.5438,31.8902,97.40,0.10,1.28,2.3231,2.3231,32.6786,97.40,0.10,1.28
721,180,1,48,424.00,432.00,98.00,1,0.0000,0.0000,inf,98.68,0.68,0.00,4.0671,4.0683,27.8118,100.00,2.00,1.32,57.0013,57.0169,4.8799,97.40,0.60,1.28,2.1225,2.1231,33.4607,100.00,2.00,1.32,32.4823,32.4912,9.7647,98.68,0.68,0.00,2.2835,2.2841,32.8255,100.00,2.00,1.32,32.8671,32.8761,9.6624,97.40,0.60,1.28,2.5820,2.5827,31.7584,100.00,2.00,1.32,2.2794,2.2800,32.8413,99.34,1.34,0.65
722,180,2,48,432.00,440.00,98.00,1,0.0000,0.0000,inf,100.00,2.00,0.00,4.0127,4.0411,27.8699,102.74,4.74,2.74,51.0418,51.4034,5.7802,98.68,0.68,1.32,1.9562,1.9700,34.1106,101.35,3.35,1.35,27.9134,28.1112,11.0224,100.00,2.00,0.00,2.0595,2.0741,33.6633,101.35,3.35,1.35,27.0873,27.2793,11.2833,100.67,2.67,0.67,2.1657,2.1810,33.2268,101.35,3.35,1.35,2.1209,2.1359,33.4084,101.35,3.35,1.35
723,180,3,48,440.00,448.00,103.00,1,0.0000,0.0000,inf,106.38,3.38,0.00,3.7277,3.7749,28.4618,107.14,4.14,0.76,19.5570,19.8047,14.0647,60.00,43.00,46.38,3.3317,3.3738,29.4375,107.14,4.14,0.76,15.9726,16.1748,15.8232,60.48,42.52,45.90,3.5834,3.6288,28.8048,106.38,3.38,0.00,15.3360,15.5301,16.1765,97.40,5.60,8.98,3.7474,3.7948,28.4162,107.14,4.14,0.76,3.2328,3.2737,29.6992,107.14,4.14,0.76
724,181,0,48,448.00,456.00,117.50,1,0.0000,0.0000,inf,120.97,3.47,0.00,5.8931,5.9508,24.5084,119.05,1.55,1.92,31.9901,32.3036,9.8150,120.97,3.47,0.00,5.8140,5.8710,24.6258,119.05,1.55,1.92,27.8518,28.1247,11.0182,119.05,1.55,1.92,6.0041,6.0630,24.3463,119.05,1.55,1.92,26.9881,27.2526,11.2918,117.19,0.31,3.78,6.0845,6.1441,24.2308,119.05,1.55,1.92,6.1149,6.1748,24.1876,120.00,2.50,0.97
725,181,1,48,456.00,464.00,119.50,1,0.0000,0.0000,inf,110.29,9.21,0.00,6.3979,6.3993,23.8774,110.29,9.21,0.00,49.4384,49.4490,6.1169,110.29,9.21,0.00,2.6929,2.6935,31.3938,110.29,9.21,0.00,22.6819,22.6867,12.8846,110.29,9.21,0.00,2.6857,2.6863,31.4170,110.29,9.21,0.00,21.7655,21.7701,13.2428,108.70,10.80,1.60,2.8643,2.8649,30.8577,110.29,9.21,0.00,2.8931,2.8937,30.7708,110.29,9.21,0.00
726,181,2,48,464.00,472.00,102.50,1,0.0000,0.0000,inf,108.70,6.20,0.00,7.4231,7.4250,22.5861,108.70,6.20,0.00,48.1294,48.1414,6.3496,108.70,6.20,0.00,2.8449,2.8456,30.9166,107.14,4.64,1.55,22.3454,22.3509,13.0141,110.29,7.79,1.60,2.6983,2.6990,31.3759,108.70,6.20,0.00,22.3771,22.3827,13.0018,110.29,7.79,1.60,2.6006,2.6012,31.6964,108.70,6.20,0.00,2.5754,2.5761,31.7808,108.70,6.20,0.00
727,181,3,48,472.00,480.00,108.00,1,0.0000,0.0000,inf,96.15,11.85,0.00,7.5277,7.5405,22.4520,96.77,11.23,0.62,39.9302,39.9980,7.9592,110.29,2.29,14.14,3.4655,3.4714,29.1900,96.15,11.85,0.00,18.7737,18.8056,14.5142,93.75,14.25,2.40,3.5375,3.5436,29.0112,96.15,11.85,0.00,17.9824,18.0130,14.8883,94.94,13.06,1.22,3.4002,3.4060,29.3550,96.15,11.85,0.00,3.3291,3.3347,29.5388,96.15,11.85,0.00
